Product Name,Discount_Amount,Brand,Discount rates,Brand_Normalized,Price,Ratings,Original Prices,Category,Discount_Rate_Calculated,Price_Band
Pampers Baby-Dry Pants Diaper - New Born,158.0,,15.0,,891.0,,1049.0,baby,15.06,"₹501–₹1,000"
"Mamaearth Complete Baby Care Kit with Baby Lotion, Sham...",216.0,,18.0,,979.0,,1195.0,baby,18.08,"₹501–₹1,000"
Billion Extra Absorb Diaper Pants - M,326.0,,33.0,,649.0,,975.0,baby,33.44,"₹501–₹1,000"
Himalaya Total Care Baby Pants - XL,213.0,,25.0,,637.0,,850.0,baby,25.06,"₹501–₹1,000"
MamyPoko Pants Extra Absorb Diapers - L,345.0,,23.0,,1154.0,,1499.0,baby,23.02,"₹1,001–₹5,000"
MamyPoko Pants Standard Diapers - S,40.0,,10.0,,359.0,,399.0,baby,10.03,<=₹500
MamyPoko Pants Extra Absorb Diapers - XL,460.0,,23.0,,1538.0,,1998.0,baby,23.02,"₹1,001–₹5,000"
MamyPoko Pants Standard Diapers - L,40.0,,10.0,,359.0,,399.0,baby,10.03,<=₹500
"Little's Soft Cleansing Baby Wipes with Aloe Vera, Jojo...",651.0,,60.0,,429.0,,1080.0,baby,60.28,<=₹500
MamyPoko Pants Extra Absorb Diapers - M,345.0,,23.0,,1154.0,,1499.0,baby,23.02,"₹1,001–₹5,000"
Huggies Wonder Pants Diaper - L,262.0,,24.0,,787.0,,1049.0,baby,24.98,"₹501–₹1,000"
Pampers Baby-Dry Pants Diaper - XL,165.0,,15.0,,934.0,,1099.0,baby,15.01,"₹501–₹1,000"
MamyPoko Pants Extra Absorb Diapers - XXL,36.0,,7.0,,463.0,,499.0,baby,7.21,<=₹500
Pampers Active Baby Diapers - New Born,27.0,,2.0,,972.0,,999.0,baby,2.7,"₹501–₹1,000"
MamyPoko Pants Extra Absorb Diapers - L,460.0,,23.0,,1538.0,,1998.0,baby,23.02,"₹1,001–₹5,000"
MamyPoko Pants Standard Diapers - M,40.0,,10.0,,359.0,,399.0,baby,10.03,<=₹500
"Little's Soft Cleansing Baby Wipes with Aloe Vera, Jojo...",315.0,,58.0,,225.0,,540.0,baby,58.33,<=₹500
Billion Extra Absorb Diaper Pants - S,326.0,,33.0,,649.0,,975.0,baby,33.44,"₹501–₹1,000"
Pampers Baby-Dry Pants Diaper - M,176.0,,16.0,,873.0,,1049.0,baby,16.78,"₹501–₹1,000"
Pampers Baby-Dry Pants Diaper - S,165.0,,15.0,,934.0,,1099.0,baby,15.01,"₹501–₹1,000"
MamyPoko Pants Extra Absorb Diapers - New Born,230.0,,23.0,,769.0,,999.0,baby,23.02,"₹501–₹1,000"
MamyPoko Pants Extra Absorb Diapers - M,460.0,,23.0,,1538.0,,1998.0,baby,23.02,"₹1,001–₹5,000"
Johnson's Baby Skincare Wipes,300.0,,25.0,,900.0,,1200.0,baby,25.0,"₹501–₹1,000"
Pampers Pants Diapers Monthly Box Pack New - M,420.0,,20.0,,1679.0,,2099.0,baby,20.01,"₹1,001–₹5,000"
Pampers New Extra Large Size Diapers Pants (28 Count) -...,77.0,,11.0,,622.0,,699.0,baby,11.02,"₹501–₹1,000"
MamyPoko Pants Standard Diapers - XL,40.0,,10.0,,359.0,,399.0,baby,10.03,<=₹500
Himalaya Happy Baby Gift Pack,285.0,,30.0,,665.0,,950.0,baby,30.0,"₹501–₹1,000"
Huggies Wonder Pants Diaper - XXL,75.0,,15.0,,424.0,,499.0,baby,15.03,<=₹500
Himalaya Total Care Baby Pants - L,200.0,,25.0,,600.0,,800.0,baby,25.0,"₹501–₹1,000"
"LuvLap Baby Moisturising Wipes with Aloe Vera, 72 Wipes...",78.0,,26.0,,219.0,,297.0,baby,26.26,<=₹500
Billion Extra Absorb Diaper Pants - L,326.0,,33.0,,649.0,,975.0,baby,33.44,"₹501–₹1,000"
Huggies Wonder Pants Diaper - XS,30.0,,15.0,,169.0,,199.0,baby,15.08,<=₹500
Pampers Baby-Dry Pants Diaper - L,208.0,,18.0,,891.0,,1099.0,baby,18.93,"₹501–₹1,000"
Miss & Chief Baby Playpen Bassinet,1500.0,,33.0,,2999.0,,4499.0,baby,33.34,"₹1,001–₹5,000"
Huggies Wonder Pants Medium Size Diapers Combo Pack Of ...,323.0,,23.0,,1075.0,,1398.0,baby,23.1,"₹1,001–₹5,000"
Huggies Wonder Pants Diaper - M,262.0,,24.0,,787.0,,1049.0,baby,24.98,"₹501–₹1,000"
Pampers Pants Diapers Monthly Box Pack New - XL,440.0,,20.0,,1759.0,,2199.0,baby,20.01,"₹1,001–₹5,000"
Pampers Baby-Dry Pants Diaper - M,81.0,,11.0,,618.0,,699.0,baby,11.59,"₹501–₹1,000"
Billion Extra Absorb Diaper Pants - XL,326.0,,33.0,,649.0,,975.0,baby,33.44,"₹501–₹1,000"
"Mamaearth Natural Anti Mosquito Body Roll On, 40ml",4.0,,4.0,,95.0,,99.0,baby,4.04,<=₹500
Himalaya Gentle Baby Soap,5.0,,10.0,,43.0,,48.0,baby,10.42,<=₹500
Himalaya Massage Oil,45.0,,12.0,,330.0,,375.0,baby,12.0,<=₹500
MamyPoko Extra Absorb Diaper - XL,270.0,,18.0,,1229.0,,1499.0,baby,18.01,"₹1,001–₹5,000"
Huggies Wonder pants - XL,286.0,,27.0,,763.0,,1049.0,baby,27.26,"₹501–₹1,000"
Odomos Naturals Mosquito Repellent Spray,5.0,,5.0,,80.0,,85.0,baby,5.88,<=₹500
MamyPoko Pants Extra Absorb Diapers - New Born,161.0,,23.0,,538.0,,699.0,baby,23.03,"₹501–₹1,000"
Nestle Nan Pro 2 Follow-up Formula Powder Stage 2,0.0,,0.0,,590.0,,590.0,baby,0.0,"₹501–₹1,000"
Himalaya Total Care Baby Pants - M,188.0,,25.0,,562.0,,750.0,baby,25.07,"₹501–₹1,000"
MamyPoko Pants Extra Absorb Diapers - M,42.0,,6.0,,657.0,,699.0,baby,6.01,"₹501–₹1,000"
Dabur Lal Tail,1.0,,1.0,,99.0,,100.0,baby,1.0,<=₹500
Nestle Lactogen Follow-up-Formula (Stage 3),0.0,,0.0,,300.0,,300.0,baby,0.0,<=₹500
Pampers New Large Size Diapers Pants (44 Count) - L,82.0,,11.0,,617.0,,699.0,baby,11.73,"₹501–₹1,000"
Huggies Wonder Pants Diapers - M,586.0,,27.0,,1513.0,,2099.0,baby,27.92,"₹1,001–₹5,000"
Himalaya GENTLE BABY SHAMPOO Baby Boys & Baby Girls,5.0,,5.0,,80.0,,85.0,baby,5.88,<=₹500
Pampers Pants Diapers Monthly Box Pack New - L,440.0,,20.0,,1759.0,,2199.0,baby,20.01,"₹1,001–₹5,000"
Mamaearth 100 Percent Natural Berry Blast Kids Toothpas...,8.0,,5.0,,141.0,,149.0,baby,5.37,<=₹500
MamyPoko Pants Extra Absorb Diapers - XXXL,22.0,,7.0,,277.0,,299.0,baby,7.36,<=₹500
Nestle Cerelac 5 Grains & Fruits Cereal,0.0,,0.0,,262.0,,262.0,baby,0.0,<=₹500
Johnson's Baby Soap (with New Easy Grip Shape) (Buy 3 G...,34.0,,13.0,,221.0,,255.0,baby,13.33,<=₹500
Himalaya Gentle Baby Shampoo pack Baby Boys & Baby Girl...,22.0,,8.0,,253.0,,275.0,baby,8.0,<=₹500
Nestle Lactogen Follow-up-Formula (Stage 2),0.0,,0.0,,315.0,,315.0,baby,0.0,<=₹500
Huggies Wonder Pants - L,531.0,,25.0,,1568.0,,2099.0,baby,25.3,"₹1,001–₹5,000"
Huggies Wonder Pants - M,125.0,,17.0,,574.0,,699.0,baby,17.88,"₹501–₹1,000"
Huggies Extra Large Size Wonder Pants 76 (38 X 2) - XL,292.0,,20.0,,1106.0,,1398.0,baby,20.89,"₹1,001–₹5,000"
MamyPoko Pants Standard Diapers - XL,48.0,,6.0,,750.0,,798.0,baby,6.02,"₹501–₹1,000"
Himalaya Total Care - M,316.0,,30.0,,734.0,,1050.0,baby,30.1,"₹501–₹1,000"
MamyPoko Pants Extra Absorb Diapers - S,460.0,,23.0,,1538.0,,1998.0,baby,23.02,"₹1,001–₹5,000"
Himalaya Baby Lotion 400 ml,22.0,,8.0,,253.0,,275.0,baby,8.0,<=₹500
Huggies Dry pants Small - S,35.0,,10.0,,314.0,,349.0,baby,10.03,<=₹500
Billion Extra Absorb Diaper Pants - XL,211.0,,28.0,,519.0,,730.0,baby,28.9,"₹501–₹1,000"
Nestle Cerelac Multigrain & Fruits Cereal,0.0,,0.0,,257.0,,257.0,baby,0.0,<=₹500
Johnson's Baby No More Tears Shampoo 200 ml Baby Boys &...,9.0,,5.0,,156.0,,165.0,baby,5.45,<=₹500
Oral-B Kids Soft Toothbrush,0.0,,0.0,,50.0,,50.0,baby,0.0,<=₹500
Johnson's Baby No More Tears Shampoo 500 ml Baby Boys &...,66.0,,18.0,,294.0,,360.0,baby,18.33,<=₹500
Nestle Lactogen Infant Formula (Stage 1),0.0,,0.0,,325.0,,325.0,baby,0.0,<=₹500
Little's Soft Cleansing Baby Wipes,90.0,,50.0,,90.0,,180.0,baby,50.0,<=₹500
Huggies Wonder pants - S,232.0,,22.0,,817.0,,1049.0,baby,22.12,"₹501–₹1,000"
Nestle Cerelac Wheat Apple Cherry Cereal,0.0,,0.0,,220.0,,220.0,baby,0.0,<=₹500
Huggies Wonder Pants - XL,112.0,,16.0,,587.0,,699.0,baby,16.02,"₹501–₹1,000"
Johnson's Baby Powder,2.0,,1.0,,128.0,,130.0,baby,1.54,<=₹500
Huggies Wonder Pants Diaper - L,89.0,,17.0,,410.0,,499.0,baby,17.84,<=₹500
Colgate Kids Minion Extra Soft Toothbrush,8.0,,10.0,,71.0,,79.0,baby,10.13,<=₹500
Johnson's Baby Ultra Soft Toothbrush,0.0,,0.0,,33.0,,33.0,baby,0.0,<=₹500
LuvLap Baby liquid Cleanser 1000 ml,204.0,,37.0,,345.0,,549.0,baby,37.16,<=₹500
"Little's Soft Cleansing Baby Wipes with Aloe Vera, Jojo...",195.0,,54.0,,165.0,,360.0,baby,54.17,<=₹500
Billion Extra Absorb Diaper Pants - S,211.0,,28.0,,519.0,,730.0,baby,28.9,"₹501–₹1,000"
Pampers New Extra Large Size Diapers Pants (36 Count) -...,49.0,,7.0,,650.0,,699.0,baby,7.01,"₹501–₹1,000"
MamyPoko Pants Extra Absorb Diapers - XL,42.0,,6.0,,657.0,,699.0,baby,6.01,"₹501–₹1,000"
Little Angel Baby Diaper Pants - M,799.0,,39.0,,1199.0,,1998.0,baby,39.99,"₹1,001–₹5,000"
Mamaearth Moisturizing Baby Bathing Soap Bar pH 5.5 wit...,25.0,,10.0,,224.0,,249.0,baby,10.04,<=₹500
Johnson's Baby Oil with Vitamin E,36.0,,10.0,,324.0,,360.0,baby,10.0,<=₹500
Himalaya baby cream extra soft and gentle,15.0,,6.0,,220.0,,235.0,baby,6.38,<=₹500
Himalaya Baby Massage Oil,17.0,,10.0,,148.0,,165.0,baby,10.3,<=₹500
Billion Extra Absorb Diaper Pants - L,101.0,,19.0,,419.0,,520.0,baby,19.42,<=₹500
SYGA Manual Breast Pump with Nipple  - Manual,521.0,,61.0,,329.0,,850.0,baby,61.29,<=₹500
Huggies Wonder Pants Diaper - S,112.0,,16.0,,587.0,,699.0,baby,16.02,"₹501–₹1,000"
Pampers Active Baby Taped Diapers - M,179.0,,17.0,,870.0,,1049.0,baby,17.06,"₹501–₹1,000"
Nestle Cerelac Wheat Apple Cereal,0.0,,0.0,,190.0,,190.0,baby,0.0,<=₹500
Himalaya Happy Baby Care Gift Pack,10.0,,5.0,,190.0,,200.0,baby,5.0,<=₹500
Pampers New Small Size Diapers Pants (58 Count) - S,82.0,,11.0,,617.0,,699.0,baby,11.73,"₹501–₹1,000"
Mogal enterprise Baby Swimming 13 Pcs Sounding Bath Toy...,0.0,,0.0,,299.0,,299.0,baby,0.0,<=₹500
Nestle Cerelac Multi Grain Dal Veg Cereal,0.0,,0.0,,257.0,,257.0,baby,0.0,<=₹500
Pampers Premium Care Pants Diapers - M,192.0,,18.0,,857.0,,1049.0,baby,18.3,"₹501–₹1,000"
Pampers Premium Care Pants Diapers Monthly Box Pack - X...,420.0,,20.0,,1679.0,,2099.0,baby,20.01,"₹1,001–₹5,000"
Pampers Baby-Dry Diapers - L,34.0,,3.0,,915.0,,949.0,baby,3.58,"₹501–₹1,000"
MeeMee Anti Bacterial Caring Baby Wet Wipes with Aloe V...,225.0,,34.0,,420.0,,645.0,baby,34.88,<=₹500
Himalaya Happy baby gift pack,92.0,,19.0,,378.0,,470.0,baby,19.57,<=₹500
"Pampers New Diapers Pants, Small, 36 Count - S",20.0,,5.0,,379.0,,399.0,baby,5.01,<=₹500
Himalaya Baby powder,4.0,,6.0,,61.0,,65.0,baby,6.15,<=₹500
Pampers Active Baby Diapers Taped Large Size,75.0,,5.0,,1424.0,,1499.0,baby,5.0,"₹1,001–₹5,000"
Johnson's Baby Powder( 400g) with Baby Soap(100 g),39.0,,15.0,,219.0,,258.0,baby,15.12,<=₹500
Miss & Chief Bed Protector Sheet- Waterproof & Reusable,215.0,,43.0,,284.0,,499.0,baby,43.09,<=₹500
Huggies Small Size Wonder Pants120 ( 60 X 2) - S,289.0,,20.0,,1109.0,,1398.0,baby,20.67,"₹1,001–₹5,000"
Huggies Wonder Pants - XL,315.0,,15.0,,1784.0,,2099.0,baby,15.01,"₹1,001–₹5,000"
Himalaya Diaper Rash Cream,6.0,,5.0,,104.0,,110.0,baby,5.45,<=₹500
Pampers Premium Care Pants - XL,227.0,,21.0,,822.0,,1049.0,baby,21.64,"₹501–₹1,000"
MeeMee Anti Bacterial Caring Baby Wet Wipes with Lemon ...,124.0,,25.0,,371.0,,495.0,baby,25.05,<=₹500
Amulspray Infant Milk Food,0.0,,0.0,,197.0,,197.0,baby,0.0,<=₹500
Little Angel Baby Diaper Pants (2 x 42 Pcs) - XL,518.0,,37.0,,880.0,,1398.0,baby,37.05,"₹501–₹1,000"
"MamyPoko Extra Absorb Diaper - Small Size, Pack of 126 ...",270.0,,18.0,,1229.0,,1499.0,baby,18.01,"₹1,001–₹5,000"
Pampers Active Baby Diapers - New Born,17.0,,4.0,,332.0,,349.0,baby,4.87,<=₹500
Pampers New Extra Extra Extra Large Size Diapers Pants ...,158.0,,15.0,,891.0,,1049.0,baby,15.06,"₹501–₹1,000"
Little Angel Baby Diaper Pants - L,799.0,,39.0,,1199.0,,1998.0,baby,39.99,"₹1,001–₹5,000"
Little's Soft Cleansing Baby Lid Pack of 6,695.0,,58.0,,499.0,,1194.0,baby,58.21,<=₹500
Mamaearth Gentle Cleansing Shampoo for Babies (400 ml) ...,48.0,,12.0,,351.0,,399.0,baby,12.03,<=₹500
Nestle Nan Pro Follow-up-Formula (Stage 4),0.0,,0.0,,580.0,,580.0,baby,0.0,"₹501–₹1,000"
Pampers Baby-Dry Pants Diapers - XXL,25.0,,5.0,,474.0,,499.0,baby,5.01,<=₹500
Sebamed Baby Cleansing Bar (150 g),1.0,,0.0,,379.0,,380.0,baby,0.26,<=₹500
Pampers Pants Diapers - XS,10.0,,5.0,,189.0,,199.0,baby,5.03,<=₹500
Nestle Cerelac Wheat Cereal,0.0,,0.0,,180.0,,180.0,baby,0.0,<=₹500
MamyPoko Pants Extra Absorb Diapers - L,36.0,,7.0,,463.0,,499.0,baby,7.21,<=₹500
Johnson's Baby Cream,2.0,,1.0,,128.0,,130.0,baby,1.54,<=₹500
Huggies Wonder Pants - S,384.0,,19.0,,1615.0,,1999.0,baby,19.21,"₹1,001–₹5,000"
Nestle Cerelac Rice Cereal,0.0,,0.0,,182.0,,182.0,baby,0.0,<=₹500
Pampers Premium Care Pants Diapers Monthly Box Pack - L,420.0,,20.0,,1679.0,,2099.0,baby,20.01,"₹1,001–₹5,000"
"Pampers New Diaper Pants Super Value Box, Large (Pack o...",615.0,,20.0,,2384.0,,2999.0,baby,20.51,"₹1,001–₹5,000"
"TOPHAVEN Baby Knee Pads for Crawling,Comfortable Knee C...",412.0,,68.0,,187.0,,599.0,baby,68.78,<=₹500
Johnson's Skincare Wipes 80s (Pack of 3),104.0,,15.0,,586.0,,690.0,baby,15.07,"₹501–₹1,000"
MamyPoko Pants Extra Absorb Diapers - S,51.0,,7.0,,648.0,,699.0,baby,7.3,"₹501–₹1,000"
Nestle Nestum Rice Fruits Cereal,0.0,,0.0,,177.0,,177.0,baby,0.0,<=₹500
IM ENTERPRISE Colorful Floating Baby Bath Aquatic Anima...,700.0,,70.0,,299.0,,999.0,baby,70.07,<=₹500
Miss & Chief Bed Protector Sheet- Waterproof & Reusable,251.0,,35.0,,448.0,,699.0,baby,35.91,<=₹500
Huggies Ultra soft - XS,50.0,,15.0,,265.0,,315.0,baby,15.87,<=₹500
TEMSON Baby Bath Tub/Pool - 2 FT Bath Toy,200.0,,40.0,,299.0,,499.0,baby,40.08,<=₹500
Huggies Dry pants Large - L,30.0,,15.0,,169.0,,199.0,baby,15.08,<=₹500
Himalaya GENTLE BABY SOAP VALUE PACK,0.0,,0.0,,132.0,,132.0,baby,0.0,<=₹500
Himalaya Baby Lotion,8.0,,5.0,,137.0,,145.0,baby,5.52,<=₹500
Indus Valley BIO Organic Extra Virgin Coconut Oil,30.0,,12.0,,219.0,,249.0,baby,12.05,<=₹500
Pampers Premium Care Pant Style Diapers Small Size - 70...,158.0,,15.0,,891.0,,1049.0,baby,15.06,"₹501–₹1,000"
Pampers Premium Care Pants Diapers Monthly Box Pack - M,420.0,,20.0,,1679.0,,2099.0,baby,20.01,"₹1,001–₹5,000"
Wishkey Baby Bath Toys-Set Of 14 For Boys Girls Kids Ba...,60.0,,15.0,,319.0,,379.0,baby,15.83,<=₹500
Nestle Cerelac Wheat - Rice Mixed Fruit Cereal,0.0,,0.0,,242.0,,242.0,baby,0.0,<=₹500
Enfamil A Plus Stage 1 Infant Formula,0.0,,0.0,,715.0,,715.0,baby,0.0,"₹501–₹1,000"
Brandonn Solid Single Hooded Baby Blanket,901.0,,75.0,,299.0,,1200.0,baby,75.08,<=₹500
Huggies Wonder Pants Diaper - S,89.0,,17.0,,410.0,,499.0,baby,17.84,<=₹500
Himalaya Baby Cream,7.0,,5.0,,121.0,,128.0,baby,5.47,<=₹500
Philips Avent NATURAL 2.0 BOTTLE 260ml Single - 260 ml,0.0,,0.0,,495.0,,495.0,baby,0.0,<=₹500
Little Angel Baby Diaper - XL,799.0,,39.0,,1199.0,,1998.0,baby,39.99,"₹1,001–₹5,000"
"Mamaearth Gentle Cleansing Baby Shampoo : New borns, ba...",16.0,,8.0,,183.0,,199.0,baby,8.04,<=₹500
"LuvLap Baby Moisturising Wipes with Aloe Vera,72 Wipes/...",90.0,,26.0,,255.0,,345.0,baby,26.09,<=₹500
Nestle Cerelac Rice Vegetables Cereal,0.0,,0.0,,235.0,,235.0,baby,0.0,<=₹500
Johnson's Baby Hair Oil,23.0,,10.0,,207.0,,230.0,baby,10.0,<=₹500
MamyPoko Pants Standard Diapers - S,4.0,,2.0,,191.0,,195.0,baby,2.05,<=₹500
Huggies Dry pants Medium - M,52.0,,14.0,,297.0,,349.0,baby,14.9,<=₹500
Johnson's Baby No More Tears Shampoo Baby Boys & Baby G...,2.0,,1.0,,163.0,,165.0,baby,1.21,<=₹500
Little Angel Baby Diaper Pants (2 x 56 Pcs) - M,518.0,,37.0,,880.0,,1398.0,baby,37.05,"₹501–₹1,000"
Himalaya Total Care Baby Pants CMB(M) 4NX28'S - M,560.0,,35.0,,1040.0,,1600.0,baby,35.0,"₹1,001–₹5,000"
Mamaearth Daily Moisturizing Lotion (400 ml) …,48.0,,12.0,,351.0,,399.0,baby,12.03,<=₹500
Nestle Nestum Rice (Stage 1) Cereal,0.0,,0.0,,137.0,,137.0,baby,0.0,<=₹500
MamyPoko Pants Extra Absorb Diapers - New Born,22.0,,7.0,,277.0,,299.0,baby,7.36,<=₹500
Himalaya Gentle Baby Laundry Wash 500 ml (Pouch) Liquid...,49.0,,20.0,,196.0,,245.0,baby,20.0,<=₹500
MamyPoko Pants Extra Absorb Diapers - XXL,20.0,,7.0,,255.0,,275.0,baby,7.27,<=₹500
Nestle Cerelac Wheat Honey Dates Cereal,0.0,,0.0,,242.0,,242.0,baby,0.0,<=₹500
Huggies Wonder pants - XL,192.0,,12.0,,1407.0,,1599.0,baby,12.01,"₹1,001–₹5,000"
Pampers Baby Taped Diapers - M,150.0,,15.0,,849.0,,999.0,baby,15.02,"₹501–₹1,000"
Vasundhara Mart 12 Pics Chuchu M Bath Toy,300.0,,50.0,,299.0,,599.0,baby,50.08,<=₹500
Huggies Dry pants- XL - XL,56.0,,16.0,,293.0,,349.0,baby,16.05,<=₹500
"Sebamed Baby Lotion, 400ml",89.0,,7.0,,1094.0,,1183.0,baby,7.52,"₹1,001–₹5,000"
Aptamil Infant Formula (Stage 1),0.0,,0.0,,705.0,,705.0,baby,0.0,"₹501–₹1,000"
Johnson's Baby Soap with Baby Lotion & Vitamin E,0.0,,0.0,,58.0,,58.0,baby,0.0,<=₹500
"Lifekrafts Baby Silicone Finger Toothbrush , Baby Finge...",71.0,,35.0,,128.0,,199.0,baby,35.68,<=₹500
"Mamaearth Natural Anti Mosquito Body Roll On, 40ml (Pac...",16.0,,8.0,,182.0,,198.0,baby,8.08,<=₹500
Pampers Premium Care Pants - XS,24.0,,8.0,,275.0,,299.0,baby,8.03,<=₹500
Always Sporty BABY POOL 2FT,715.0,,71.0,,284.0,,999.0,baby,71.57,<=₹500
MamyPoko Pants - M,22.0,,2.0,,977.0,,999.0,baby,2.2,"₹501–₹1,000"
Pampers Active Baby Diapers - M,15.0,,1.0,,1034.0,,1049.0,baby,1.43,"₹1,001–₹5,000"
Huggies Wonder Pants - M,41.0,,14.0,,234.0,,275.0,baby,14.91,<=₹500
Huggies Ultra soft - XS,101.0,,16.0,,529.0,,630.0,baby,16.03,"₹501–₹1,000"
"Mamaearth Talc Free Organic Dusting Powder for Babies, ...",16.0,,8.0,,183.0,,199.0,baby,8.04,<=₹500
Nestle Cerelac Wheat Orange Cereal,0.0,,0.0,,231.0,,231.0,baby,0.0,<=₹500
MamyPoko Pants Extra Absorb Diapers - XL,419.0,,15.0,,2371.0,,2790.0,baby,15.02,"₹1,001–₹5,000"
Nestle Nan Excella Pro Follow-up Formula-powder (Stage ...,0.0,,0.0,,710.0,,710.0,baby,0.0,"₹501–₹1,000"
LuvLap Hippo Spout 225ml,74.0,,27.0,,191.0,,265.0,baby,27.92,<=₹500
Fashion Huts Nylon Infants Baby Bedding with Mosquitoes...,126.0,,31.0,,274.0,,400.0,baby,31.5,<=₹500
Himalaya Gentle Baby Laundry Wash 1 Ltr (Bottle) Liquid...,149.0,,30.0,,346.0,,495.0,baby,30.1,<=₹500
LWF 12 Piece Chu Chu Bath Toy Animal Shape BPA Free 100...,700.0,,70.0,,299.0,,999.0,baby,70.07,<=₹500
Naughty Kidz Star Shaped Baby Food Feeder||Fruit Feeder...,311.0,,62.0,,189.0,,500.0,baby,62.2,<=₹500
Pigeon Strawberry Children Toothpaste,25.0,,15.0,,140.0,,165.0,baby,15.15,<=₹500
MamyPoko Pants Extra Absorb Diapers - XL,207.0,,12.0,,1492.0,,1699.0,baby,12.18,"₹1,001–₹5,000"
"Pampers New Diapers Pants, Medium, 28 Count - M",24.0,,6.0,,375.0,,399.0,baby,6.02,<=₹500
Himalaya Soothing Baby Wipes,19.0,,10.0,,165.0,,184.0,baby,10.33,<=₹500
Himalaya Extra Moisturizing baby wash 200 ml,8.0,,5.0,,142.0,,150.0,baby,5.33,<=₹500
MMShopy Fruit and Food Nibbler & Feeding Pacifier DD Fe...,311.0,,62.0,,188.0,,499.0,baby,62.32,<=₹500
Sebamed Baby Wash Extra Soft 400ml,30.0,,3.0,,820.0,,850.0,baby,3.53,"₹501–₹1,000"
"Pampers Premium Care Super Value box pack, Large (Pack ...",630.0,,20.0,,2519.0,,3149.0,baby,20.01,"₹1,001–₹5,000"
Sebamed kids Cleansing bar for delicate skin - Pack of ...,10.0,,3.0,,255.0,,265.0,baby,3.77,<=₹500
Himalaya Gentle Baby Laundry Wash 1 Ltr (Pouch) Liquid ...,128.0,,30.0,,297.0,,425.0,baby,30.12,<=₹500
SSS - Automatic Toothpaste Dispenser with 5 Toothbrush ...,200.0,,50.0,,199.0,,399.0,baby,50.13,<=₹500
LuvLap Liquid cleanser bottle 1.5 ltr,235.0,,35.0,,434.0,,669.0,baby,35.13,<=₹500
LuvLap Breast Pump  - Manual,200.0,,25.0,,599.0,,799.0,baby,25.03,"₹501–₹1,000"
Huggies Dry pants- Medium - M,363.0,,22.0,,1217.0,,1580.0,baby,22.97,"₹1,001–₹5,000"
Himalaya Babycare Gift Pack of 4,10.0,,5.0,,185.0,,195.0,baby,5.13,<=₹500
Nestle Nan Excella Pro Infant Formula Powder (Stage 1),0.0,,0.0,,730.0,,730.0,baby,0.0,"₹501–₹1,000"
Billion Extra Absorb Diaper Pants - M,41.0,,15.0,,219.0,,260.0,baby,15.77,<=₹500
Nestle Nan Pro 1 Infant Formula Powder,0.0,,0.0,,599.0,,599.0,baby,0.0,"₹501–₹1,000"
Himalaya Refreshing Baby Wash,5.0,,5.0,,80.0,,85.0,baby,5.88,<=₹500
Beautiq Baby Collections Complete Stainless Steel Feedi...,0.0,,0.0,,400.0,,400.0,baby,0.0,<=₹500
"kakustore Baby Crawling Anti-Slip Knee, Unisex Baby Tod...",824.0,,82.0,,175.0,,999.0,baby,82.48,<=₹500
Johnson's Baby Oil with Vitamin E,0.0,,0.0,,105.0,,105.0,baby,0.0,<=₹500
Johnson's Active Kids Clean & Fresh Shampoo Baby Boys &...,1.0,,1.0,,99.0,,100.0,baby,1.0,<=₹500
Himalaya Total Care Baby Pants - L,64.0,,15.0,,361.0,,425.0,baby,15.06,<=₹500
Huggies Wonder pants - S,345.0,,23.0,,1154.0,,1499.0,baby,23.02,"₹1,001–₹5,000"
MamyPoko Pants Extra Absorb Diapers - S,36.0,,7.0,,463.0,,499.0,baby,7.21,<=₹500
"Pigeon COTTON BALLS, 100PCS/PACK PSH",28.0,,14.0,,167.0,,195.0,baby,14.36,<=₹500
Billion Extra Absorb Diaper Pants - S,41.0,,15.0,,219.0,,260.0,baby,15.77,<=₹500
Miss & Chief Bed Protector Sheet- Waterproof & Reusable,224.0,,56.0,,175.0,,399.0,baby,56.14,<=₹500
Fareto Baby Hosiery Single Layer Cotton Cloth Tying Kno...,649.0,,64.0,,350.0,,999.0,baby,64.96,<=₹500
MamyPoko Wipes with Green Tea Essence,26.0,,8.0,,294.0,,320.0,baby,8.12,<=₹500
MamyPoko Pants Extra Absorb Diapers - S,150.0,,10.0,,1349.0,,1499.0,baby,10.01,"₹1,001–₹5,000"
MamyPoko Pants Extra Absorb Diapers - New Born,0.0,,0.0,,99.0,,99.0,baby,0.0,<=₹500
MamyPoko Pants Extra Absorb Diapers - S,44.0,,4.0,,955.0,,999.0,baby,4.4,"₹501–₹1,000"
LuvLap Pizza Pie design Silicone Teether Teether,44.0,,17.0,,205.0,,249.0,baby,17.67,<=₹500
BELLA COTTON BUDS WITH ALOE VERA EXTRACT PLASTIC BOX,2.0,,1.0,,127.0,,129.0,baby,1.55,<=₹500
Huggies Wonder pants - L,368.0,,23.0,,1231.0,,1599.0,baby,23.01,"₹1,001–₹5,000"
Similac Follow-up Formula (Stage 2),0.0,,0.0,,345.0,,345.0,baby,0.0,<=₹500
LuvLap Breast Pads - 24's Pack,45.0,,25.0,,134.0,,179.0,baby,25.14,<=₹500
Everything Imported Best Safe Shampoo Bathing Protect S...,155.0,,51.0,,145.0,,300.0,baby,51.67,<=₹500
Adore Supreme 5Pcs Baby Milk Bottle Nipple Straw Brush ...,0.0,,0.0,,249.0,,249.0,baby,0.0,<=₹500
Futaba Adjustable Baby Shower Cap,397.0,,79.0,,102.0,,499.0,baby,79.56,<=₹500
Himalaya Gentle Baby Wipes,1.0,,1.0,,78.0,,79.0,baby,1.27,<=₹500
Huggies Dry pants Small - S,2.0,,2.0,,97.0,,99.0,baby,2.02,<=₹500
Johnson's New Cream 100gm (Pack of 2),14.0,,5.0,,256.0,,270.0,baby,5.19,<=₹500
Huggies Dry - L,75.0,,15.0,,395.0,,470.0,baby,15.96,<=₹500
Himalaya Gentle Baby Soap 6N X 75G,22.0,,8.0,,242.0,,264.0,baby,8.33,<=₹500
Croox Baby's BPA-Free Silicone Food Nibbler for Fruit a...,210.0,,52.0,,189.0,,399.0,baby,52.63,<=₹500
Odomos Naturals Non Sticky Mosquito Repellent Cream,5.0,,5.0,,87.0,,92.0,baby,5.43,<=₹500
"Little Angel Baby Diaper Pants, Extra Large (6 X Pack o...",1764.0,,42.0,,2430.0,,4194.0,baby,42.06,"₹1,001–₹5,000"
Dexolac Premium 2 Follow-Up Formula (After 6 Months) Ti...,0.0,,0.0,,515.0,,515.0,baby,0.0,"₹501–₹1,000"
Pigeon Peristaltic Nipple 2 Pc L Size Fast Flow Nipple,0.0,,0.0,,190.0,,190.0,baby,0.0,<=₹500
Johnson's Baby No More Tears Shampoo 100 ml Baby Boys &...,0.0,,0.0,,87.0,,87.0,baby,0.0,<=₹500
Billion Extra Absorb Diaper Pants - M,101.0,,19.0,,419.0,,520.0,baby,19.42,<=₹500
Johnson's Baby No more Tears Shampoo with Hair oil,53.0,,12.0,,382.0,,435.0,baby,12.18,<=₹500
Nestle Nan Excella Pro Follow-up Formula-powder (Stage ...,0.0,,0.0,,720.0,,720.0,baby,0.0,"₹501–₹1,000"
Pampers Pant Style Diapers New Born - 62 Pieces - XS,49.0,,7.0,,650.0,,699.0,baby,7.01,"₹501–₹1,000"
"LuvLap Baby 99% Pure Water Wipes, 72 wipes/pack, Pack o...",210.0,,28.0,,540.0,,750.0,baby,28.0,"₹501–₹1,000"
MamyPoko Pants Extra Absorb Diapers - L,420.0,,15.0,,2379.0,,2799.0,baby,15.01,"₹1,001–₹5,000"
Dabur Amla Kids Nourishing Hair Oil,15.0,,12.0,,105.0,,120.0,baby,12.5,<=₹500
Pigeon Baby Powder With Fragrance,75.0,,25.0,,224.0,,299.0,baby,25.08,<=₹500
Enfamil A Plus Follow-up Formula Stage 2,0.0,,0.0,,715.0,,715.0,baby,0.0,"₹501–₹1,000"
Manzon Girls Casual Dress Panty,720.0,,65.0,,379.0,,1099.0,baby,65.51,<=₹500
1st Step Powder Box - Blue,0.0,,0.0,,159.0,,159.0,baby,0.0,<=₹500
Chartbusters New Born Baby Cotton Hosiery Padded Premiu...,240.0,,48.0,,259.0,,499.0,baby,48.1,<=₹500
Little's Soft Cleansing Baby Wipes Lid Pack of 4,448.0,,56.0,,348.0,,796.0,baby,56.28,<=₹500
Pampers Premium care Pants Diapers Small Size 21 pc Pac...,15.0,,5.0,,284.0,,299.0,baby,5.02,<=₹500
Johnson's Milk Plus Rice Lotion,1.0,,1.0,,94.0,,95.0,baby,1.05,<=₹500
Sebamed Baby Cream Extra Soft - 200 Ml,10.0,,1.0,,627.0,,637.0,baby,1.57,"₹501–₹1,000"
Pigeon Liquid Cleanser 200 Ml Refill Combo,56.0,,20.0,,224.0,,280.0,baby,20.0,<=₹500
SYGA Premium  - Manual,546.0,,57.0,,404.0,,950.0,baby,57.47,<=₹500
Enfamil A Plus Stage 3 Follow-up Formula,236.0,,33.0,,479.0,,715.0,baby,33.01,<=₹500
Mamaearth Nourishing Hair Oil for Babies,30.0,,10.0,,269.0,,299.0,baby,10.03,<=₹500
Huggies Wonder Sumo Pack - S,896.0,,28.0,,2303.0,,3199.0,baby,28.01,"₹1,001–₹5,000"
Johnson's Milk+ Rice Lotion 200 ml,14.0,,8.0,,156.0,,170.0,baby,8.24,<=₹500
Nestle Cerelac Wheat-Rice Mixed Vegetable Cereal,0.0,,0.0,,242.0,,242.0,baby,0.0,<=₹500
LuvLap Birdie Sipper 160ml,214.0,,47.0,,241.0,,455.0,baby,47.03,<=₹500
Chicco Bottle Wellbeing Pink 250Ml Sil Love In - 250 ml,0.0,,0.0,,269.0,,269.0,baby,0.0,<=₹500
MOM & SON Cotton Diaper Changing Mat,410.0,,58.0,,289.0,,699.0,baby,58.66,<=₹500
Pampers Active Baby Diapers - XL,54.0,,3.0,,1445.0,,1499.0,baby,3.6,"₹1,001–₹5,000"
Johnson's All Day Long Baby Lotion,3.0,,3.0,,85.0,,88.0,baby,3.41,<=₹500
LMN Child Care Booties,300.0,,60.0,,199.0,,499.0,baby,60.12,<=₹500
Sunbaby Musical Activity Walker With Parent Rod,500.0,,27.0,,1299.0,,1799.0,baby,27.79,"₹1,001–₹5,000"
SYGA 4 Pcs Baby Milk Bottle Nipple Straw Brush Sponge N...,251.0,,55.0,,199.0,,450.0,baby,55.78,<=₹500
Himalaya Original Baby Shampoo Baby Boys & Baby Girls,131.0,,23.0,,419.0,,550.0,baby,23.82,<=₹500
BodyGuard Premium Paraben Free Baby Wet Wipes with Aloe...,132.0,,35.0,,243.0,,375.0,baby,35.2,<=₹500
"Pampers New Diaper Pants Super Value Box, Small (Pack o...",580.0,,20.0,,2319.0,,2899.0,baby,20.01,"₹1,001–₹5,000"
Nestle Lactogen Follow-up Formula Powder (Stage 2),0.0,,0.0,,315.0,,315.0,baby,0.0,<=₹500
My New Born Cartoon Crib AC Blanket,615.0,,68.0,,285.0,,900.0,baby,68.33,<=₹500
mile fashion New Born Washable Reusable Hosiery Cotton ...,460.0,,57.0,,339.0,,799.0,baby,57.57,<=₹500
LuvLap Silicone Breast Shield Breast Nipple Shield,33.0,,15.0,,186.0,,219.0,baby,15.07,<=₹500
Fareto Baby Hosiery Single Layer Cotton Cloth Tying Kno...,349.0,,49.0,,350.0,,699.0,baby,49.93,<=₹500
Pampers Diaper Pants Monthly Pack - S,440.0,,20.0,,1759.0,,2199.0,baby,20.01,"₹1,001–₹5,000"
Pigeon Peristaltic Nursing Bottle Rpp 240Ml (White) Nip...,0.0,,0.0,,350.0,,350.0,baby,0.0,<=₹500
Philips Avent Premium,126.0,,24.0,,399.0,,525.0,baby,24.0,<=₹500
The Moms Co. Tear-Free Natural Baby Wash with Calendula...,35.0,,5.0,,664.0,,699.0,baby,5.01,"₹501–₹1,000"
Himalaya Original Baby Lotion,131.0,,23.0,,419.0,,550.0,baby,23.82,<=₹500
Pampers Active Baby Diapers - S,3.0,,0.0,,746.0,,749.0,baby,0.4,"₹501–₹1,000"
Himalaya Baby Massage Oil,0.0,,0.0,,95.0,,95.0,baby,0.0,<=₹500
Similac IQ Plus Infant Formula (Stage 1),0.0,,0.0,,650.0,,650.0,baby,0.0,"₹501–₹1,000"
Pampers Premium Care Pants Diapers Small Size 140 pc Pa...,420.0,,20.0,,1679.0,,2099.0,baby,20.01,"₹1,001–₹5,000"
Mamaearth Deeply Nourishing Body Wash for Babies,29.0,,14.0,,170.0,,199.0,baby,14.57,<=₹500
Mothercare All We Know Baby Shampoo - K3600 Baby Boys &...,18.0,,5.0,,331.0,,349.0,baby,5.16,<=₹500
Himalaya Refreshing Baby Soap,2.0,,2.0,,68.0,,70.0,baby,2.86,<=₹500
Himalaya Total Care Baby Pants - M,61.0,,15.0,,339.0,,400.0,baby,15.25,<=₹500
Dexolac Infant Formula Powder (Stage 3),0.0,,0.0,,304.0,,304.0,baby,0.0,<=₹500
Chicco Body Wash and Shampoo (500ml) Baby Boys & Baby G...,0.0,,0.0,,479.0,,479.0,baby,0.0,<=₹500
Aptamil Infant Formula (Stage 2),0.0,,0.0,,705.0,,705.0,baby,0.0,"₹501–₹1,000"
Pigeon Peristaltic Nipple 3 Pc L Size Fast Flow Nipple,0.0,,0.0,,270.0,,270.0,baby,0.0,<=₹500
Pampers Active Baby Diapers Large - L,53.0,,5.0,,996.0,,1049.0,baby,5.05,"₹501–₹1,000"
Baby Plus Baby Diaper Pants Medium (8 Pack X 36 Pcs) - ...,1757.0,,44.0,,2235.0,,3992.0,baby,44.01,"₹1,001–₹5,000"
Johnson's Baby Care Collection,10.0,,5.0,,190.0,,200.0,baby,5.0,<=₹500
Cetaphil Baby Daily Lotion,66.0,,9.0,,619.0,,685.0,baby,9.64,"₹501–₹1,000"
Billion Extra Absorb Diaper Pants - S,101.0,,19.0,,419.0,,520.0,baby,19.42,<=₹500
Philips Avent Natural - 125 ml,0.0,,0.0,,395.0,,395.0,baby,0.0,<=₹500
"Cetaphil Baby Gentle Wash and Shampoo, With Shea Butter...",187.0,,16.0,,963.0,,1150.0,baby,16.26,"₹501–₹1,000"
Biotique Bio Disney Pixar Cars Nutty Almond Nourishing ...,0.0,,0.0,,55.0,,55.0,baby,0.0,<=₹500
Hetkrishi Bath Toys for Baby Non-Toxic Toddler Set Mult...,400.0,,57.0,,299.0,,699.0,baby,57.22,<=₹500
Pampers Baby-Dry Diapers Small - New Born,15.0,,5.0,,284.0,,299.0,baby,5.02,<=₹500
Johnson's Milk Plus Rice Cream,1.0,,1.0,,74.0,,75.0,baby,1.33,<=₹500
"Pampers New X-Large Size Diapers Pants, 21 Count - XL",20.0,,5.0,,379.0,,399.0,baby,5.01,<=₹500
Himalaya Baby Pants - L,2.0,,0.0,,798.0,,800.0,baby,0.25,"₹501–₹1,000"
Huggies New Dry Diapers - M,0.0,,0.0,,790.0,,790.0,baby,0.0,"₹501–₹1,000"
LuvLap Baby 100% Unbleached Cotton Buds Eco friendly - ...,0.0,,0.0,,109.0,,109.0,baby,0.0,<=₹500
Manna Banana Rich Cereal,0.0,,0.0,,184.0,,184.0,baby,0.0,<=₹500
Johnson's Baby Powder Blossoms,0.0,,0.0,,145.0,,145.0,baby,0.0,<=₹500
Huggies Wonder pants - M,192.0,,12.0,,1407.0,,1599.0,baby,12.01,"₹1,001–₹5,000"
Pigeon Nose Cleaner Manual Nasal Aspirator,61.0,,19.0,,258.0,,319.0,baby,19.12,<=₹500
Miss & Chief Polycotton Bedding Set,1349.0,,67.0,,650.0,,1999.0,baby,67.48,"₹501–₹1,000"
Pampers Baby-Dry Pants Diaper - L,7.0,,3.0,,192.0,,199.0,baby,3.52,<=₹500
Dove Baby Lotion Rich Moisture,5.0,,2.0,,175.0,,180.0,baby,2.78,<=₹500
BELLA BABY HAPPYDIAPERS - M,53.0,,10.0,,476.0,,529.0,baby,10.02,<=₹500
Huggies Wonder Sumo Pack - M,512.0,,16.0,,2687.0,,3199.0,baby,16.01,"₹1,001–₹5,000"
Billion Extra Absorb Diaper Pants - XL,101.0,,19.0,,419.0,,520.0,baby,19.42,<=₹500
Dash Musical Walker & Rocker With Parent Rod,1401.0,,33.0,,2799.0,,4200.0,baby,33.36,"₹1,001–₹5,000"
Mothercare All We Know Baby Lotion - K3602,82.0,,21.0,,297.0,,379.0,baby,21.64,<=₹500
Sebamed Childrens'Shampoo Baby Boys & Baby Girls,58.0,,6.0,,869.0,,927.0,baby,6.26,"₹501–₹1,000"
Huggies Wonder Sumo Pack - L,512.0,,16.0,,2687.0,,3199.0,baby,16.01,"₹1,001–₹5,000"
CHHOTE SAHEB Cotton U shape Baby Pillow Pack of 1,210.0,,52.0,,189.0,,399.0,baby,52.63,<=₹500
1st Step Size Adjustable Reusable Diaper With Diaper Li...,60.0,,10.0,,539.0,,599.0,baby,10.02,"₹501–₹1,000"
Little's Soft Cleansing Baby Wipes Lid Pack of 5,571.0,,57.0,,424.0,,995.0,baby,57.39,<=₹500
Philips Avent Anti Colic Bottle with Air Free Vent - 26...,0.0,,0.0,,495.0,,495.0,baby,0.0,<=₹500
Pampers Baby-Dry Diapers - M,27.0,,2.0,,972.0,,999.0,baby,2.7,"₹501–₹1,000"
Pigeon Liquid Cleanser 200 Ml Naturals Combo (Pack Of 3...,35.0,,8.0,,385.0,,420.0,baby,8.33,<=₹500
"MOM & SON Cotton, Mustard Seeds Soft U Shape Baby Pillo...",204.0,,45.0,,245.0,,449.0,baby,45.43,<=₹500
Figaro Baby Massage Olive Oil 1L,5.0,,0.0,,920.0,,925.0,baby,0.54,"₹501–₹1,000"
Chicco Talcum Powder 500 Gr.,20.0,,5.0,,379.0,,399.0,baby,5.01,<=₹500
Baby Plus Baby Diaper Pants Large ( 8 Pack X 32 Pcs) - ...,1757.0,,44.0,,2235.0,,3992.0,baby,44.01,"₹1,001–₹5,000"
Similac IQ Plus Follow-up Formula (Stage 2),0.0,,0.0,,650.0,,650.0,baby,0.0,"₹501–₹1,000"
Philips Avent Manual Breast  - Manual,515.0,,24.0,,1580.0,,2095.0,baby,24.58,"₹1,001–₹5,000"
Little Angel Baby Diaper Pants (2 x 40 Pcs) - M,329.0,,32.0,,669.0,,998.0,baby,32.97,"₹501–₹1,000"
Nestle Lactogen Follow-up Formula (Stage 2) Tin,0.0,,0.0,,318.0,,318.0,baby,0.0,<=₹500
"Pigeon PANTS DIAPER, EXTRA LARGE (28 PCS) - XL",240.0,,30.0,,559.0,,799.0,baby,30.04,"₹501–₹1,000"
BELLA BABY HAPPY DIAPERS - L,74.0,,10.0,,665.0,,739.0,baby,10.01,"₹501–₹1,000"
CPEX Baby Bath Cap,354.0,,70.0,,145.0,,499.0,baby,70.94,<=₹500
"Bambo Nature Size 4, Tall pack 7-14 kg, Large Size, 48 ...",0.0,,0.0,,1699.0,,1699.0,baby,0.0,"₹1,001–₹5,000"
"My New Born Cotton 200 GSM Bath, Hand, Face Towel Set",1301.0,,72.0,,499.0,,1800.0,baby,72.28,<=₹500
Nestle Cerelac Organic Selection Wheat Mixed Fruit Cere...,0.0,,0.0,,330.0,,330.0,baby,0.0,<=₹500
Pampers Premium Care Pants - M,3.0,,0.0,,1196.0,,1199.0,baby,0.25,"₹1,001–₹5,000"
"Myynti Baby Knee Pads for Kids Safety Crawling, Anti-Sl...",251.0,,50.0,,248.0,,499.0,baby,50.3,<=₹500
Johnson's Baby Top to Toe Baby Bath (500ml) with Baby L...,48.0,,12.0,,352.0,,400.0,baby,12.0,<=₹500
LuvLap Cotton Baby Sleeping Mat,99.0,,33.0,,200.0,,299.0,baby,33.11,<=₹500
Himalaya Extra Moisturizing Baby Soap 6NX75G,22.0,,8.0,,242.0,,264.0,baby,8.33,<=₹500
MMShopy Fruit and Food Nibbler & Feeding Pacifier 1B Fe...,311.0,,62.0,,188.0,,499.0,baby,62.32,<=₹500
Huggies Ultra Soft Diapers - M,77.0,,10.0,,693.0,,770.0,baby,10.0,"₹501–₹1,000"
"Royal Krishna Velvet, Nylon Bedding Set",579.0,,57.0,,420.0,,999.0,baby,57.96,<=₹500
AVNISH knee and elbow pads for kids Multicolor Baby Kne...,659.0,,73.0,,240.0,,899.0,baby,73.3,<=₹500
MeeMee Premium Breathable Baby Diapers (Medium - 20 Pie...,30.0,,10.0,,270.0,,300.0,baby,10.0,<=₹500
"LuvLap Silicone Easy Squeezy Baby Food Feeder, 4M+, 90m...",96.0,,30.0,,223.0,,319.0,baby,30.09,<=₹500
Philips AVENT Natural 2 Fast flow teats 6m+ Fast Flow N...,0.0,,0.0,,325.0,,325.0,baby,0.0,<=₹500
Pampers Baby-Dry Pants Diaper - S,2.0,,0.0,,497.0,,499.0,baby,0.4,<=₹500
"MeeMee Anti-Bacterial Baby Liquid Cleanser for Fruits, ...",70.0,,20.0,,279.0,,349.0,baby,20.06,<=₹500
"Pigeon Hand and Mouth Wipes 20S, 2 In 1",20.0,,10.0,,179.0,,199.0,baby,10.05,<=₹500
Himalaya Gentle Baby Soap 6N X 125G,59.0,,15.0,,325.0,,384.0,baby,15.36,<=₹500
Johnson's Skincare Wipes,0.0,,0.0,,45.0,,45.0,baby,0.0,<=₹500
Huggies New Dry Diapers - S,111.0,,23.0,,359.0,,470.0,baby,23.62,<=₹500
"Pampers New Diaper Pants Super Value Box, Medium (Pack ...",600.0,,20.0,,2399.0,,2999.0,baby,20.01,"₹1,001–₹5,000"
CONAVA Plastic Automatic Toothpaste Dispenser with Brus...,309.0,,61.0,,190.0,,499.0,baby,61.92,<=₹500
Nestle Nestum Rice Cereal,0.0,,0.0,,140.0,,140.0,baby,0.0,<=₹500
Mamaearth Moisturizing Daily Lotion For Babies/Kids,16.0,,8.0,,183.0,,199.0,baby,8.04,<=₹500
"Bambo Nature Maxi 7-18 kg , 30 Count - M",50.0,,5.0,,799.0,,849.0,baby,5.89,"₹501–₹1,000"
Baby Dove Rich Moisture Wipes,7.0,,5.0,,128.0,,135.0,baby,5.19,<=₹500
Honey Boo Silicone Baby Fresh Fruit Food Feeder Teether...,267.0,,66.0,,132.0,,399.0,baby,66.92,<=₹500
Curatio atogla lotion,3.0,,0.0,,447.0,,450.0,baby,0.67,<=₹500
"Mamaearth Mosquito Fabric Roll On, 8ml (Pack of 2)",16.0,,8.0,,182.0,,198.0,baby,8.08,<=₹500
Similac Follow-up Formula Stage 3,0.0,,0.0,,360.0,,360.0,baby,0.0,<=₹500
Johnson's Baby No More Tears Shampoo 500ml with Baby Lo...,118.0,,26.0,,330.0,,448.0,baby,26.34,<=₹500
Johnson's Baby Soap,0.0,,0.0,,33.0,,33.0,baby,0.0,<=₹500
"Bambo Nature Size 4, 7-14 kg, Pants Style, Large Size, ...",0.0,,0.0,,849.0,,849.0,baby,0.0,"₹501–₹1,000"
Pampers Premium Care Pants - M,20.0,,5.0,,379.0,,399.0,baby,5.01,<=₹500
Pampers Active Baby Taped Diapers - M,17.0,,4.0,,332.0,,349.0,baby,4.87,<=₹500
My New Born Terry Cotton 200 GSM Bath Towel,811.0,,67.0,,389.0,,1200.0,baby,67.58,<=₹500
1st Step Powder Box - Pink,0.0,,0.0,,159.0,,159.0,baby,0.0,<=₹500
Similac Advance Infant Formula (Stage 1),0.0,,0.0,,550.0,,550.0,baby,0.0,"₹501–₹1,000"
Pampers Active Baby Diapers - Small (3-8 kg) 92 pcs - S,0.0,,0.0,,1498.0,,1498.0,baby,0.0,"₹1,001–₹5,000"
"LuvLap Jumbo Sky Spout Sipper, BPA Free, 300 ml, 6m+",60.0,,26.0,,169.0,,229.0,baby,26.2,<=₹500
Pampers Active Baby Diapers - XL,0.0,,0.0,,799.0,,799.0,baby,0.0,"₹501–₹1,000"
Sebamed Baby Wash Extra Soft 400Ml Baby Care Products,46.0,,5.0,,783.0,,829.0,baby,5.55,"₹501–₹1,000"
Huggies Dry pants Medium - M,2.0,,2.0,,97.0,,99.0,baby,2.02,<=₹500
Mamaearth Natural Repellent Mosquito Patches For Babies...,16.0,,8.0,,183.0,,199.0,baby,8.04,<=₹500
Pampers Premium Care Pants - L,49.0,,7.0,,650.0,,699.0,baby,7.01,"₹501–₹1,000"
"Bambo Nature Size 3, tall pack, 4-8 kg, Medium Size, 52...",0.0,,0.0,,1699.0,,1699.0,baby,0.0,"₹1,001–₹5,000"
Johnson's 24-hour moisture for healthy feeling skin,396.0,,56.0,,299.0,,695.0,baby,56.98,<=₹500
Huggies Wonder Sumo Pack - XL,512.0,,16.0,,2687.0,,3199.0,baby,16.01,"₹1,001–₹5,000"
"My New Born Fine Quality Towel fabric, Super Soft and S...",851.0,,70.0,,349.0,,1200.0,baby,70.92,<=₹500
MamyPoko Pants Extra Absorb Diapers - New Born,6.0,,3.0,,189.0,,195.0,baby,3.08,<=₹500
Nestle Nangrow Nutritious Milk Drink Creamy Vanilla,0.0,,0.0,,530.0,,530.0,baby,0.0,"₹501–₹1,000"
ODELEE Musical Activity Walker,1050.0,,61.0,,649.0,,1699.0,baby,61.8,"₹501–₹1,000"
Huggies Ultra Soft Diapers - S,77.0,,10.0,,693.0,,770.0,baby,10.0,"₹501–₹1,000"
Control D 70% IPA,148.0,,14.0,,899.0,,1047.0,baby,14.14,"₹501–₹1,000"
Indus Valley Bio Organic Extra Virgin Olive Massage Oil...,40.0,,13.0,,259.0,,299.0,baby,13.38,<=₹500
MeeMee Premium Glass Feeding Bottle - Pink - 240 ml,0.0,,0.0,,329.0,,329.0,baby,0.0,<=₹500
"Adore Bottle, Nipple & Vegetable Liquid Cleaner 400ml",26.0,,9.0,,249.0,,275.0,baby,9.45,<=₹500
BELLA BABY HAPPY DIAPERS - XL,53.0,,10.0,,476.0,,529.0,baby,10.02,<=₹500
Similac Advance Follow-Up Formula (Stage 2),0.0,,0.0,,550.0,,550.0,baby,0.0,"₹501–₹1,000"
SmartRAHO Boys Festive & Party Kurta and Dhoti Pant Set,984.0,,75.0,,315.0,,1299.0,baby,75.75,<=₹500
Himalaya Total Care Baby Pants - S,23.0,,3.0,,677.0,,700.0,baby,3.29,"₹501–₹1,000"
BabyButtons Hosiery Cotton 170 GSM Face Towel,70.0,,23.0,,229.0,,299.0,baby,23.41,<=₹500
N BAHUBALI Girls Midi/Knee Length Casual Dress,810.0,,81.0,,189.0,,999.0,baby,81.08,<=₹500
ODELEE HANDEL POTTY CHAIR FOR KIDS Potty Seat,600.0,,60.0,,399.0,,999.0,baby,60.06,<=₹500
Pigeon BABY BATHING BAR 3 IN 1,29.0,,10.0,,246.0,,275.0,baby,10.55,<=₹500
Royalkart Cockroach Killing Bait Killer Effective Mirac...,470.0,,52.0,,429.0,,899.0,baby,52.28,<=₹500
Himalaya BABY KIT,60.0,,12.0,,430.0,,490.0,baby,12.24,<=₹500
VIC Kid Edge & Corner Cushion Guard for Baby Proofing |...,300.0,,60.0,,199.0,,499.0,baby,60.12,<=₹500
liveonshop Automatic Toothpaste Dispenser With 5 Toothb...,200.0,,50.0,,199.0,,399.0,baby,50.13,<=₹500
Pigeon Baby Transparent Soap without Case,76.0,,16.0,,374.0,,450.0,baby,16.89,<=₹500
Johnson's Baby Nappy Pads - New Born,2.0,,1.0,,158.0,,160.0,baby,1.25,<=₹500
Webby Fiddle Diddle Baby Bouncer Cum Rocker Rocker and ...,2500.0,,41.0,,3499.0,,5999.0,baby,41.67,"₹1,001–₹5,000"
BELLA BABY HAPPY DIAPERS - L,53.0,,10.0,,476.0,,529.0,baby,10.02,<=₹500
"LuvLap Silicone Easy Squeezy Baby Food Feeder, 4M+, 180...",100.0,,30.0,,233.0,,333.0,baby,30.03,<=₹500
WOW Skin Science Kids 3 in 1 Tip to Toe Wash - Peach - ...,68.0,,17.0,,331.0,,399.0,baby,17.04,<=₹500
Flipkart SmartBuy Toothpaste Dispenser with Toothbrush ...,345.0,,70.0,,145.0,,490.0,baby,70.41,<=₹500
Control D 70% IPA BNH65,50.0,,14.0,,299.0,,349.0,baby,14.33,<=₹500
Bluwings Bathtub Animal Toy With Chu Chu Sound For Kids...,202.0,,40.0,,299.0,,501.0,baby,40.32,<=₹500
Similac Isomil Soy Infant Formula,0.0,,0.0,,495.0,,495.0,baby,0.0,<=₹500
Curatio Tedibar Soap (Pack Of 4),19.0,,3.0,,541.0,,560.0,baby,3.39,"₹501–₹1,000"
"MOM & SON Cotton, Mustard Seeds Soft U Shape Neck suppo...",259.0,,51.0,,240.0,,499.0,baby,51.9,<=₹500
Himalaya Total Care - XL,0.0,,0.0,,1150.0,,1150.0,baby,0.0,"₹1,001–₹5,000"
Pampers Baby-Dry Pants Diaper - S,2.0,,1.0,,197.0,,199.0,baby,1.01,<=₹500
BELLA BABY HAPPY PANTS - L,65.0,,10.0,,584.0,,649.0,baby,10.02,"₹501–₹1,000"
Amardeep Musical Activity Walker,1050.0,,52.0,,950.0,,2000.0,baby,52.5,"₹501–₹1,000"
Luxula Bathtub Animal Toy with Chu Chu Sound Bath Toy,180.0,,37.0,,299.0,,479.0,baby,37.58,<=₹500
Fisher-Price Baby Polypropylene Food Mash and Serve Bow...,85.0,,26.0,,230.0,,315.0,baby,26.98,<=₹500
Johnson's Baby Lotion 500ml with Baby Cream 50g,60.0,,14.0,,360.0,,420.0,baby,14.29,<=₹500
MK Enterprises Baby Swimming Pool 2 Feet Bath Toy,364.0,,52.0,,335.0,,699.0,baby,52.07,<=₹500
Johnson's Baby Oil,77.0,,10.0,,693.0,,770.0,baby,10.0,"₹501–₹1,000"
Tiffy & Toffee Baby Water Wipes (3 Wipes),6.0,,1.0,,324.0,,330.0,baby,1.82,<=₹500
Welo High Quality Baby Carrier with Strong Belt 4 in 1 ...,900.0,,69.0,,399.0,,1299.0,baby,69.28,<=₹500
Chicco Baby Wipes 20 Pcs In,0.0,,0.0,,75.0,,75.0,baby,0.0,<=₹500
Sebamed Baby Cream Extra Soft 50ml,0.0,,0.0,,222.0,,222.0,baby,0.0,<=₹500
Colgate Kids 2+ Extra Soft Toothbrush,0.0,,0.0,,30.0,,30.0,baby,0.0,<=₹500
Kuchipoo Boys & Girls Graphic Print Cotton Blend T Shir...,700.0,,53.0,,599.0,,1299.0,baby,53.89,"₹501–₹1,000"
Pampers Premium Care Pants - XS,35.0,,5.0,,664.0,,699.0,baby,5.01,"₹501–₹1,000"
Philips Avent Natural - 330 ml,0.0,,0.0,,565.0,,565.0,baby,0.0,"₹501–₹1,000"
"Bambo Nature Size 6, 16+ kg, XXL Size, 20 Count, for Pr...",0.0,,0.0,,799.0,,799.0,baby,0.0,"₹501–₹1,000"
Philips Avent NATURAL 2.0 BOTTLE 125ml Pack of 2 - 250 ...,0.0,,0.0,,695.0,,695.0,baby,0.0,"₹501–₹1,000"
"Mamaearth Plant Based Baby Laundry Liquid Detergent, wi...",60.0,,10.0,,539.0,,599.0,baby,10.02,"₹501–₹1,000"
Huggies Dry pants Medium - M,32.0,,16.0,,167.0,,199.0,baby,16.08,<=₹500
"Yourcull Baby Grooming Kit Baby Nail Cutter, Nail File,...",435.0,,72.0,,164.0,,599.0,baby,72.62,<=₹500
Similac Advance Follow-up Formula (Stage 3),0.0,,0.0,,550.0,,550.0,baby,0.0,"₹501–₹1,000"
Huggies Dry pants Large - L,35.0,,10.0,,314.0,,349.0,baby,10.03,<=₹500
Johnson's Vitamin E Oil,2.0,,1.0,,103.0,,105.0,baby,1.9,<=₹500
MamyPoko Pants Extra Absorb Diapers - M,0.0,,0.0,,499.0,,499.0,baby,0.0,<=₹500
Aptamil Infant Formula (Stage 3),0.0,,0.0,,705.0,,705.0,baby,0.0,"₹501–₹1,000"
My New Born Animal Crib AC Blanket,601.0,,66.0,,299.0,,900.0,baby,66.78,<=₹500
Himalaya Total Care Baby Pants - L,8.0,,5.0,,132.0,,140.0,baby,5.71,<=₹500
Mothercare Fragrance Free Wipes-10 pcs,49.0,,2.0,,1700.0,,1749.0,baby,2.8,"₹1,001–₹5,000"
MamyPoko Pants Extra Absorb Diaper - S,21.0,,2.0,,909.0,,930.0,baby,2.26,"₹501–₹1,000"
My New Born Animal Single Swadding Baby Blanket,601.0,,66.0,,299.0,,900.0,baby,66.78,<=₹500
Pampers Baby-dry Pant Diapers - M,2.0,,1.0,,197.0,,199.0,baby,1.01,<=₹500
Miss & Chief Printed Single Baby Blanket,474.0,,59.0,,325.0,,799.0,baby,59.32,<=₹500
Pampers Fresh Clean Baby Wipes 64 count,10.0,,5.0,,175.0,,185.0,baby,5.41,<=₹500
"Mamaearth Pack of 2, Daily Moisturizing Lotion for Babi...",48.0,,12.0,,350.0,,398.0,baby,12.06,<=₹500
"Eazi Rubber, Cotton Baby Bed Protecting Mat",268.0,,44.0,,330.0,,598.0,baby,44.82,<=₹500
Pigeon Baby Wipes,236.0,,34.0,,454.0,,690.0,baby,34.2,<=₹500
Sunbaby Musical Activity Walker With Parent Rod,550.0,,30.0,,1249.0,,1799.0,baby,30.57,"₹1,001–₹5,000"
LuvLap Animal Crib AC Blanket,300.0,,50.0,,299.0,,599.0,baby,50.08,<=₹500
Control D 70% Alol,10.0,,1.0,,688.0,,698.0,baby,1.43,"₹501–₹1,000"
Miss & Chief Polycotton Bedding Set,910.0,,70.0,,390.0,,1300.0,baby,70.0,<=₹500
Pampers Active Baby Diapers - S,0.0,,0.0,,349.0,,349.0,baby,0.0,<=₹500
Johnson's Baby Oil with Vitamin E,10.0,,5.0,,180.0,,190.0,baby,5.26,<=₹500
Manzon Boys & Girls Casual T-shirt Shorts,986.0,,70.0,,413.0,,1399.0,baby,70.48,<=₹500
Pigeon Peristaltic Nursing Bottle Rpp Nipple S - 120 ml,0.0,,0.0,,165.0,,165.0,baby,0.0,<=₹500
Xtracare Cumfy Dry Pull-Up Pants - S,90.0,,13.0,,559.0,,649.0,baby,13.87,"₹501–₹1,000"
PRESENTSALE Baby Food Feeder Feeder,35.0,,15.0,,189.0,,224.0,baby,15.62,<=₹500
WOW Skin Science Kids 3 in 1 Head to Toe Wash - Green A...,68.0,,17.0,,331.0,,399.0,baby,17.04,<=₹500
Himalaya Total Care Baby Pants - S,57.0,,15.0,,318.0,,375.0,baby,15.2,<=₹500
Beautiq Baby Collections Stainless Steel Baby Feeding B...,0.0,,0.0,,360.0,,360.0,baby,0.0,<=₹500
Colgate Natural Strawberry Mint Flavor for Kids Toothpa...,2.0,,1.0,,148.0,,150.0,baby,1.33,<=₹500
ss Cotton Infants Kids Cotton Kids Choice Pink Girl Cas...,244.0,,46.0,,280.0,,524.0,baby,46.56,<=₹500
"Bambo Nature XL 10-30 kg, 22 Count - XL",0.0,,0.0,,799.0,,799.0,baby,0.0,"₹501–₹1,000"
Mantavya Inflatable Baby Pool Bath Water Tub For Kids B...,508.0,,39.0,,791.0,,1299.0,baby,39.11,"₹501–₹1,000"
Trumom (USA) 3in1 Baby Carrier for kids 0 to 15 months ...,601.0,,31.0,,1299.0,,1900.0,baby,31.63,"₹1,001–₹5,000"
Aveeno Baby Soothing Relief Moisture Cream,107.0,,10.0,,892.0,,999.0,baby,10.71,"₹501–₹1,000"
"Himalaya BABY TAPED DIAPERS WITH ANTI RASH SHIELD, SIZE...",51.0,,3.0,,1299.0,,1350.0,baby,3.78,"₹1,001–₹5,000"
x2o Track Pant For Boys & Girls,769.0,,54.0,,630.0,,1399.0,baby,54.97,"₹501–₹1,000"
Himalaya 8901138513184,48.0,,13.0,,320.0,,368.0,baby,13.04,<=₹500
Himalaya Gentle Baby Laundry Wash 500 ml (Bottle) Liqui...,59.0,,20.0,,236.0,,295.0,baby,20.0,<=₹500
Manzon Short For Boys & Girls Casual Graphic Print Cott...,849.0,,70.0,,350.0,,1199.0,baby,70.81,<=₹500
"Pampers Premium Care Pants Diapers, Large, 24 Count - L",20.0,,5.0,,379.0,,399.0,baby,5.01,<=₹500
Atogla Baby lotion,0.0,,0.0,,450.0,,450.0,baby,0.0,<=₹500
Sebamed Sebamed Protective Facial Cream,53.0,,6.0,,798.0,,851.0,baby,6.23,"₹501–₹1,000"
MOM & SON Cotton Clock shape Baby Pillow Pack of 1,204.0,,51.0,,195.0,,399.0,baby,51.13,<=₹500
Chicco Wb Teat 6M+ Food Sil 2Pcs Fast Flow Nipple,0.0,,0.0,,279.0,,279.0,baby,0.0,<=₹500
BELLA BABY HAPPY PANTS - XL,65.0,,10.0,,584.0,,649.0,baby,10.02,"₹501–₹1,000"
Baby Plus Baby Diaper Pants Small (8 Pack X 46 Pcs) - S,1757.0,,44.0,,2235.0,,3992.0,baby,44.01,"₹1,001–₹5,000"
Sebamed Baby Children Shampoo Baby Boys & Baby Girls,2.0,,0.0,,425.0,,427.0,baby,0.47,<=₹500
Pigeon BABY CONDITIONING SHAMPOO - 500 ml Baby Boys & B...,40.0,,10.0,,355.0,,395.0,baby,10.13,<=₹500
LuvLap Liquid Cleanser-1000ml Liquid Detergent,135.0,,28.0,,344.0,,479.0,baby,28.18,<=₹500
starsky 8 Feet Inflatable Swimming Pool,1201.0,,40.0,,1798.0,,2999.0,baby,40.05,"₹1,001–₹5,000"
Pampers Splashers Disposable Swim Pants Diapers Large S...,300.0,,30.0,,699.0,,999.0,baby,30.03,"₹501–₹1,000"
Nabhya Toilet Trainer Baby Potty Seat Cartoon Face with...,537.0,,53.0,,462.0,,999.0,baby,53.75,<=₹500
"LuvLap Baby Moisturising Wipes with Aloe Vera, 72 wipes...",6.0,,5.0,,109.0,,115.0,baby,5.22,<=₹500
Chicco DRY DIAPERS CHICCO NAPPIES MIDI 21X10 - M,90.0,,10.0,,809.0,,899.0,baby,10.01,"₹501–₹1,000"
"My New Born Fast Dry-Waterproof, Super Soft Cotton Dail...",911.0,,75.0,,289.0,,1200.0,baby,75.92,<=₹500
Huggies Wonder Pants Small Size Diapers - S,60.0,,5.0,,989.0,,1049.0,baby,5.72,"₹501–₹1,000"
"KL Collection Boys Festive & Party Kurta, Dhoti Pant & ...",701.0,,70.0,,298.0,,999.0,baby,70.17,<=₹500
"MeeMee Caring Baby Wet Wipes with lid, 72 Pcs (Aloe Ver...",0.0,,0.0,,297.0,,297.0,baby,0.0,<=₹500
Pampers Baby-Dry Pants Diaper - New Born,3.0,,0.0,,671.0,,674.0,baby,0.45,"₹501–₹1,000"
Philips Avent Toddler Spout Cup With Twin Handle,60.0,,10.0,,535.0,,595.0,baby,10.08,"₹501–₹1,000"
Nestle Cerelac Organic Selection Wheat and Milk Cereal,0.0,,0.0,,300.0,,300.0,baby,0.0,<=₹500
MeeMee Gentle Protective Nail Clipper(Blue),40.0,,20.0,,159.0,,199.0,baby,20.1,<=₹500
Kids Choice Chu Chu Bath Toys for Baby Non-Toxic Toddle...,674.0,,67.0,,325.0,,999.0,baby,67.47,<=₹500
LuvLap Blue Berries design Silicon Teether Teether,44.0,,17.0,,205.0,,249.0,baby,17.67,<=₹500
Johnson's New Milk and Rice Lotion 200 ml (Pack of 2),21.0,,6.0,,319.0,,340.0,baby,6.18,<=₹500
"LuvLap 100% Natural Anti Mosquito Fabric Roll On, Safe ...",8.0,,10.0,,67.0,,75.0,baby,10.67,<=₹500
Sebamed Baby Cleansing Bar (100 g) - Pack of 4,35.0,,3.0,,1025.0,,1060.0,baby,3.3,"₹1,001–₹5,000"
Babique Cotton Infants Baby Cotton Padded Bed Net Mosqu...,871.0,,69.0,,379.0,,1250.0,baby,69.68,<=₹500
Sebamed POWDER-005V,6.0,,0.0,,660.0,,666.0,baby,0.9,"₹501–₹1,000"
Huggies Dry pants Large - L,2.0,,2.0,,97.0,,99.0,baby,2.02,<=₹500
BodyGuard Premium Paraben Free Baby Wet Wipes with Aloe...,175.0,,35.0,,325.0,,500.0,baby,35.0,<=₹500
NEPEE Baby Nail Clipper Safety Cutter Toddler Infant Sc...,224.0,,56.0,,175.0,,399.0,baby,56.14,<=₹500
Pigeon TOODLERS TOOTHGEL STRAWBERRY (50 GMS) Toothpaste,40.0,,20.0,,159.0,,199.0,baby,20.1,<=₹500
PS AAKRITI Cute Soft Rubber Float Squeeze Sound Baby Ba...,1.0,,0.0,,298.0,,299.0,baby,0.33,<=₹500
MamyPoko Pants Extra Absorb Diapers - S,6.0,,3.0,,189.0,,195.0,baby,3.08,<=₹500
"LuvLap Baby Moisturising Wipes with Jojoba Oil, 72 Wipe...",78.0,,26.0,,219.0,,297.0,baby,26.26,<=₹500
Pigeon Strawberry Toothpaste,33.0,,10.0,,297.0,,330.0,baby,10.0,<=₹500
Luke and Lilly Indi Girls Midi/Knee Length Casual Dress,400.0,,40.0,,599.0,,999.0,baby,40.04,"₹501–₹1,000"
"Huggies WONDER NEW BABY PANTS,SIZE XS, 24 PCS PACK, COM...",0.0,,0.0,,597.0,,597.0,baby,0.0,"₹501–₹1,000"
iGREEN BW BLUE Potty Seat,584.0,,58.0,,415.0,,999.0,baby,58.46,<=₹500
Xtracare Dryplus Baby Diapers - S,11.0,,2.0,,439.0,,450.0,baby,2.44,<=₹500
Himalaya Baby Cream ( Extra Soft & gentle ) Combo Pack....,225.0,,30.0,,525.0,,750.0,baby,30.0,"₹501–₹1,000"
Naughty Kidz PREMIUM PACK OF 2 BOROSIL GLASS FEEDING BO...,0.0,,0.0,,399.0,,399.0,baby,0.0,<=₹500
Pampers Active Baby M-62 Diapers - M,0.0,,0.0,,1049.0,,1049.0,baby,0.0,"₹1,001–₹5,000"
Himalaya Extra Moisturizing Baby Wash 400ml,50.0,,20.0,,200.0,,250.0,baby,20.0,<=₹500
"LuvLap Banana Time Sipper / Sippy Cup 150ml, Anti-Spill...",45.0,,15.0,,250.0,,295.0,baby,15.25,<=₹500
Tajpur Traders Musical Activity Walker,401.0,,57.0,,299.0,,700.0,baby,57.29,<=₹500
Pampers Premium care Pants Diapers New Born Size 50 pc ...,35.0,,5.0,,664.0,,699.0,baby,5.01,"₹501–₹1,000"
Huggies Ultra Soft Small Size Premium Diapers - S,14.0,,4.0,,316.0,,330.0,baby,4.24,<=₹500
"Dignity Poochie 100% Biodegradable Baby Wipes, 150 x 20...",2899.0,,55.0,,2285.0,,5184.0,baby,55.92,"₹1,001–₹5,000"
"LuvLap 100% Natural Anti Mosquito Patches, Safe for 0-1...",0.0,,0.0,,125.0,,125.0,baby,0.0,<=₹500
Sukhson India MYFERRARI-MULTICOLOR Potty Seat,454.0,,53.0,,395.0,,849.0,baby,53.47,<=₹500
Himalaya Baby Gift Pack Basket,104.0,,15.0,,586.0,,690.0,baby,15.07,"₹501–₹1,000"
Varco Massage Oil,149.0,,15.0,,841.0,,990.0,baby,15.05,"₹501–₹1,000"
MeeMee Soft Nipple Baby Pacifier Soother,0.0,,0.0,,229.0,,229.0,baby,0.0,<=₹500
"Johnson's Baby Gift Set(Pack of 5- Oil, Baby Bath, Sham...",54.0,,12.0,,388.0,,442.0,baby,12.22,<=₹500
Pigeon Liquid Cleanser Naturals,28.0,,14.0,,161.0,,189.0,baby,14.81,<=₹500
Origami Wet Wipes Assorted Fragrance,3.0,,1.0,,297.0,,300.0,baby,1.0,<=₹500
Himalaya gentle Baby Wipes (72N * 2 packs),30.0,,8.0,,320.0,,350.0,baby,8.57,<=₹500
"Bambo Nature Size 2, 3-6 kg, Small Size, 30 Count, for ...",0.0,,0.0,,899.0,,899.0,baby,0.0,"₹501–₹1,000"
Pigeon Cotton Ball,42.0,,14.0,,253.0,,295.0,baby,14.24,<=₹500
Kifayati Bazar Girls Casual Dress Panty,800.0,,66.0,,399.0,,1199.0,baby,66.72,<=₹500
Juneja Enterprises Gold Happy Birthday Foil Balloon Wit...,654.0,,65.0,,345.0,,999.0,baby,65.47,<=₹500
The Moms Co. Everything for Baby,349.0,,14.0,,2050.0,,2399.0,baby,14.55,"₹1,001–₹5,000"
Miss & Chief Polyester Baby Bed Protecting Mat,499.0,,50.0,,499.0,,998.0,baby,50.0,<=₹500
Nestle Lactogen Infant Formula Powder (Stage 1) Tin,0.0,,0.0,,330.0,,330.0,baby,0.0,<=₹500
Philips Avent Classic+ Variable Flow Nipple,0.0,,0.0,,275.0,,275.0,baby,0.0,<=₹500
Huggies Ultra Soft - S,600.0,,24.0,,1899.0,,2499.0,baby,24.01,"₹1,001–₹5,000"
Pigeon BABY NOURISHING WASH - 200 ml,16.0,,8.0,,179.0,,195.0,baby,8.21,<=₹500
Huggies Dry - M,68.0,,16.0,,357.0,,425.0,baby,16.0,<=₹500
Baby Banana ME888 Teether,200.0,,50.0,,199.0,,399.0,baby,50.13,<=₹500
Brandonn Solid Single Hooded Baby Blanket,704.0,,58.0,,495.0,,1199.0,baby,58.72,<=₹500
Himalaya Soothing Baby Wipes 12 (Pack of 6) 72 Wipes,5.0,,1.0,,265.0,,270.0,baby,1.85,<=₹500
Pampers Baby-Dry Diapers - M,0.0,,0.0,,299.0,,299.0,baby,0.0,<=₹500
My New Born Cartoon Crib Hooded Baby Blanket,1381.0,,76.0,,419.0,,1800.0,baby,76.72,<=₹500
LuvLap Birdie Sipper 260ml,226.0,,46.0,,259.0,,485.0,baby,46.6,<=₹500
MamyPoko Pants Extra Absorb Diapers - New Born,42.0,,6.0,,657.0,,699.0,baby,6.01,"₹501–₹1,000"
"Philips Avent Ultra Air Pacifier for Boy, 0-6 Months 2 ...",41.0,,10.0,,364.0,,405.0,baby,10.12,<=₹500
Shopper52 Shopper52 Wall Mounted with Cover Bathroom St...,821.0,,82.0,,179.0,,1000.0,baby,82.1,<=₹500
"MamyPoko EXTRA ABSORB BABY DIAPER PANTS, SIZE XXXL, FOR...",0.0,,0.0,,1196.0,,1196.0,baby,0.0,"₹1,001–₹5,000"
"LuvLap Clever Frog Sipper, Soft silicone spout, Anti-sp...",95.0,,32.0,,200.0,,295.0,baby,32.2,<=₹500
Lifekrafts Child Baby Safety Lock Cupboard Cabinet Door...,552.0,,55.0,,447.0,,999.0,baby,55.26,<=₹500
BELLA BABY HAPPY DIAPERS - New Born,92.0,,10.0,,828.0,,920.0,baby,10.0,"₹501–₹1,000"
"LuvLap Baby Moisturising Wipes with Aloe Vera, 72 wipes...",5.0,,5.0,,94.0,,99.0,baby,5.05,<=₹500
Eazy Trendz Girls Midi/Knee Length Casual Dress,450.0,,56.0,,349.0,,799.0,baby,56.32,<=₹500
Fisher-Price ultracare silicone food nibbler Soother,38.0,,15.0,,211.0,,249.0,baby,15.26,<=₹500
Orange and Orchid Girls Midi/Knee Length Party Dress,600.0,,60.0,,399.0,,999.0,baby,60.06,<=₹500
LuvLap Printed Crib AC Blanket,295.0,,49.0,,304.0,,599.0,baby,49.25,<=₹500
BLUESKY ENTERPRISE TOOTHPASTE-BRUSH-DISPENCER Plastic T...,478.0,,80.0,,116.0,,594.0,baby,80.47,<=₹500
"Bambo Nature Size 1, 2-4 kg, XS Size, 22 Count, for New...",0.0,,0.0,,799.0,,799.0,baby,0.0,"₹501–₹1,000"
Huggies Dry pants- Small - S,188.0,,20.0,,752.0,,940.0,baby,20.0,"₹501–₹1,000"
Huggies Dry pants- XL - XL,2.0,,2.0,,97.0,,99.0,baby,2.02,<=₹500
BELLA BABY HAPPY DIAPERS - New Born,70.0,,10.0,,629.0,,699.0,baby,10.01,"₹501–₹1,000"
The Moms Co. Natural Baby Hair Oil (200 ml) Hair Oil,25.0,,5.0,,470.0,,495.0,baby,5.05,<=₹500
Pampers Premium Care Pants - XL,35.0,,5.0,,664.0,,699.0,baby,5.01,"₹501–₹1,000"
Mothercare All We Know Baby Bath Milk - K3604,40.0,,10.0,,339.0,,379.0,baby,10.55,<=₹500
TONY STARK Baby Proofing Edge & Corner Guards | Extra L...,130.0,,21.0,,469.0,,599.0,baby,21.7,<=₹500
Sebamed Baby Childern's Shampoo Baby Boys & Baby Girls,0.0,,0.0,,427.0,,427.0,baby,0.0,<=₹500
Fareto Baby Mosquito Net Bed(0-6 Months) (Pink) print c...,670.0,,67.0,,329.0,,999.0,baby,67.07,<=₹500
Himalaya New Baby Powder,21.0,,10.0,,179.0,,200.0,baby,10.5,<=₹500
"Bambo Nature Size 5, 12-18 kg, Pants Style, XL, 19 Coun...",0.0,,0.0,,849.0,,849.0,baby,0.0,"₹501–₹1,000"
Mee&Mommy MANICURE-KIT,520.0,,74.0,,179.0,,699.0,baby,74.39,<=₹500
Pampers Baby Dry Size-XXL(15-25 Kg) 28+28 Diaper Pants ...,0.0,,0.0,,1398.0,,1398.0,baby,0.0,"₹1,001–₹5,000"
Himalaya GENTLE BABY WIPES 48 WIPES (PACK OF 3),0.0,,0.0,,429.0,,429.0,baby,0.0,<=₹500
"Bambo Nature Size 6, 18+ kg, Pants Style, XXL Size, 18 ...",0.0,,0.0,,849.0,,849.0,baby,0.0,"₹501–₹1,000"
Philips Avent Toddler Spout Cup With Twin Handle,86.0,,14.0,,509.0,,595.0,baby,14.45,"₹501–₹1,000"
Origami Wet Wipes Assorted Fragrance,2.0,,0.0,,398.0,,400.0,baby,0.5,<=₹500
Little Kids Musical Activity Walker,900.0,,25.0,,2699.0,,3599.0,baby,25.01,"₹1,001–₹5,000"
Manzon Track Pant For Boys & Girls,825.0,,75.0,,274.0,,1099.0,baby,75.07,<=₹500
topsale Chu Chu Bath Toys for Baby Non-Toxic Toddler Se...,300.0,,50.0,,299.0,,599.0,baby,50.08,<=₹500
SHOPINGZ NOW Velvet Bedding Set,1215.0,,81.0,,284.0,,1499.0,baby,81.05,<=₹500
SEASPIRIT Automatic Toothpaste Dispenser With 5 Toothbr...,101.0,,33.0,,198.0,,299.0,baby,33.78,<=₹500
First Trend Silicone Baby fruit Feeder Feeder,174.0,,58.0,,125.0,,299.0,baby,58.19,<=₹500
"Dignity Poochie 100% Biodegradable Baby Wipes, 150 x 20...",563.0,,43.0,,733.0,,1296.0,baby,43.44,"₹501–₹1,000"
BELLA COTTON COSMETIC BALLS COLOURED,2.0,,1.0,,127.0,,129.0,baby,1.55,<=₹500
Philips Avent Anti Colic - 520 ml,0.0,,0.0,,610.0,,610.0,baby,0.0,"₹501–₹1,000"
My New Born Cartoon Single Hooded Baby Blanket,2001.0,,80.0,,499.0,,2500.0,baby,80.04,<=₹500
Bey Bee : Paraben Free 98% Water Based Baby Wipes For N...,119.0,,37.0,,199.0,,318.0,baby,37.42,<=₹500
"MeeMee Anti-Bacterial Baby Liquid Cleanser for Fruits, ...",120.0,,15.0,,679.0,,799.0,baby,15.02,"₹501–₹1,000"
Nestle Nestum Rice Vegetables Cereal,0.0,,0.0,,157.0,,157.0,baby,0.0,<=₹500
Bey Bee Cotton Baby Bed Protecting Mat,179.0,,26.0,,499.0,,678.0,baby,26.4,<=₹500
Baby Dove Rich Moisture Massage Oil,25.0,,12.0,,174.0,,199.0,baby,12.56,<=₹500
Mamaearth Easy Tummy Roll On for Digestion and Colic Re...,25.0,,10.0,,224.0,,249.0,baby,10.04,<=₹500
Nestle Nan Excella Pro Follow-up Formula Powder (Stage ...,0.0,,0.0,,720.0,,720.0,baby,0.0,"₹501–₹1,000"
Icable Dungaree For Boys Applique Cotton Blend,360.0,,45.0,,439.0,,799.0,baby,45.06,<=₹500
MeeMee Anti-Bacterial Baby Liquid Cleanser (1.2L) Liqui...,98.0,,15.0,,551.0,,649.0,baby,15.1,"₹501–₹1,000"
BELLA BABY HAPPY DIAPERS - XL,2.0,,0.0,,737.0,,739.0,baby,0.27,"₹501–₹1,000"
ae Silicone Baby fruit Feeder/BPA Free/Food Feeder/Sili...,338.0,,59.0,,228.0,,566.0,baby,59.72,<=₹500
Mamaearth India's First Organic Bamboo Based Baby Wipes...,25.0,,10.0,,224.0,,249.0,baby,10.04,<=₹500
Bambo Nature Tape Diapers 2-4 kgs - New Born,150.0,,18.0,,649.0,,799.0,baby,18.77,"₹501–₹1,000"
Philips Avent NATURAL 2.0 BOTTLE 125ml Single - 125 ml,0.0,,0.0,,390.0,,390.0,baby,0.0,<=₹500
"AASA Baby Soft Powder Puff Box, Baby Powder Puff With C...",240.0,,60.0,,159.0,,399.0,baby,60.15,<=₹500
Honey Boo 3 in 1 Three Head Cartoon Printed Baby Steel ...,0.0,,0.0,,696.0,,696.0,baby,0.0,"₹501–₹1,000"
Pampers Premium Care Pant Diapers - S,0.0,,0.0,,799.0,,799.0,baby,0.0,"₹501–₹1,000"
Writing Fun-Set of 4 Books,191.0,,63.0,,108.0,,299.0,books,63.88,<=₹500
Death; An Inside Story,60.0,,20.0,,239.0,,299.0,books,20.07,<=₹500
Pathfinder Nda/Na National Defence Academy & Naval Acad...,145.0,,18.0,,630.0,,775.0,books,18.71,"₹501–₹1,000"
Attitude Is Everything: Change Your Attitude ... Change...,68.0,,34.0,,131.0,,199.0,books,34.17,<=₹500
25 Years Upsc IAS/ Ips Prelims Topic-Wise Solved Papers...,235.0,,44.0,,290.0,,525.0,books,44.76,<=₹500
Cbse Chapterwise Solved Papers 2019-2020 Physics Class ...,69.0,,23.0,,231.0,,300.0,books,23.0,<=₹500
Concepts of Phyics: v. 1,15.0,,3.0,,415.0,,430.0,books,3.49,<=₹500
My First Library - Boxset of 10 Board Books,400.0,,44.0,,499.0,,899.0,books,44.49,<=₹500
Indian Polity 5 Edition,219.0,,27.0,,581.0,,800.0,books,27.38,"₹501–₹1,000"
Alchemist,40.0,,20.0,,155.0,,195.0,books,20.51,<=₹500
Nta UGC Paper 1 Teaching and Research Aptitude,90.0,,20.0,,359.0,,449.0,books,20.04,<=₹500
Man's Search For Meaning: The classic tribute to hope f...,100.0,,33.0,,199.0,,299.0,books,33.44,<=₹500
Indian Art and Culture,169.0,,24.0,,526.0,,695.0,books,24.32,"₹501–₹1,000"
Rich Dad Poor Dad,96.0,,32.0,,203.0,,299.0,books,32.11,<=₹500
The Girl in Room 105,80.0,,40.0,,119.0,,199.0,books,40.2,<=₹500
Life's Amazing Secrets,60.0,,24.0,,190.0,,250.0,books,24.0,<=₹500
Atomic Habits,267.0,,38.0,,432.0,,699.0,books,38.2,<=₹500
Objective General English,82.0,,28.0,,203.0,,285.0,books,28.77,<=₹500
The Monk Who Sold His Ferrari,88.0,,39.0,,137.0,,225.0,books,39.11,<=₹500
Word Power Made Easy - The Complete Handbook for Buildi...,35.0,,20.0,,140.0,,175.0,books,20.0,<=₹500
Wish I Could Tell You,40.0,,20.0,,159.0,,199.0,books,20.1,<=₹500
NCERT Flamingo And Vistas Supplementary Reader Textbook...,11.0,,11.0,,89.0,,100.0,books,11.0,<=₹500
You Can Win,154.0,,38.0,,245.0,,399.0,books,38.6,<=₹500
Cbse Chemistry Chapterwise Solved Papers Class 12 2019-...,78.0,,28.0,,197.0,,275.0,books,28.36,<=₹500
Cbse Chapterwise Solved Papers 2019-2010 Mathematics Cl...,148.0,,44.0,,182.0,,330.0,books,44.85,<=₹500
India's Struggle For Independence,130.0,,32.0,,269.0,,399.0,books,32.58,<=₹500
A Thousand Splendid Suns,150.0,,30.0,,349.0,,499.0,books,30.06,<=₹500
The Power of Your Subconscious Mind,40.0,,20.0,,159.0,,199.0,books,20.1,<=₹500
Wise & Otherwise,50.0,,20.0,,200.0,,250.0,books,20.0,<=₹500
All in One English Language & Literature Cbse Class 10 ...,74.0,,16.0,,366.0,,440.0,books,16.82,<=₹500
ALCHEMIST,125.0,,35.0,,225.0,,350.0,books,35.71,<=₹500
Pathfinder Cds Combined Defence Services Entrance Exami...,232.0,,29.0,,543.0,,775.0,books,29.94,"₹501–₹1,000"
The Monk Who Sold His Ferrari,24.0,,12.0,,175.0,,199.0,books,12.06,<=₹500
Rich Dad Poor Dad,105.0,,35.0,,194.0,,299.0,books,35.12,<=₹500
Word Power Made Easy,44.0,,23.0,,145.0,,189.0,books,23.28,<=₹500
Eat that Frog! - 21 Great Ways to Stop Procastinating a...,50.0,,20.0,,200.0,,250.0,books,20.0,<=₹500
Bharat Ki Rajvyavastha,159.0,,21.0,,576.0,,735.0,books,21.63,"₹501–₹1,000"
Inner Engineering - A Yogi's Guide to Joy,113.0,,37.0,,186.0,,299.0,books,37.79,<=₹500
Mathematics for Class 11 Examination 2020-2021,0.0,,0.0,,645.0,,645.0,books,0.0,"₹501–₹1,000"
Something I Never Told You,50.0,,20.0,,200.0,,250.0,books,20.0,<=₹500
Certificate Physical and Human Geography,34.0,,10.0,,291.0,,325.0,books,10.46,<=₹500
The 5 AM Club,106.0,,30.0,,244.0,,350.0,books,30.29,<=₹500
THE DIARY OF A YOUNG GIRL,10.0,,6.0,,140.0,,150.0,books,6.67,<=₹500
Anthropology,72.0,,8.0,,787.0,,859.0,books,8.38,"₹501–₹1,000"
The NAMESAKE,105.0,,30.0,,245.0,,350.0,books,30.0,<=₹500
Srimad Bhagavad Gita As It Is : HINDI-2016- New Edition...,269.0,,56.0,,211.0,,480.0,books,56.04,<=₹500
General Knowledge 2021,24.0,,20.0,,96.0,,120.0,books,20.0,<=₹500
Great Stories for Children,80.0,,41.0,,115.0,,195.0,books,41.03,<=₹500
IMU CET Exam Full Package,800.0,,47.0,,899.0,,1699.0,books,47.09,"₹501–₹1,000"
Turning Points : A Journey Through Challanges,50.0,,20.0,,200.0,,250.0,books,20.0,<=₹500
Secrets of the Millionare Mind,69.0,,30.0,,156.0,,225.0,books,30.67,<=₹500
India Since Independence,135.0,,30.0,,315.0,,450.0,books,30.0,<=₹500
IIT- JAM Joint Admission Test for M.Sc. Mathematics 15 ...,98.0,,33.0,,192.0,,290.0,books,33.79,<=₹500
Think and Grow Rich,40.0,,20.0,,159.0,,199.0,books,20.1,<=₹500
Essential English Grammar,83.0,,36.0,,142.0,,225.0,books,36.89,<=₹500
Roses Are Blood Red,29.0,,14.0,,170.0,,199.0,books,14.57,<=₹500
Indian Polity,173.0,,20.0,,652.0,,825.0,books,20.97,"₹501–₹1,000"
India's Most Fearless 2,60.0,,20.0,,239.0,,299.0,books,20.07,<=₹500
IIT-JAM Joint Admission Test for M.Sc. from IITs Biotec...,40.0,,11.0,,310.0,,350.0,books,11.43,<=₹500
Everything is F*cked : - A Book About Hope,150.0,,30.0,,349.0,,499.0,books,30.06,<=₹500
Set Of Indian Army NER Soldier GD General Duty Recruitm...,35.0,,13.0,,230.0,,265.0,books,13.21,<=₹500
The Theory Of Everything,49.0,,24.0,,150.0,,199.0,books,24.62,<=₹500
"UPTET & CTETs Child Development & Education 
Knowledge ...",21.0,,10.0,,179.0,,200.0,books,10.5,<=₹500
Sochiye Aur Ameer Baniye,18.0,,10.0,,157.0,,175.0,books,10.29,<=₹500
Target High,320.0,,24.0,,979.0,,1299.0,books,24.63,"₹501–₹1,000"
Mathematics for Class 12,0.0,,0.0,,985.0,,985.0,books,0.0,"₹501–₹1,000"
Annihilation of Caste,150.0,,30.0,,349.0,,499.0,books,30.06,<=₹500
I've Never Been (Un)Happier,50.0,,20.0,,200.0,,250.0,books,20.0,<=₹500
Criminal Procedure - R.V. Kelkar's Criminal Procedure,0.0,,0.0,,795.0,,795.0,books,0.0,"₹501–₹1,000"
Who Will Cry When You Die?,43.0,,21.0,,156.0,,199.0,books,21.61,<=₹500
LOOKING FOR ALASKA,105.0,,30.0,,245.0,,350.0,books,30.0,<=₹500
You are the Best Wife,61.0,,34.0,,114.0,,175.0,books,34.86,<=₹500
Law of Torts with Consumer Protection Act,15.0,,2.0,,510.0,,525.0,books,2.86,"₹501–₹1,000"
Ancient and Medieval India,123.0,,22.0,,427.0,,550.0,books,22.36,<=₹500
The Malayala Manorama English Yearbook 2020,35.0,,11.0,,265.0,,300.0,books,11.67,<=₹500
Inner Engineering (Hindi),91.0,,45.0,,108.0,,199.0,books,45.73,<=₹500
The World's Favourite,259.0,,32.0,,540.0,,799.0,books,32.42,"₹501–₹1,000"
Rich Dad Poor Dad,114.0,,38.0,,185.0,,299.0,books,38.13,<=₹500
Odisha D.El.Ed(CT) Entrance Guide 2020,151.0,,27.0,,390.0,,541.0,books,27.91,<=₹500
The Power of Habit,180.0,,30.0,,419.0,,599.0,books,30.05,<=₹500
Why I am an Atheist and Other Works,35.0,,20.0,,140.0,,175.0,books,20.0,<=₹500
1001 Activities Book,40.0,,10.0,,360.0,,400.0,books,10.0,<=₹500
Bhagavad Gita Yatharoop,251.0,,55.0,,199.0,,450.0,books,55.78,<=₹500
Challenges to Internal Security of India,56.0,,19.0,,229.0,,285.0,books,19.65,<=₹500
Ram - Scion of Ikshvaku,161.0,,40.0,,238.0,,399.0,books,40.35,<=₹500
Train to Pakistan,50.0,,20.0,,200.0,,250.0,books,20.0,<=₹500
Ctet & Stets Paper 1 and Paper 2 Both,133.0,,33.0,,266.0,,399.0,books,33.33,<=₹500
The 5 AM Club,25.0,,10.0,,225.0,,250.0,books,10.0,<=₹500
Will You Still Love Me?,59.0,,29.0,,140.0,,199.0,books,29.65,<=₹500
41 Years' Chapterwise Topicwise Solved Papers (2019-197...,165.0,,35.0,,300.0,,465.0,books,35.48,<=₹500
Lucent Samanya Gyan & Arihant Samanya Gyan 2020,19.0,,8.0,,211.0,,230.0,books,8.26,<=₹500
India's Most Fearless,50.0,,20.0,,200.0,,250.0,books,20.0,<=₹500
Bharat Ki Rajvyavastha,187.0,,25.0,,538.0,,725.0,books,25.79,"₹501–₹1,000"
10000+ Objective MCQS with Explanatory Notes for Genera...,238.0,,28.0,,612.0,,850.0,books,28.0,"₹501–₹1,000"
Lucent's - General Knowledge 2019 Edition,41.0,,18.0,,175.0,,216.0,books,18.98,<=₹500
Time Management,20.0,,20.0,,79.0,,99.0,books,20.2,<=₹500
Badi Shoch Ka Bada Jadu,69.0,,30.0,,156.0,,225.0,books,30.67,<=₹500
"Think and Grow Rich - Magic Formula for Success, Wealth...",60.0,,24.0,,190.0,,250.0,books,24.0,<=₹500
The Power of your Subconscious Mind,9.0,,4.0,,190.0,,199.0,books,4.52,<=₹500
The Power of Your Subconscious Mind,23.0,,11.0,,172.0,,195.0,books,11.79,<=₹500
HOW TO TALK TO ANYONE,111.0,,31.0,,239.0,,350.0,books,31.71,<=₹500
The Girl Who Knew Too Much - What if the Loved One You ...,35.0,,20.0,,140.0,,175.0,books,20.0,<=₹500
All in One Social Science Class Class 9 2019-20,128.0,,31.0,,282.0,,410.0,books,31.22,<=₹500
Objective NCERT at your Fingertips for NEET-AIIMS - Che...,151.0,,21.0,,549.0,,700.0,books,21.57,"₹501–₹1,000"
7 Years UPSC [IAS/IPS MAINS] GENERAL STUDIES,101.0,,33.0,,199.0,,300.0,books,33.67,<=₹500
41 Years' Chapterwise Topicwise Solved Papers (2019-197...,139.0,,33.0,,271.0,,410.0,books,33.9,<=₹500
One Hundred Years of Solitude,120.0,,30.0,,279.0,,399.0,books,30.08,<=₹500
Jeet Aapki,131.0,,37.0,,219.0,,350.0,books,37.43,<=₹500
Modern Indian History With A Primer On Post Independenc...,161.0,,20.0,,624.0,,785.0,books,20.51,"₹501–₹1,000"
Life is What You Make it,31.0,,20.0,,119.0,,150.0,books,20.67,<=₹500
Jaya,150.0,,30.0,,349.0,,499.0,books,30.06,<=₹500
Objective Type Questions on Farm Machinery & Power And ...,25.0,,10.0,,225.0,,250.0,books,10.0,<=₹500
The Kite Runner,180.0,,36.0,,319.0,,499.0,books,36.07,<=₹500
The The Magic,135.0,,30.0,,315.0,,450.0,books,30.0,<=₹500
Xam Idea Complete Course Social Science for Cbse Class ...,66.0,,15.0,,357.0,,423.0,books,15.6,<=₹500
General Knowledge 2021,11.0,,36.0,,19.0,,30.0,books,36.67,<=₹500
"Three Thousand Stitches - Ordinary People, Extraordinar...",91.0,,36.0,,159.0,,250.0,books,36.4,<=₹500
"Diseases of Ear, Nose and Throat",126.0,,8.0,,1369.0,,1495.0,books,8.43,"₹1,001–₹5,000"
Oxford Student Atlas for India,51.0,,17.0,,248.0,,299.0,books,17.06,<=₹500
"Business School (only Book, Without Audio Cd)",81.0,,36.0,,144.0,,225.0,books,36.0,<=₹500
Bharat Nehru Ke Baad,127.0,,28.0,,323.0,,450.0,books,28.22,<=₹500
Light from Many Lamps,150.0,,30.0,,349.0,,499.0,books,30.06,<=₹500
Angels And Demons,120.0,,30.0,,279.0,,399.0,books,30.08,<=₹500
COMBO: CSIR-JRF-NET: Life Sciences Fundamentals And Pra...,242.0,,25.0,,698.0,,940.0,books,25.74,"₹501–₹1,000"
Englishwale.com English Speaking Course Book,70.0,,25.0,,210.0,,280.0,books,25.0,<=₹500
Bechana Seekho Aur Safal Bano,107.0,,30.0,,243.0,,350.0,books,30.57,<=₹500
IAS Mains Chapterwise Solved Papers General Studies 202...,126.0,,28.0,,324.0,,450.0,books,28.0,<=₹500
How to Read a Book,120.0,,30.0,,279.0,,399.0,books,30.08,<=₹500
32 Years Chapterwise Solution (1998-2019) Neet Biology,65.0,,21.0,,235.0,,300.0,books,21.67,<=₹500
Physics for Joint Entrance Examination Jee (Advanced) E...,199.0,,28.0,,500.0,,699.0,books,28.47,<=₹500
Norwegian Wood,250.0,,41.0,,349.0,,599.0,books,41.74,<=₹500
THREE BOOKS COMBO OF 32 Years NEET-AIPMT Chapterwise So...,330.0,,34.0,,620.0,,950.0,books,34.74,"₹501–₹1,000"
All in One Science Cbse Class 9 2019-20 - Book,120.0,,29.0,,290.0,,410.0,books,29.27,<=₹500
Comprehensive Ophthalmology - comprehensive ophthalmolo...,360.0,,25.0,,1050.0,,1410.0,books,25.53,"₹1,001–₹5,000"
T.S. Grewal's Double Entry Book Keeping: Accounting for...,7.0,,1.0,,443.0,,450.0,books,1.56,<=₹500
The Belated Bachelor Party,40.0,,20.0,,159.0,,199.0,books,20.1,<=₹500
Problems in Physical Chemistry for Jee (Main & Advanced...,0.0,,0.0,,498.0,,498.0,books,0.0,<=₹500
Harry Potter and the Deathly Hallows,280.0,,40.0,,419.0,,699.0,books,40.06,<=₹500
The Palace of Illusions: 10th Anniversary Edition,167.0,,23.0,,532.0,,699.0,books,23.89,"₹501–₹1,000"
The Orient Blackswan Atlas for Competitive Exams,2.0,,0.0,,248.0,,250.0,books,0.8,<=₹500
All in One Chemistry Cbse Class 11 2019-20,144.0,,29.0,,346.0,,490.0,books,29.39,<=₹500
"Wake Up, Life is Calling",55.0,,27.0,,144.0,,199.0,books,27.64,<=₹500
Her Last Wish,48.0,,27.0,,127.0,,175.0,books,27.43,<=₹500
The English Acumen Grammar + Vocabulary + Comprehension,31.0,,8.0,,349.0,,380.0,books,8.16,<=₹500
Ignited Minds - Unleashing the Power within India,40.0,,20.0,,159.0,,199.0,books,20.1,<=₹500
Concepts of Physics 2 1st  Edition,7.0,,1.0,,433.0,,440.0,books,1.59,<=₹500
Ikigai - The Japanese Secret to a Long and Happy Life,184.0,,36.0,,315.0,,499.0,books,36.87,<=₹500
"MEN ARE FROM MARS, WOMEN ARE FROM VENUS",105.0,,30.0,,245.0,,350.0,books,30.0,<=₹500
Angels & Demons,0.0,,0.0,,350.0,,350.0,books,0.0,<=₹500
How to Prepare for Logical Reasoning for CAT,195.0,,28.0,,500.0,,695.0,books,28.06,<=₹500
"Bahut Door, Kitna Door Hota Hai (Hindi)",32.0,,16.0,,168.0,,200.0,books,16.0,<=₹500
Success Master Ctet Paper-I Class 1 to 5 2020,165.0,,34.0,,320.0,,485.0,books,34.02,<=₹500
Biology - Textbook For Class 12,17.0,,8.0,,178.0,,195.0,books,8.72,<=₹500
The Official Cambridge Guide to Ielts Student's Book wi...,322.0,,42.0,,428.0,,750.0,books,42.93,<=₹500
ALL THE LIGHT WE CANNOT SEE,150.0,,30.0,,349.0,,499.0,books,30.06,<=₹500
The House with the Green Roof,179.0,,44.0,,220.0,,399.0,books,44.86,<=₹500
The Immortals of Meluha,150.0,,37.0,,249.0,,399.0,books,37.59,<=₹500
Mechanical Engineering,152.0,,21.0,,547.0,,699.0,books,21.75,"₹501–₹1,000"
My Gita,106.0,,35.0,,189.0,,295.0,books,35.93,<=₹500
"Because Life is a Gift - Stories of Hope, Courage and P...",44.0,,29.0,,106.0,,150.0,books,29.33,<=₹500
Important Judgements That Transformed India,41.0,,16.0,,209.0,,250.0,books,16.4,<=₹500
Bharat,94.0,,20.0,,356.0,,450.0,books,20.89,<=₹500
Mathematics For Class -12 By R D Sharma (Set Of 2 Volum...,216.0,,18.0,,984.0,,1200.0,books,18.0,"₹501–₹1,000"
Fast Track Objective Arithmetic,139.0,,29.0,,326.0,,465.0,books,29.89,<=₹500
General Practice,95.0,,13.0,,620.0,,715.0,books,13.29,"₹501–₹1,000"
Nta UGC- Net/Set/Jrf Paper I - Teaching and Research Ap...,113.0,,25.0,,336.0,,449.0,books,25.17,<=₹500
Indian Army NER Soldier GD General Duty Recruitment Exa...,8.0,,5.0,,131.0,,139.0,books,5.76,<=₹500
Indian Army NER Soldier GD General Duty Recruitment Exa...,7.0,,5.0,,130.0,,137.0,books,5.11,<=₹500
Target Viteee 2020 - Past 14 Years (2019-2006) Solved P...,214.0,,44.0,,266.0,,480.0,books,44.58,<=₹500
Nta UGC Net/Jrf/Slet General Paper-1 Teaching & Researc...,117.0,,30.0,,273.0,,390.0,books,30.0,<=₹500
41 Years' Chapterwise Topicwise Solved Papers (2019-197...,130.0,,27.0,,335.0,,465.0,books,27.96,<=₹500
151 Essays,119.0,,35.0,,216.0,,335.0,books,35.52,<=₹500
Objective Computer Awareness,28.0,,20.0,,112.0,,140.0,books,20.0,<=₹500
Miss & Chief My First Book of Patterns - Pencil Control,40.0,,20.0,,159.0,,199.0,books,20.1,<=₹500
FMGE Solutions for MCI Screening Examination,221.0,,13.0,,1474.0,,1695.0,books,13.04,"₹1,001–₹5,000"
The Forest of Enchantments,120.0,,30.0,,279.0,,399.0,books,30.08,<=₹500
Epfo Enforcement Officer Account Officer 2nd Edition,30.0,,17.0,,140.0,,170.0,books,17.65,<=₹500
Business Studies For Class-12 By Poonam Gandhi For ( 20...,5.0,,0.0,,499.0,,504.0,books,0.99,<=₹500
Physical Geography,3.0,,0.0,,362.0,,365.0,books,0.82,<=₹500
ICAR AIEEA UG 2020 English Edition,141.0,,23.0,,459.0,,600.0,books,23.5,<=₹500
When Breath Becomes Air,206.0,,34.0,,393.0,,599.0,books,34.39,<=₹500
How to Win Friends and Influence People,40.0,,20.0,,159.0,,199.0,books,20.1,<=₹500
Mathematics for Joint Entrance Examination Jee (Advance...,236.0,,26.0,,663.0,,899.0,books,26.25,"₹501–₹1,000"
The Secret of the Nagas,138.0,,34.0,,261.0,,399.0,books,34.59,<=₹500
Blackbook Of English Vocabulary (SSC Vocabulary) New Ed...,81.0,,22.0,,279.0,,360.0,books,22.5,<=₹500
The Magic Of The Lost Temple,40.0,,20.0,,159.0,,199.0,books,20.1,<=₹500
My First 1000 Words,150.0,,42.0,,199.0,,349.0,books,42.98,<=₹500
15 years Karnataka CET Chapterwise Solutions PCM,110.0,,27.0,,290.0,,400.0,books,27.5,<=₹500
The Forty Rules of Love,150.0,,30.0,,349.0,,499.0,books,30.06,<=₹500
A Brief History of Modern India,181.0,,43.0,,234.0,,415.0,books,43.61,<=₹500
Indian Economic Development for Class 12 (Examination 2...,0.0,,0.0,,245.0,,245.0,books,0.0,<=₹500
Being Love: Creating Beautiful Relationships,135.0,,30.0,,315.0,,450.0,books,30.0,<=₹500
Moonwalking with Einstein : The Art and,100.0,,20.0,,399.0,,499.0,books,20.04,<=₹500
How to Win Friends and Influence People - The First and...,0.0,,0.0,,199.0,,199.0,books,0.0,<=₹500
Becoming,300.0,,30.0,,699.0,,999.0,books,30.03,"₹501–₹1,000"
Objective NCERT at your FINGERTIPS for NEET-AIIMS - Bio...,200.0,,23.0,,650.0,,850.0,books,23.53,"₹501–₹1,000"
Pitman Shorthand Instructor And Key 1st  Edition,41.0,,24.0,,128.0,,169.0,books,24.26,<=₹500
25 Years' Chapterwise Solved Questions IAS Pre General ...,112.0,,28.0,,287.0,,399.0,books,28.07,<=₹500
The Discovery of India,270.0,,38.0,,429.0,,699.0,books,38.63,<=₹500
Drishti Ias Mains Solved Papers,5.0,,1.0,,355.0,,360.0,books,1.39,<=₹500
Who Will Cry When You Die?,20.0,,10.0,,165.0,,185.0,books,10.81,<=₹500
Bharat Ka Bhugol: Civil Seva/Rajya Seva Ki Prarambhik E...,140.0,,24.0,,425.0,,565.0,books,24.78,<=₹500
Together with Social Science Study Material for Class 1...,42.0,,9.0,,387.0,,429.0,books,9.79,<=₹500
Objective Physics for Neet 2020,109.0,,15.0,,586.0,,695.0,books,15.68,"₹501–₹1,000"
All the Bright Places,80.0,,20.0,,319.0,,399.0,books,20.05,<=₹500
How to Prepare for Verbal Ability and Reading Comprehen...,251.0,,28.0,,644.0,,895.0,books,28.04,"₹501–₹1,000"
Autobiography of a Yogi,40.0,,20.0,,159.0,,199.0,books,20.1,<=₹500
Bank PO Solved Papers English Language 2020,93.0,,30.0,,217.0,,310.0,books,30.0,<=₹500
The Original Rider Waite Tarot Deck,121.0,,10.0,,999.0,,1120.0,books,10.8,"₹501–₹1,000"
Harry Potter and the Half-Blood Prince,115.0,,16.0,,584.0,,699.0,books,16.45,"₹501–₹1,000"
Rahasya / The Secret,148.0,,37.0,,251.0,,399.0,books,37.09,<=₹500
Encyclopedia of General Science for General Competition...,79.0,,32.0,,166.0,,245.0,books,32.24,<=₹500
Something Happened On The Way To Heaven,38.0,,15.0,,212.0,,250.0,books,15.2,<=₹500
Guide for Nift/Nid/Iift 2021,187.0,,29.0,,438.0,,625.0,books,29.92,<=₹500
Modern Approach to Chemical Calculations,0.0,,0.0,,570.0,,570.0,books,0.0,"₹501–₹1,000"
Guide To JAIIB Legal Aspects Principles Of Banking & Ac...,157.0,,10.0,,1322.0,,1479.0,books,10.62,"₹1,001–₹5,000"
Harry Potter BoxSet 2014,1621.0,,38.0,,2629.0,,4250.0,books,38.14,"₹1,001–₹5,000"
FREAKONOMICS - A Rogue Economist Explores the Hidden Si...,105.0,,30.0,,245.0,,350.0,books,30.0,<=₹500
Pyjamas are Forgiving,97.0,,29.0,,228.0,,325.0,books,29.85,<=₹500
The Power of Your Subconscious Mind,90.0,,18.0,,410.0,,500.0,books,18.0,<=₹500
The Power of Your Subconscious Mind,0.0,,0.0,,170.0,,170.0,books,0.0,<=₹500
Indian Economy,126.0,,28.0,,324.0,,450.0,books,28.0,<=₹500
"NCERT SAR UPSC COMBO, NCERT SAR Bhartiya Arthvyavastha ...",661.0,,42.0,,879.0,,1540.0,books,42.92,"₹501–₹1,000"
Peppa Pig: Little Library,50.0,,20.0,,200.0,,250.0,books,20.0,<=₹500
Think and Grow Rich,195.0,,13.0,,1299.0,,1494.0,books,13.05,"₹1,001–₹5,000"
Think and Grow Rich - Unabridged Text of First Edition,200.0,,22.0,,699.0,,899.0,books,22.25,"₹501–₹1,000"
"Think and Grow Rich - Magic Formula for Success, Wealth...",19.0,,9.0,,176.0,,195.0,books,9.74,<=₹500
Think and Grow Rich,430.0,,28.0,,1079.0,,1509.0,books,28.5,"₹1,001–₹5,000"
Think and Grow Rich,518.0,,22.0,,1790.0,,2308.0,books,22.44,"₹1,001–₹5,000"
"Think and Grow Rich - Magic Formula for Success, Wealth...",220.0,,29.0,,529.0,,749.0,books,29.37,"₹501–₹1,000"
Think and Grow Rich,360.0,,28.0,,899.0,,1259.0,books,28.59,"₹501–₹1,000"
Oxford School ATLAS - Highly Detailed Maps Latest Relia...,19.0,,5.0,,355.0,,374.0,books,5.08,<=₹500
"7 Mindsets for Success, Happiness and Fulfillment - Unl...",55.0,,18.0,,244.0,,299.0,books,18.39,<=₹500
The Forest of Enchantments,180.0,,30.0,,419.0,,599.0,books,30.05,<=₹500
NEET Most Wanted Biology: 40 Day Revision Plan For NEET...,90.0,,18.0,,390.0,,480.0,books,18.75,<=₹500
Believe in Yourself,24.0,,9.0,,221.0,,245.0,books,9.8,<=₹500
Believe in Yourself,14.0,,9.0,,131.0,,145.0,books,9.66,<=₹500
Believe in Yourself,90.0,,27.0,,239.0,,329.0,books,27.36,<=₹500
Chanakya Neeti,76.0,,25.0,,223.0,,299.0,books,25.42,<=₹500
The Subtle Art of Not Giving a F*ck - A Counterintuitiv...,174.0,,34.0,,325.0,,499.0,books,34.87,<=₹500
ONE MINUTE MANAGER,40.0,,20.0,,159.0,,199.0,books,20.1,<=₹500
Breaking India,300.0,,30.0,,699.0,,999.0,books,30.03,"₹501–₹1,000"
"Textbook of Anatomy Head, Neck, and Brain; Volume III",170.0,,18.0,,729.0,,899.0,books,18.91,"₹501–₹1,000"
Without Fear,60.0,,20.0,,239.0,,299.0,books,20.07,<=₹500
Flowers on the Path,45.0,,30.0,,105.0,,150.0,books,30.0,<=₹500
UGC NET JRF SLET General Paper-1 Teaching and Research ...,135.0,,36.0,,240.0,,375.0,books,36.0,<=₹500
Fast Track Objective Arithmetic 2012,172.0,,36.0,,293.0,,465.0,books,36.99,<=₹500
"Men are from Mars, Women are from Venus",25.0,,10.0,,225.0,,250.0,books,10.0,<=₹500
Play With Advanced Maths By Abhinay Sharma,115.0,,25.0,,345.0,,460.0,books,25.0,<=₹500
The Book Thief,100.0,,20.0,,399.0,,499.0,books,20.04,<=₹500
"Romancing the Balance Sheet: For Anyone Who Owns, Runs ...",270.0,,30.0,,629.0,,899.0,books,30.03,"₹501–₹1,000"
The Very Hungry Caterpillar: Touch and Feel Playbook,80.0,,20.0,,319.0,,399.0,books,20.05,<=₹500
Mind is Your Business / Body the Greatest Gadget,40.0,,20.0,,159.0,,199.0,books,20.1,<=₹500
Indian Army NER Soldier GD General Duty Recruitment Exa...,2.0,,1.0,,128.0,,130.0,books,1.54,<=₹500
The Intelligent Investor,150.0,,25.0,,449.0,,599.0,books,25.04,<=₹500
How to Crack Test of Reasoning- Revised Edition,22.0,,9.0,,213.0,,235.0,books,9.36,<=₹500
Colouring Books for Kids (Set of 12 Books),480.0,,60.0,,319.0,,799.0,books,60.08,<=₹500
Harry Potter and the Goblet of Fire,210.0,,30.0,,489.0,,699.0,books,30.04,<=₹500
28 Mock Test Series for Olympiads Class 3,92.0,,41.0,,128.0,,220.0,books,41.82,<=₹500
A Man Called Ove,41.0,,11.0,,309.0,,350.0,books,11.71,<=₹500
Before Memory Fades,62.0,,13.0,,388.0,,450.0,books,13.78,<=₹500
VERONIKA DECIDES TO DIE,105.0,,30.0,,245.0,,350.0,books,30.0,<=₹500
Cbse English Core Chapterwise Solved Papers Class 12 20...,115.0,,35.0,,210.0,,325.0,books,35.38,<=₹500
"Ncert Solutions Physics,Chemistry,Mathematics Class 12t...",184.0,,29.0,,431.0,,615.0,books,29.92,<=₹500
21st Shatabdi Mein Anthrashtriya Sambandh,39.0,,18.0,,176.0,,215.0,books,18.14,<=₹500
Ghai Essential Pediatrics - Ghai Essential Pediatrics,173.0,,15.0,,922.0,,1095.0,books,15.8,"₹501–₹1,000"
Half Torn Hearts,40.0,,20.0,,159.0,,199.0,books,20.1,<=₹500
Nta UGC Net Education 2019,197.0,,30.0,,443.0,,640.0,books,30.78,<=₹500
Dharmayoddha Kalki - Avatar of Vishnu Book 1,100.0,,33.0,,199.0,,299.0,books,33.44,<=₹500
Think and Grow Rich,340.0,,28.0,,849.0,,1189.0,books,28.6,"₹501–₹1,000"
Oswaal Cbse Question Bank Class 10 Science Book Chapter...,109.0,,21.0,,390.0,,499.0,books,21.84,<=₹500
Themes in Indian History for Class - 12 (Set of 3 Parts...,0.0,,0.0,,385.0,,385.0,books,0.0,<=₹500
The Rudest Book Ever,56.0,,18.0,,243.0,,299.0,books,18.73,<=₹500
An Era of Darkness - the ugly truth about british rule ...,314.0,,39.0,,485.0,,799.0,books,39.3,<=₹500
PRINCIPAL UPANISADS,330.0,,33.0,,669.0,,999.0,books,33.03,"₹501–₹1,000"
How to Crack Test of Reasoning- Revised Edition,47.0,,20.0,,188.0,,235.0,books,20.0,<=₹500
Banking Awareness for SBI & IBPS Bank Clerk/ PO/ RRB/ R...,85.0,,40.0,,125.0,,210.0,books,40.48,<=₹500
All in One Mathematics CBSE Class 10 2019-20,153.0,,34.0,,297.0,,450.0,books,34.0,<=₹500
Bank Financial Management And Advanced Bank Management ...,310.0,,15.0,,1670.0,,1980.0,books,15.66,"₹1,001–₹5,000"
Jeetna Hai to Jid Karo,27.0,,20.0,,108.0,,135.0,books,20.0,<=₹500
Jawahar Navodaya Vidyalaya Entrance Exam 2021 Class 6,97.0,,29.0,,228.0,,325.0,books,29.85,<=₹500
Physics for Joint Entrance Examination Jee (Advanced) M...,279.0,,31.0,,620.0,,899.0,books,31.03,"₹501–₹1,000"
The Fountainhead,120.0,,30.0,,279.0,,399.0,books,30.08,<=₹500
Ivory Throne: Chronicles of the House of Travancore,225.0,,30.0,,525.0,,750.0,books,30.0,"₹501–₹1,000"
Pearson IIT Foundation Series Class 6 mathematics|2020 ...,98.0,,28.0,,247.0,,345.0,books,28.41,<=₹500
CENGAGE PHYSICS MAGNETISM & ELECTROMAGNETIC INDUCTION(E...,124.0,,22.0,,425.0,,549.0,books,22.59,<=₹500
Mathematics for NDA And NA (R.S. Aggarwal),121.0,,18.0,,529.0,,650.0,books,18.62,"₹501–₹1,000"
Lok Vyavhar (Hindi Translation of How to Win Friends & ...,22.0,,14.0,,128.0,,150.0,books,14.67,<=₹500
Jeevan Ke Adbhut Rahasya,40.0,,20.0,,159.0,,199.0,books,20.1,<=₹500
The Bird With Golden Wings,40.0,,20.0,,159.0,,199.0,books,20.1,<=₹500
If it’s Not Forever - It’s Not Love,40.0,,20.0,,159.0,,199.0,books,20.1,<=₹500
You Can Heal Your Life,1.0,,0.0,,199.0,,200.0,books,0.5,<=₹500
Oxford Student Atlas for Competitive Exams,0.0,,0.0,,280.0,,280.0,books,0.0,<=₹500
"Shortcuts in Reasoning (Verbal, Non-Verbal, Analytical ...",38.0,,30.0,,87.0,,125.0,books,30.4,<=₹500
Fire On The Mountain,52.0,,17.0,,247.0,,299.0,books,17.39,<=₹500
Factfulness,192.0,,38.0,,307.0,,499.0,books,38.48,<=₹500
The Magic of Thinking Big,70.0,,31.0,,155.0,,225.0,books,31.11,<=₹500
"Marry Me, Stranger",22.0,,12.0,,153.0,,175.0,books,12.57,<=₹500
House Of Cards,38.0,,15.0,,212.0,,250.0,books,15.2,<=₹500
25 Varsh Upsc IAS/ Ips Prarambhik Topic-Wise Solved Pap...,176.0,,33.0,,349.0,,525.0,books,33.52,<=₹500
Handbook of Physics,67.0,,26.0,,183.0,,250.0,books,26.8,<=₹500
Indian Airforce Airman Group 'X' (Technical Trades) 202...,55.0,,18.0,,240.0,,295.0,books,18.64,<=₹500
Spoken English Guru Englishwale kit,1760.0,,58.0,,1239.0,,2999.0,books,58.69,"₹1,001–₹5,000"
Forever is True,40.0,,20.0,,159.0,,199.0,books,20.1,<=₹500
You Can Heal Your Life,135.0,,30.0,,315.0,,450.0,books,30.0,<=₹500
I Too Had a Love Story,40.0,,20.0,,159.0,,199.0,books,20.1,<=₹500
Pathfinder Nda/Na National Defence Academy & Naval Acad...,211.0,,27.0,,544.0,,755.0,books,27.95,"₹501–₹1,000"
How to Prepare for Verbal Ability and Reading Comprehen...,128.0,,14.0,,747.0,,875.0,books,14.63,"₹501–₹1,000"
How to Prepare for Verbal Ability and Reading Comprehen...,275.0,,30.0,,620.0,,895.0,books,30.73,"₹501–₹1,000"
Fundamentals of Plant Physiology,70.0,,13.0,,455.0,,525.0,books,13.33,<=₹500
India 2020 - A Vision for the New Millennium,52.0,,13.0,,347.0,,399.0,books,13.03,<=₹500
Awaken The Giant Within,180.0,,30.0,,419.0,,599.0,books,30.05,<=₹500
How To Win Friends & Influence People - The First and S...,126.0,,56.0,,99.0,,225.0,books,56.0,<=₹500
Oswaal Cbse Question Bank Chapterwise & Topicwise Solve...,100.0,,25.0,,299.0,,399.0,books,25.06,<=₹500
Aapke Avachetan Man Ki Shakti,35.0,,24.0,,110.0,,145.0,books,24.14,<=₹500
Midnight's Children,175.0,,35.0,,324.0,,499.0,books,35.07,<=₹500
"Forget Me Not, Stranger",22.0,,12.0,,153.0,,175.0,books,12.57,<=₹500
21vi SADI KA VYVASAYA,70.0,,31.0,,155.0,,225.0,books,31.11,<=₹500
A Gentleman in Moscow,100.0,,20.0,,399.0,,499.0,books,20.04,<=₹500
All in One Biology Cbse Class 11 2019-20,147.0,,29.0,,353.0,,500.0,books,29.4,<=₹500
A Handbook for Letter Writing,36.0,,24.0,,114.0,,150.0,books,24.0,<=₹500
Pearson IIT Foundation Series Class 8 Mathematics,162.0,,28.0,,408.0,,570.0,books,28.42,<=₹500
Very First Sight Words Sentences Level - 2,35.0,,21.0,,125.0,,160.0,books,21.88,<=₹500
My First Book of Patterns Capital Letter,40.0,,20.0,,159.0,,199.0,books,20.1,<=₹500
Marketing Management 15e (with free INDIAN CASES book),88.0,,8.0,,961.0,,1049.0,books,8.39,"₹501–₹1,000"
Rapidex English for Hindi Speakers,34.0,,14.0,,201.0,,235.0,books,14.47,<=₹500
Wbcs General Studies Manual,181.0,,23.0,,584.0,,765.0,books,23.66,"₹501–₹1,000"
Hindi Sulekh Pustak - Bhag - 1,5.0,,5.0,,95.0,,100.0,books,5.0,<=₹500
Who Moved My Cheese,40.0,,20.0,,159.0,,199.0,books,20.1,<=₹500
Jaya,0.0,,0.0,,575.0,,575.0,books,0.0,"₹501–₹1,000"
Civil Booster Civil Engineering Hand Book With Formula ...,70.0,,14.0,,425.0,,495.0,books,14.14,<=₹500
It Started With A Friend Request,81.0,,46.0,,94.0,,175.0,books,46.29,<=₹500
Emotion & Relationships,78.0,,31.0,,172.0,,250.0,books,31.2,<=₹500
Epfo Pravatan Adhikari (Enforcement Officer Account Off...,35.0,,20.0,,135.0,,170.0,books,20.59,<=₹500
12 Years' Solved Papers Cbse Aipmt & Neet 2020,154.0,,34.0,,291.0,,445.0,books,34.61,<=₹500
IRRFAN KHAN,161.0,,32.0,,339.0,,500.0,books,32.2,<=₹500
Your Prime Minister is Dead,79.0,,20.0,,316.0,,395.0,books,20.0,<=₹500
Samany Hindi,40.0,,19.0,,165.0,,205.0,books,19.51,<=₹500
Mastering Numericals and Objectives of Physics for Clas...,105.0,,30.0,,245.0,,350.0,books,30.0,<=₹500
Word Power Made Easy,51.0,,12.0,,348.0,,399.0,books,12.78,<=₹500
12 Rules for Life,150.0,,30.0,,349.0,,499.0,books,30.06,<=₹500
Think & Grow Rich!,61.0,,30.0,,138.0,,199.0,books,30.65,<=₹500
Manipal Manual of Surgery,0.0,,0.0,,1495.0,,1495.0,books,0.0,"₹1,001–₹5,000"
The 7 Habits Of Highly Effective People,180.0,,30.0,,419.0,,599.0,books,30.05,<=₹500
Pathfinder Nda/Na National Defence Academy & Naval Acad...,209.0,,28.0,,536.0,,745.0,books,28.05,"₹501–₹1,000"
Understanding Physics for Jee Main and Advanced Electri...,90.0,,20.0,,360.0,,450.0,books,20.0,<=₹500
"All Yours, Stranger",22.0,,12.0,,153.0,,175.0,books,12.57,<=₹500
Class Notes Of Maths (English) By Rakesh Yadav Sir,115.0,,34.0,,215.0,,330.0,books,34.85,<=₹500
Geography of India,187.0,,25.0,,558.0,,745.0,books,25.1,"₹501–₹1,000"
NEET Most Wanted Biology: 40 Day Revision Plan For NEET...,80.0,,16.0,,400.0,,480.0,books,16.67,<=₹500
ESSAYS for Civil Services and Other Competitive Examina...,25.0,,20.0,,100.0,,125.0,books,20.0,<=₹500
Till The Last Breath . . .,40.0,,20.0,,159.0,,199.0,books,20.1,<=₹500
How to Win Friends & Influence People,25.0,,14.0,,145.0,,170.0,books,14.71,<=₹500
Bank PO Solved Papers Quantitave Aptitude 2020,105.0,,30.0,,245.0,,350.0,books,30.0,<=₹500
Magbook Indian & World Geography 2020,74.0,,32.0,,156.0,,230.0,books,32.17,<=₹500
A Competitive Book of Agriculture,6.0,,1.0,,319.0,,325.0,books,1.85,<=₹500
JONATHAN LIVINGSTON SEAGULL,50.0,,20.0,,200.0,,250.0,books,20.0,<=₹500
Surely You're Joking Mr Feynman,120.0,,20.0,,479.0,,599.0,books,20.03,<=₹500
Bhagavad Gita As It Is [New Edition](English),278.0,,55.0,,221.0,,499.0,books,55.71,<=₹500
"Here, There and Everywhere",20.0,,8.0,,230.0,,250.0,books,8.0,<=₹500
The Mother I Never Knew,38.0,,15.0,,212.0,,250.0,books,15.2,<=₹500
10 Years Solved Papers,281.0,,28.0,,711.0,,992.0,books,28.33,"₹501–₹1,000"
Mathematics For Class -11 By R D Sharma (Set Of 2 Volum...,535.0,,44.0,,665.0,,1200.0,books,44.58,"₹501–₹1,000"
Cmat 2019 - CMAT 2019 with 0 Disc,166.0,,34.0,,309.0,,475.0,books,34.95,<=₹500
The Great Gatsby,7.0,,3.0,,199.0,,206.0,books,3.4,<=₹500
T.S. Grewal's Double Entry Book Keeping: Accounting For...,11.0,,0.0,,1139.0,,1150.0,books,0.96,"₹1,001–₹5,000"
Workbook On Echoes ISC Collection Of Short Stories,10.0,,3.0,,282.0,,292.0,books,3.42,<=₹500
Peppa Pig: Fairy Tale Little Library,38.0,,15.0,,212.0,,250.0,books,15.2,<=₹500
Shaw's Textbook of Gynaecology,204.0,,14.0,,1245.0,,1449.0,books,14.08,"₹1,001–₹5,000"
Think and Grow Rich,4.0,,2.0,,195.0,,199.0,books,2.01,<=₹500
17 Years' Chapterwise Solutions Mathematics Jee Main 20...,85.0,,29.0,,200.0,,285.0,books,29.82,<=₹500
Combo Set For Jaiib Principles / Accounting And Legal 3...,217.0,,14.0,,1295.0,,1512.0,books,14.35,"₹1,001–₹5,000"
The Power Of Your Subconscious Mind,83.0,,41.0,,116.0,,199.0,books,41.71,<=₹500
"Applied Psychology, Third Edition",15.0,,3.0,,460.0,,475.0,books,3.16,<=₹500
How to Win Friends & Influence People - The First and S...,23.0,,15.0,,127.0,,150.0,books,15.33,<=₹500
How to Win Friends and Influence People - The First and...,39.0,,20.0,,156.0,,195.0,books,20.0,<=₹500
How To Win Friends & Influence People,0.0,,0.0,,349.0,,349.0,books,0.0,<=₹500
How to Win Friends and Influence People - The First and...,79.0,,20.0,,316.0,,395.0,books,20.0,<=₹500
Ati Parbhaawkari Logo Ki Saat Aadatei,124.0,,35.0,,226.0,,350.0,books,35.43,<=₹500
IIMA,31.0,,10.0,,268.0,,299.0,books,10.37,<=₹500
Encyclopedia of Samanya Vigyan - Sabhi Pratiyoge Pariks...,87.0,,32.0,,178.0,,265.0,books,32.83,<=₹500
Rapidex English Speaking Course For Early Learning,11.0,,4.0,,249.0,,260.0,books,4.23,<=₹500
Think and Grow Rich,0.0,,0.0,,145.0,,145.0,books,0.0,<=₹500
The Power of Your Subconscious Mind,100.0,,16.0,,499.0,,599.0,books,16.69,<=₹500
Bolna Hi Hai,5.0,,2.0,,245.0,,250.0,books,2.0,<=₹500
The Intelligent Investor (English) Paperback – 2013 Pap...,554.0,,69.0,,245.0,,799.0,books,69.34,<=₹500
ISC Workbook On REVERIE (ISC Collection Of Poems),0.0,,0.0,,282.0,,282.0,books,0.0,<=₹500
Babylon KA Subse Ameer Aadmi,58.0,,29.0,,137.0,,195.0,books,29.74,<=₹500
My Journey - Transforming Dreams into Actions,47.0,,24.0,,148.0,,195.0,books,24.1,<=₹500
Descriptive English,76.0,,26.0,,209.0,,285.0,books,26.67,<=₹500
Mathematics for Class 10,10.0,,1.0,,535.0,,545.0,books,1.83,"₹501–₹1,000"
Mathematics for Class 10,1.0,,0.0,,539.0,,540.0,books,0.19,"₹501–₹1,000"
15 Practice Sets CTET Paper-1 Class 1-5 Shikshak Ke Liy...,45.0,,20.0,,180.0,,225.0,books,20.0,<=₹500
Everyone Has A Story,45.0,,20.0,,180.0,,225.0,books,20.0,<=₹500
Face To Face CAT 27 years Sectionwise & Topicwise solve...,160.0,,29.0,,375.0,,535.0,books,29.91,<=₹500
Five Feet Apart,105.0,,30.0,,245.0,,350.0,books,30.0,<=₹500
LIGHT ON YOGA,150.0,,30.0,,349.0,,499.0,books,30.06,<=₹500
Mathematics for Joint Entrance Examination Jee (Advance...,149.0,,27.0,,400.0,,549.0,books,27.14,<=₹500
Mathematics for Joint Entrance Examination Jee (Advance...,99.0,,19.0,,400.0,,499.0,books,19.84,<=₹500
Angry River,19.0,,20.0,,76.0,,95.0,books,20.0,<=₹500
Self Study Guide Clat 2020,154.0,,28.0,,391.0,,545.0,books,28.26,<=₹500
"Achieve More, Succeed Faster",40.0,,20.0,,159.0,,199.0,books,20.1,<=₹500
THE WHITE TIGER,105.0,,30.0,,245.0,,350.0,books,30.0,<=₹500
Sherlock Holmes Gift Pack,123.0,,20.0,,476.0,,599.0,books,20.53,<=₹500
Pearson IIT Foundation Class 9 Biology|2020 Edition|By ...,134.0,,28.0,,336.0,,470.0,books,28.51,<=₹500
Cengage Maths Combo Sets Of 5 Books,535.0,,15.0,,2965.0,,3500.0,books,15.29,"₹1,001–₹5,000"
Table Of Contents TARGET HIGH-5TH PREMIUM COLORED INTER...,315.0,,24.0,,985.0,,1300.0,books,24.23,"₹501–₹1,000"
The Power Of Positive Thinking,32.0,,16.0,,163.0,,195.0,books,16.41,<=₹500
India After Gandhi - The History of the World's Largest...,320.0,,40.0,,479.0,,799.0,books,40.05,<=₹500
Cengage Physics (3-Edition)(2019-20) 6-Book Set (Mech.-...,1574.0,,35.0,,2900.0,,4474.0,books,35.18,"₹1,001–₹5,000"
Giant Book Series Transport Colouring Book,40.0,,20.0,,159.0,,199.0,books,20.1,<=₹500
Pearson IIT Foundation Series Class 9 Chemistry|2020 Ed...,100.0,,28.0,,250.0,,350.0,books,28.57,<=₹500
I.C.S.E. FOUNDATION MATHEMATICS CLASS-X,0.0,,0.0,,425.0,,425.0,books,0.0,<=₹500
Bhagavad Gita As It Is Telugu Original Edition,79.0,,19.0,,320.0,,399.0,books,19.8,<=₹500
Biology Class 12th,25.0,,12.0,,170.0,,195.0,books,12.82,<=₹500
The Boy You've Loved Reading About Box Set,105.0,,30.0,,245.0,,350.0,books,30.0,<=₹500
The Gene,100.0,,20.0,,399.0,,499.0,books,20.04,<=₹500
QRS for BDS I Year,145.0,,15.0,,805.0,,950.0,books,15.26,"₹501–₹1,000"
Oswaal Cbse Question Bank Class 10 Social Science Book ...,105.0,,21.0,,394.0,,499.0,books,21.04,<=₹500
The 12-Week Fitness Project,40.0,,20.0,,159.0,,199.0,books,20.1,<=₹500
The Story of My Experiments with Truth - Gandhi an Auto...,70.0,,28.0,,180.0,,250.0,books,28.0,<=₹500
"Objective Food Science (10th Edition,2020)",0.0,,0.0,,595.0,,595.0,books,0.0,"₹501–₹1,000"
Governance in India,114.0,,22.0,,396.0,,510.0,books,22.35,<=₹500
Rich Dad Poor Dad,250.0,,62.0,,149.0,,399.0,books,62.66,<=₹500
Rich Dad Poor Dad,86.0,,28.0,,213.0,,299.0,books,28.76,<=₹500
Rich Dad Poor Dad,147.0,,36.0,,252.0,,399.0,books,36.84,<=₹500
Rich Dad Poor Dad,174.0,,43.0,,225.0,,399.0,books,43.61,<=₹500
Rich Dad Poor Dad - What the Rich Teach Their Kids Abou...,147.0,,36.0,,252.0,,399.0,books,36.84,<=₹500
Target High,215.0,,17.0,,985.0,,1200.0,books,17.92,"₹501–₹1,000"
Science for Ninth Class Part 3 Biology,84.0,,16.0,,415.0,,499.0,books,16.83,<=₹500
Learning How To Fly - Life Lessons for the Youth,34.0,,17.0,,161.0,,195.0,books,17.44,<=₹500
The Perfect Us,77.0,,38.0,,122.0,,199.0,books,38.69,<=₹500
Physics for Joint Entrance Examination Jee (Advanced) O...,280.0,,35.0,,499.0,,779.0,books,35.94,<=₹500
The Tyrant’s Tomb (The Trials of Apollo Book 4),164.0,,27.0,,435.0,,599.0,books,27.38,<=₹500
MY SON'S INHERITANCE,219.0,,43.0,,280.0,,499.0,books,43.89,<=₹500
Mindset (Hindi) Paperback – Jan 2020,89.0,,29.0,,210.0,,299.0,books,29.77,<=₹500
"The Official SAT Study Guide, 2020 Edition",854.0,,40.0,,1246.0,,2100.0,books,40.67,"₹1,001–₹5,000"
How to Talk So Kids Will Listen and Listen So Kids Will...,54.0,,13.0,,345.0,,399.0,books,13.53,<=₹500
Samanya Budhi Avum Tarkshakti Parikshan,31.0,,20.0,,124.0,,155.0,books,20.0,<=₹500
Science and Technology,136.0,,23.0,,449.0,,585.0,books,23.25,<=₹500
Cash Flow Quadrant,146.0,,41.0,,204.0,,350.0,books,41.71,<=₹500
The 3 Mistakes of My Life,0.0,,0.0,,195.0,,195.0,books,0.0,<=₹500
The Blue Umbrella,2.0,,2.0,,93.0,,95.0,books,2.11,<=₹500
UPSC EPFO (Enforcement Officers/ Accounts Officers) Exa...,191.0,,32.0,,399.0,,590.0,books,32.37,<=₹500
Logical Reasoning and Data Interpretation for Cat,238.0,,29.0,,557.0,,795.0,books,29.94,"₹501–₹1,000"
The Boy who loved,40.0,,20.0,,159.0,,199.0,books,20.1,<=₹500
Business Adventures - Twelve Classic Tales from the Wor...,134.0,,26.0,,365.0,,499.0,books,26.85,<=₹500
BHARAT 2020 HINDI MEDIUM PRAKASHAN VIBHAG,1.0,,0.0,,299.0,,300.0,books,0.33,<=₹500
Trueman's UGC NET Commerce,93.0,,13.0,,607.0,,700.0,books,13.29,"₹501–₹1,000"
Sapiens,110.0,,22.0,,389.0,,499.0,books,22.04,<=₹500
Handbook of Chemistry,98.0,,33.0,,197.0,,295.0,books,33.22,<=₹500
Essential Sociology - For Civil Services Main Examinati...,101.0,,17.0,,474.0,,575.0,books,17.57,<=₹500
Public Administration,168.0,,22.0,,582.0,,750.0,books,22.4,"₹501–₹1,000"
Icse Understanding Mathematics - Class 10 (M L Aggarwal...,71.0,,12.0,,479.0,,550.0,books,12.91,<=₹500
32 Years' Chapterwise Solutions Cbse Aipmt & Neet Chemi...,109.0,,38.0,,171.0,,280.0,books,38.93,<=₹500
Cracking the CSAT Paper-2,252.0,,29.0,,598.0,,850.0,books,29.65,"₹501–₹1,000"
Cracking the Csat Paper-2 - Includes Solved Papers 2017...,278.0,,33.0,,557.0,,835.0,books,33.29,"₹501–₹1,000"
Cracking the CSAT Paper-2,231.0,,27.0,,619.0,,850.0,books,27.18,"₹501–₹1,000"
Study Guide for B.Arch 2020,127.0,,32.0,,258.0,,385.0,books,32.99,<=₹500
The Boy in the Striped Pyjamas,60.0,,20.0,,239.0,,299.0,books,20.07,<=₹500
Super 10 Mock Tests for NTA NEET 2020,134.0,,48.0,,141.0,,275.0,books,48.73,<=₹500
Netzwerk Deutsch als Fremdsprache A1 (Textbook + Workbo...,0.0,,0.0,,850.0,,850.0,books,0.0,"₹501–₹1,000"
Contemporary Literary and Cultural Theory : From Struct...,64.0,,20.0,,255.0,,319.0,books,20.06,<=₹500
The Essential Rumi,150.0,,30.0,,349.0,,499.0,books,30.06,<=₹500
Going Solo,66.0,,18.0,,284.0,,350.0,books,18.86,<=₹500
Shrimanyogi,0.0,,0.0,,575.0,,575.0,books,0.0,"₹501–₹1,000"
32 Years' Chapterwise Solutions Cbse Aipmt & Neet Physi...,89.0,,29.0,,211.0,,300.0,books,29.67,<=₹500
The 7 Habits of Highly Effective People,100.0,,11.0,,799.0,,899.0,books,11.12,"₹501–₹1,000"
IF TOMORROW COMES,43.0,,12.0,,307.0,,350.0,books,12.29,<=₹500
Letters from Kargil,85.0,,34.0,,165.0,,250.0,books,34.0,<=₹500
Ncert Exemplar Problems-Solutions Physics Class 12th - ...,30.0,,20.0,,120.0,,150.0,books,20.0,<=₹500
"Ncert Exemplar Problems-Solutions Physics,Chemistry,Mat...",150.0,,30.0,,350.0,,500.0,books,30.0,<=₹500
Judo Jodo Aur Jeeto (Network Marketing) H Hindi,53.0,,21.0,,197.0,,250.0,books,21.2,<=₹500
Objective Electrical Technology,150.0,,23.0,,500.0,,650.0,books,23.08,<=₹500
The Secret,112.0,,28.0,,287.0,,399.0,books,28.07,<=₹500
"Girl, Stop Apologizing",100.0,,20.0,,399.0,,499.0,books,20.04,<=₹500
"1Q84: Books 1, 2 and 3",140.0,,20.0,,559.0,,699.0,books,20.03,"₹501–₹1,000"
12 Rules for Life,140.0,,20.0,,559.0,,699.0,books,20.03,"₹501–₹1,000"
Banking Awareness,32.0,,20.0,,128.0,,160.0,books,20.0,<=₹500
UGC NET/JRF/SLET General Paper-1 Shikshan Avum Shodh Ab...,106.0,,29.0,,249.0,,355.0,books,29.86,<=₹500
The Power Of Positive Thinkings,48.0,,24.0,,151.0,,199.0,books,24.12,<=₹500
Pearson IIT Foundation Series Class 9 Physics|2020 Edit...,76.0,,13.0,,499.0,,575.0,books,13.22,<=₹500
Everyone Has a Story 2,59.0,,29.0,,140.0,,199.0,books,29.65,<=₹500
Understanding Physics For Jee Main and Advanced Mechani...,74.0,,17.0,,341.0,,415.0,books,17.83,<=₹500
Physical Education - UGC - NET Digest (Second Revised a...,130.0,,6.0,,1970.0,,2100.0,books,6.19,"₹1,001–₹5,000"
Autobiography of a Yogi,150.0,,60.0,,99.0,,249.0,books,60.24,<=₹500
Bhagavad Gita Yatha Rup,169.0,,44.0,,211.0,,380.0,books,44.47,<=₹500
Midnight's Children,100.0,,20.0,,399.0,,499.0,books,20.04,<=₹500
The English Acumen by Gopal Verma,80.0,,21.0,,300.0,,380.0,books,21.05,<=₹500
Awareness Science for Class 8,17.0,,3.0,,468.0,,485.0,books,3.51,<=₹500
The Burning Maze (The Trials of Apollo Book 3),80.0,,20.0,,319.0,,399.0,books,20.05,<=₹500
Twelfth Fail - TWELFTH FAIL with 1 Disc,48.0,,24.0,,148.0,,196.0,books,24.49,<=₹500
Of Course I Love You!,24.0,,12.0,,175.0,,199.0,books,12.06,<=₹500
Cbse Chapterwise Solved Papers 2019-2010 Biology Class ...,87.0,,29.0,,208.0,,295.0,books,29.49,<=₹500
Social Problems in India,10.0,,3.0,,315.0,,325.0,books,3.08,<=₹500
Social Problems in India,350.0,,35.0,,650.0,,1000.0,books,35.0,"₹501–₹1,000"
S.Chand's Mental Mathematics for Class 5,31.0,,11.0,,239.0,,270.0,books,11.48,<=₹500
How to Win Friends and Influence People,39.0,,20.0,,156.0,,195.0,books,20.0,<=₹500
CAT Test Pep Series By Arun Sharma,215.0,,7.0,,2535.0,,2750.0,books,7.82,"₹1,001–₹5,000"
Satyayoddha Kalki: Eye of Brahma (Book 2),80.0,,26.0,,219.0,,299.0,books,26.76,<=₹500
"UP BTC D.El.Ed 4th Semester ( Paper 1 , 2 , 3 , 4 , 5 ,...",95.0,,30.0,,220.0,,315.0,books,30.16,<=₹500
The Great Derangement,31.0,,10.0,,268.0,,299.0,books,10.37,<=₹500
Harry Potter and the Order of the Phoenix,240.0,,30.0,,559.0,,799.0,books,30.04,"₹501–₹1,000"
Can Love Happen Twice?,22.0,,12.0,,153.0,,175.0,books,12.57,<=₹500
Success Master Ctet Paper-I Class 1 to 5 2019,111.0,,23.0,,359.0,,470.0,books,23.62,<=₹500
Nta UGC Net Jrf & Set Geography Paper II,276.0,,35.0,,499.0,,775.0,books,35.61,<=₹500
COMBINED CDS (OTA) BOOK,121.0,,20.0,,469.0,,590.0,books,20.51,<=₹500
Lines and Curves (Small Letters) Part 3,13.0,,14.0,,77.0,,90.0,books,14.44,<=₹500
The Tattooist of Auschwitz,120.0,,30.0,,279.0,,399.0,books,30.08,<=₹500
Balaji Problems in Inorganic Chemistry for Jee Main & A...,0.0,,0.0,,498.0,,498.0,books,0.0,<=₹500
40 Days Crash Course for Neet Physics,104.0,,28.0,,266.0,,370.0,books,28.11,<=₹500
Who Moved My Cheese,120.0,,20.0,,479.0,,599.0,books,20.03,<=₹500
Principles,413.0,,33.0,,837.0,,1250.0,books,33.04,"₹501–₹1,000"
The Rebel - A Biography of Ram Jethmalani,110.0,,20.0,,440.0,,550.0,books,20.0,<=₹500
Mathematics for Joint Entrance Examination Jee (Advance...,291.0,,32.0,,598.0,,889.0,books,32.73,"₹501–₹1,000"
Creative Crayons Super Pack,150.0,,30.0,,349.0,,499.0,books,30.06,<=₹500
Half-Lion,73.0,,14.0,,426.0,,499.0,books,14.63,<=₹500
Tribal India 7th Revised & Updated Edition,120.0,,30.0,,270.0,,390.0,books,30.77,<=₹500
Can Love Happen Twice?,40.0,,20.0,,159.0,,199.0,books,20.1,<=₹500
This is Not Your Story,45.0,,22.0,,154.0,,199.0,books,22.61,<=₹500
The God of Small Things,116.0,,29.0,,283.0,,399.0,books,29.07,<=₹500
The God of Small Things,500.0,,38.0,,795.0,,1295.0,books,38.61,"₹501–₹1,000"
Saraswati Health And Physical Education By V K Sharma F...,45.0,,15.0,,250.0,,295.0,books,15.25,<=₹500
CTET and TETs Paper 1 and 2 Ke Liye Bal Vikas Avum Shik...,58.0,,27.0,,152.0,,210.0,books,27.62,<=₹500
16 Years Solved Papers Karnataka Cet Engineering Entran...,117.0,,30.0,,273.0,,390.0,books,30.0,<=₹500
The Most Important Thing: Uncommon Sense for The Though...,120.0,,30.0,,279.0,,399.0,books,30.08,<=₹500
Cbse All in One Ncert Based English Class 8 2020-21,92.0,,28.0,,228.0,,320.0,books,28.75,<=₹500
"Pregnancy Notes: Before, During & After",100.0,,33.0,,199.0,,299.0,books,33.44,<=₹500
Plane Trigonometry Part-1,5.0,,5.0,,90.0,,95.0,books,5.26,<=₹500
Fangirl,171.0,,38.0,,279.0,,450.0,books,38.0,<=₹500
Peppa Pig : Marvellous Magnet Book,67.0,,16.0,,332.0,,399.0,books,16.79,<=₹500
Secondary School Mathematics for Class 10 (Examination ...,100.0,,16.0,,495.0,,595.0,books,16.81,<=₹500
The great Gatsby,100.0,,50.0,,99.0,,199.0,books,50.25,<=₹500
Intermediate English Grammar,91.0,,31.0,,199.0,,290.0,books,31.38,<=₹500
The Last Lecture,89.0,,30.0,,206.0,,295.0,books,30.17,<=₹500
Karmabhoomi,90.0,,36.0,,159.0,,249.0,books,36.14,<=₹500
"Don't Lose Your Mind, Lose Your Weight - Tamil",35.0,,17.0,,165.0,,200.0,books,17.5,<=₹500
Limit State Design of Steel Structures,49.0,,6.0,,716.0,,765.0,books,6.41,"₹501–₹1,000"
National Cyber Olympiad - Class 3,49.0,,25.0,,146.0,,195.0,books,25.13,<=₹500
1984,100.0,,51.0,,95.0,,195.0,books,51.28,<=₹500
A Little Life,83.0,,16.0,,416.0,,499.0,books,16.63,<=₹500
How to Stop Worrying and Start Living,61.0,,40.0,,89.0,,150.0,books,40.67,<=₹500
Demigods and Magicians,31.0,,10.0,,268.0,,299.0,books,10.37,<=₹500
Indian Army Acc Entrance Exam,119.0,,28.0,,306.0,,425.0,books,28.0,<=₹500
Pride & Prejudice,62.0,,20.0,,248.0,,310.0,books,20.0,<=₹500
Meluha Ke Mritunjay (Immortals of Meluha Hindi),151.0,,37.0,,248.0,,399.0,books,37.84,<=₹500
Universal Guide To CLAT LL.B,158.0,,17.0,,767.0,,925.0,books,17.08,"₹501–₹1,000"
Designing Destiny (Hindi),50.0,,20.0,,199.0,,249.0,books,20.08,<=₹500
Hindi-English Expert Translator Hindi Se English Transl...,42.0,,24.0,,133.0,,175.0,books,24.0,<=₹500
A Complete Study Pacakage for Mca Entrances,350.0,,42.0,,475.0,,825.0,books,42.42,<=₹500
Medicine: Prep Manual for Undergraduates,197.0,,19.0,,798.0,,995.0,books,19.8,"₹501–₹1,000"
Find Me,112.0,,18.0,,487.0,,599.0,books,18.7,<=₹500
Discrete Mathematics and Its Applications,212.0,,24.0,,638.0,,850.0,books,24.94,"₹501–₹1,000"
How I Taught My Grandmother to Read (R/J,20.0,,8.0,,230.0,,250.0,books,8.0,<=₹500
32 Year's Neet-Aiipmt Chapterwise Solution Physics & Ch...,101.0,,16.0,,499.0,,600.0,books,16.83,<=₹500
"Don't Lose Your Mind, Lose Your Weight",50.0,,20.0,,200.0,,250.0,books,20.0,<=₹500
The Woman in the Window,120.0,,30.0,,279.0,,399.0,books,30.08,<=₹500
Kiran SSC Reasoning Chapterwise And Typewise Solved Pap...,145.0,,24.0,,450.0,,595.0,books,24.37,<=₹500
Deep Focus,66.0,,18.0,,284.0,,350.0,books,18.86,<=₹500
Study Guide Ntse (Mat + Sat) for Class 10th 2019-2020,260.0,,40.0,,390.0,,650.0,books,40.0,<=₹500
Objective NCERT at your FINGERTIPS for NEET-AIIMS - Bio...,46.0,,5.0,,749.0,,795.0,books,5.79,"₹501–₹1,000"
RS AGGARWAL A Modern Approach To VERBAL & Non VERBAL RE...,490.0,,29.0,,1160.0,,1650.0,books,29.7,"₹1,001–₹5,000"
THE HINDU VIEW OF LIFE,20.0,,10.0,,179.0,,199.0,books,10.05,<=₹500
The Spy,29.0,,14.0,,170.0,,199.0,books,14.57,<=₹500
The Legend of Lakshmi Prasad,65.0,,20.0,,260.0,,325.0,books,20.0,<=₹500
Main Krishna Hoon - The Complete Set of 6 Books,379.0,,21.0,,1420.0,,1799.0,books,21.07,"₹1,001–₹5,000"
Pearson NTA UGC NET/SET/JRF - Paper 1: Teaching And Res...,92.0,,20.0,,357.0,,449.0,books,20.49,<=₹500
Self Study Guide For LLB Entrance Examination 2020,118.0,,28.0,,302.0,,420.0,books,28.1,<=₹500
Shoot. Dive. Fly.,10.0,,5.0,,189.0,,199.0,books,5.03,<=₹500
CTET & TETs Purva Varsho Ke Hal Prashan Patre Sampuran ...,80.0,,34.0,,155.0,,235.0,books,34.04,<=₹500
Dental Pulse,1281.0,,26.0,,3619.0,,4900.0,books,26.14,"₹1,001–₹5,000"
Oxford Student Atlas for India,62.0,,19.0,,253.0,,315.0,books,19.68,<=₹500
Oxford Student Atlas for India,34.0,,11.0,,265.0,,299.0,books,11.37,<=₹500
Brave New World,52.0,,13.0,,347.0,,399.0,books,13.03,<=₹500
Autobiography of a Yogi,0.0,,0.0,,125.0,,125.0,books,0.0,<=₹500
Autobiography of a Yogi,770.0,,28.0,,1939.0,,2709.0,books,28.42,"₹1,001–₹5,000"
Autobiography of a Yogi,730.0,,28.0,,1829.0,,2559.0,books,28.53,"₹1,001–₹5,000"
The Secrets We Keep,22.0,,12.0,,153.0,,175.0,books,12.57,<=₹500
Indian Constitution At Work Textbook In Political Scien...,0.0,,0.0,,125.0,,125.0,books,0.0,<=₹500
Be My Perfect Ending,39.0,,22.0,,136.0,,175.0,books,22.29,<=₹500
Becoming Supernatural - How Common People Are Doing the...,199.0,,39.0,,300.0,,499.0,books,39.88,<=₹500
26 Years AIIMS Chapterwise Solutions -Biology,12.0,,6.0,,188.0,,200.0,books,6.0,<=₹500
My First Learning Library - Boxset of 20 Board Books,900.0,,50.0,,899.0,,1799.0,books,50.03,"₹501–₹1,000"
The Boy with a Broken Heart,40.0,,20.0,,159.0,,199.0,books,20.1,<=₹500
Black Holes: The Reith Lectures,39.0,,39.0,,60.0,,99.0,books,39.39,<=₹500
RELATIVITY - The Special and the General Theory,40.0,,20.0,,155.0,,195.0,books,20.51,<=₹500
Learn to Earn,165.0,,30.0,,385.0,,550.0,books,30.0,<=₹500
Early Indians: The Story of Our Ancestors and Where We ...,210.0,,30.0,,489.0,,699.0,books,30.04,<=₹500
The Serpent's Revenge - Unusual Tales from the Mahabhar...,38.0,,15.0,,212.0,,250.0,books,15.2,<=₹500
A Clash of Kings,124.0,,20.0,,475.0,,599.0,books,20.7,<=₹500
Tamilnadu History Books - Class Xi And Xii ( 2 Books - ...,167.0,,47.0,,183.0,,350.0,books,47.71,<=₹500
CTET and TETs Bhasha HINDI Paper 1 and 2 2020,38.0,,20.0,,152.0,,190.0,books,20.0,<=₹500
Something Like an Autobiography,120.0,,20.0,,479.0,,599.0,books,20.03,<=₹500
Ganit Aur Shikshan Shastra,50.0,,20.0,,200.0,,250.0,books,20.0,<=₹500
Trueman's Objective Biology for NEET - Vol. I & II Pape...,123.0,,9.0,,1157.0,,1280.0,books,9.61,"₹1,001–₹5,000"
Civil Engineering,40.0,,10.0,,355.0,,395.0,books,10.13,<=₹500
Quarterly Current Affairs 2020 Vol. 1 - January to Marc...,27.0,,15.0,,148.0,,175.0,books,15.43,<=₹500
An American Marriage,82.0,,20.0,,317.0,,399.0,books,20.55,<=₹500
Busy Friends,60.0,,20.0,,239.0,,299.0,books,20.07,<=₹500
Science A Text Book For Class 9th,5.0,,3.0,,160.0,,165.0,books,3.03,<=₹500
10 Very Similar Practice Sets Neet Pcb,60.0,,20.0,,240.0,,300.0,books,20.0,<=₹500
Pearson Iit Foundation Series - Maths - Class 9,143.0,,22.0,,482.0,,625.0,books,22.88,<=₹500
All Rights Reserved for You,29.0,,14.0,,170.0,,199.0,books,14.57,<=₹500
"Objective Food Science (10th Edition,2020)",5.0,,0.0,,590.0,,595.0,books,0.84,"₹501–₹1,000"
Mastering Numericals and Objectives of Physics for Clas...,108.0,,28.0,,267.0,,375.0,books,28.8,<=₹500
The 48 Laws Of Power,209.0,,29.0,,490.0,,699.0,books,29.9,<=₹500
Neet 12 Practice Sets 2020,109.0,,27.0,,281.0,,390.0,books,27.95,<=₹500
MASTER OF THE GAME,59.0,,16.0,,291.0,,350.0,books,16.86,<=₹500
Indian Financial System,121.0,,16.0,,628.0,,749.0,books,16.15,"₹501–₹1,000"
The Serpent's Shadow (The Kane Chronicles Book 3),52.0,,13.0,,347.0,,399.0,books,13.03,<=₹500
Hooked: How to Build Habit-Forming Products,94.0,,15.0,,505.0,,599.0,books,15.69,"₹501–₹1,000"
How to Win Friends and Influence People - The First and...,0.0,,0.0,,150.0,,150.0,books,0.0,<=₹500
B.Sc. Agriculture Entrance Exam 2020,157.0,,34.0,,293.0,,450.0,books,34.89,<=₹500
The 3 Mistakes of My Life,40.0,,20.0,,155.0,,195.0,books,20.51,<=₹500
Fault Lines,150.0,,30.0,,349.0,,499.0,books,30.06,<=₹500
Percy Jackson and the Last Olympian (Book 5),80.0,,20.0,,319.0,,399.0,books,20.05,<=₹500
Psychology,96.0,,13.0,,633.0,,729.0,books,13.17,"₹501–₹1,000"
GGSIPU B.Com Hons Guide 2020,118.0,,29.0,,277.0,,395.0,books,29.87,<=₹500
Percy Jackson and the Titan's Curse (Book 3),80.0,,20.0,,319.0,,399.0,books,20.05,<=₹500
"Amish's Ramachandra Series - Ram, Sita & Raavan",240.0,,43.0,,310.0,,550.0,books,43.64,<=₹500
Lucent's General Science,43.0,,19.0,,173.0,,216.0,books,19.91,<=₹500
Cbse All in One Ncert Based Social Science Class 8 2020...,96.0,,30.0,,224.0,,320.0,books,30.0,<=₹500
The Brain - The Story of You,100.0,,20.0,,399.0,,499.0,books,20.04,<=₹500
Reasoning & Aptitude for Gate 2020 and ESE 2020 (Prelim...,275.0,,50.0,,275.0,,550.0,books,50.0,<=₹500
Little World: In the City,52.0,,17.0,,247.0,,299.0,books,17.39,<=₹500
Practical English Grammar & Composition,0.0,,0.0,,275.0,,275.0,books,0.0,<=₹500
Socho Aur Amir Ho Jao,74.0,,37.0,,125.0,,199.0,books,37.19,<=₹500
The Financial Expert,11.0,,6.0,,154.0,,165.0,books,6.67,<=₹500
Rich Dad's Retire Young Retire Rich,90.0,,20.0,,360.0,,450.0,books,20.0,<=₹500
Ncert Practice Workbook Mathematics with Magic Class 4 ...,16.0,,20.0,,64.0,,80.0,books,20.0,<=₹500
Environment By SHANKAR (6th) Revised Edition 2018,170.0,,42.0,,229.0,,399.0,books,42.61,<=₹500
A Girl to Remember,73.0,,37.0,,122.0,,195.0,books,37.44,<=₹500
The Diary of a Young Girl - The Diary of a Young Girl,76.0,,43.0,,99.0,,175.0,books,43.43,<=₹500
The Diary of a Young Girl,40.0,,16.0,,200.0,,240.0,books,16.67,<=₹500
The Diary of A Young Girl,170.0,,28.0,,429.0,,599.0,books,28.38,<=₹500
FRANK ISC ECONOMICS CLASS-XII,0.0,,0.0,,699.0,,699.0,books,0.0,"₹501–₹1,000"
Madhur Sugar,7.0,,12.0,,48.0,,55.0,food,12.73,<=₹500
Rajdhani Rajma Chithra (Whole),1.0,,0.0,,179.0,,180.0,food,0.56,<=₹500
Tata Iodized Salt,0.0,,0.0,,20.0,,20.0,food,0.0,<=₹500
Emami Healthy & Tasty Kachchi Ghani Mustard Oil Plastic...,22.0,,14.0,,133.0,,155.0,food,14.19,<=₹500
Roxy Gold Maida,2.0,,3.0,,53.0,,55.0,food,3.64,<=₹500
Parry's White Label Sugar,1.0,,1.0,,59.0,,60.0,food,1.67,<=₹500
Maggi Masala Instant Noodles Vegetarian,0.0,,0.0,,46.0,,46.0,food,0.0,<=₹500
Flipkart Supermart Select Cumin Seeds (Jeera),59.0,,46.0,,69.0,,128.0,food,46.09,<=₹500
Fortune Sunlite Refined Sunflower Oil Pouch,16.0,,12.0,,114.0,,130.0,food,12.31,<=₹500
Freedom Refined Sunflower Oil Pouch,3.0,,2.0,,111.0,,114.0,food,2.63,<=₹500
Ananda Ghee 1 L Carton,71.0,,13.0,,439.0,,510.0,food,13.92,<=₹500
Tata Sampann Fine Besan,12.0,,18.0,,52.0,,64.0,food,18.75,<=₹500
Tata Sampann Fine Besan,28.0,,22.0,,97.0,,125.0,food,22.4,<=₹500
Britannia Little Hearts,1.0,,5.0,,19.0,,20.0,food,5.0,<=₹500
Maggi Pazzta Cheese Macaroni Pasta,0.0,,0.0,,25.0,,25.0,food,0.0,<=₹500
Flipkart Supermart Select Refined Wheat Flour (Maida),15.0,,20.0,,60.0,,75.0,food,20.0,<=₹500
Fortune Besan,0.0,,0.0,,55.0,,55.0,food,0.0,<=₹500
Fortune Refined Soyabean Oil Pouch,14.0,,10.0,,116.0,,130.0,food,10.77,<=₹500
Nandini Pure Cow Ghee 1 L Pouch,16.0,,3.0,,474.0,,490.0,food,3.27,<=₹500
Britannia Marie Gold Biscuits,0.0,,0.0,,30.0,,30.0,food,0.0,<=₹500
Sunfeast Mom's Magic Cashew & Almonds Biscuits,2.0,,1.0,,103.0,,105.0,food,1.9,<=₹500
Rajdhani Select Sooji,8.0,,19.0,,33.0,,41.0,food,19.51,<=₹500
Tata Lite Iodized Salt,0.0,,0.0,,35.0,,35.0,food,0.0,<=₹500
bragg ORGANIC RAW UNFILTERED APPLE CIDER VINEGAR Vinega...,321.0,,50.0,,319.0,,640.0,food,50.16,<=₹500
Real Fruit Juice - Litchi,9.0,,8.0,,95.0,,104.0,food,8.65,<=₹500
Flipkart Supermart Select Sooji/Rava,17.0,,22.0,,58.0,,75.0,food,22.67,<=₹500
Tang Orange Instant Drink Mix,7.0,,5.0,,128.0,,135.0,food,5.19,<=₹500
Parle G Gold Biscuits,1.0,,0.0,,114.0,,115.0,food,0.87,<=₹500
Red Label Tea Pouch,0.0,,0.0,,390.0,,390.0,food,0.0,<=₹500
Rajdhani Dalia Broken Wheat,8.0,,19.0,,33.0,,41.0,food,19.51,<=₹500
Apis Royal Zahidi Premium Dates,17.0,,9.0,,158.0,,175.0,food,9.71,<=₹500
Fortune Rice Bran Oil Pouch,1.0,,0.0,,129.0,,130.0,food,0.77,<=₹500
Everest Garam Masala,1.0,,1.0,,77.0,,78.0,food,1.28,<=₹500
Parle Namkeen Hot n Spicy Mixture,2.0,,2.0,,82.0,,84.0,food,2.38,<=₹500
Rajdhani Mota Poha,5.0,,8.0,,55.0,,60.0,food,8.33,<=₹500
India Gate Regular Choice Basmati Rice (Medium Grain),88.0,,19.0,,357.0,,445.0,food,19.78,<=₹500
MTR Gulab Jamun Mix 160 g,1.0,,0.0,,119.0,,120.0,food,0.83,<=₹500
Dabur Honey Squeezy,15.0,,9.0,,140.0,,155.0,food,9.68,<=₹500
Flipkart Supermart Select Sugar,31.0,,34.0,,59.0,,90.0,food,34.44,<=₹500
Everest Coriander,1.0,,1.0,,55.0,,56.0,food,1.79,<=₹500
Happilo Premium International Super mix Berries,43.0,,11.0,,322.0,,365.0,food,11.78,<=₹500
Nestle Nan Pro 2 Follow-up Formula Powder Stage 2,0.0,,0.0,,590.0,,590.0,food,0.0,"₹501–₹1,000"
FARMUP Polished Red Masoor Dal (Split),99.0,,24.0,,300.0,,399.0,food,24.81,<=₹500
Tang Orange Instant Drink Mix,28.0,,13.0,,182.0,,210.0,food,13.33,<=₹500
Happilo Oven Roasted and Salted California Almonds,51.0,,15.0,,284.0,,335.0,food,15.22,<=₹500
Happilo 100% Natural Premium Californian Inshell Walnut...,59.0,,12.0,,411.0,,470.0,food,12.55,<=₹500
MYFITNESS Crunchy Peanut Butter 510 g,21.0,,6.0,,299.0,,320.0,food,6.56,<=₹500
Happilo 100% Natural California Almonds,69.0,,12.0,,481.0,,550.0,food,12.55,<=₹500
Dexolac Premium 2 Follow-Up Formula (After 6 Months) Ti...,0.0,,0.0,,515.0,,515.0,food,0.0,"₹501–₹1,000"
Pintola Classic Peanut Butter (Crunchy) 1 kg,30.0,,8.0,,319.0,,349.0,food,8.6,<=₹500
NutrineLife With the Mother Vinegar,400.0,,44.0,,499.0,,899.0,food,44.49,<=₹500
Balance Natural Diabetic & Keto friendly Sugar Free Swe...,51.0,,25.0,,149.0,,200.0,food,25.5,<=₹500
Happilo 100% Natural California Almonds,55.0,,20.0,,220.0,,275.0,food,20.0,<=₹500
Happilo Premium Seedless Green Raisins,16.0,,9.0,,149.0,,165.0,food,9.7,<=₹500
Wnature Organic Roasted Arabica Coffee beans 1kg-100% P...,50.0,,7.0,,650.0,,700.0,food,7.14,"₹501–₹1,000"
Quaker Oats,0.0,,0.0,,260.0,,260.0,food,0.0,<=₹500
Balance Gourment Dalchini Cinnamon Flavored Green Coffe...,351.0,,35.0,,649.0,,1000.0,food,35.1,"₹501–₹1,000"
Kellogg's Original Corn Flakes,21.0,,4.0,,404.0,,425.0,food,4.94,<=₹500
Herbalvibe Green Coffee Beans Powder for Weight Loss Ma...,1052.0,,63.0,,598.0,,1650.0,food,63.76,"₹501–₹1,000"
Nestle Everyday Shahi Ghee Ghee 1 L Tetrapack,31.0,,6.0,,469.0,,500.0,food,6.2,<=₹500
Colavita (Hard Durum Wheat) Farfalle Pasta,5.0,,1.0,,285.0,,290.0,food,1.72,<=₹500
"Tang Orange Instant Drink Mix, 500g(Each)",6.0,,2.0,,264.0,,270.0,food,2.22,<=₹500
Kellogg's Muesli Nuts Delight,40.0,,9.0,,375.0,,415.0,food,9.64,<=₹500
Happilo Premium Afghani Seedless Black Raisins,22.0,,9.0,,203.0,,225.0,food,9.78,<=₹500
Cadbury Choclairs Gold (115 Candies) Candy,10.0,,5.0,,190.0,,200.0,food,5.0,<=₹500
Tang Mango Instant Drink Mix,11.0,,5.0,,199.0,,210.0,food,5.24,<=₹500
Happilo Premium International Omani Dates,35.0,,10.0,,315.0,,350.0,food,10.0,<=₹500
Balance Instant 60 Sachets Stevia & LemonGrass Green Co...,251.0,,33.0,,499.0,,750.0,food,33.47,<=₹500
Kellogg's Crunchy Granola Almonds and Cranberries,8.0,,2.0,,307.0,,315.0,food,2.54,<=₹500
FARMUP Yellow Combo (Split),160.0,,22.0,,540.0,,700.0,food,22.86,"₹501–₹1,000"
Nescafe Gold Instant Coffee,25.0,,8.0,,265.0,,290.0,food,8.62,<=₹500
Pillsbury Chakki Fresh Atta,0.0,,0.0,,370.0,,370.0,food,0.0,<=₹500
Fortune Everyday Basmati Rice (Long Grain),59.0,,39.0,,90.0,,149.0,food,39.6,<=₹500
"Red Label Natural Care Cardamom, Ginger, Liquorice, Tul...",0.0,,0.0,,240.0,,240.0,food,0.0,<=₹500
Eastern Chicken Masala,5.0,,10.0,,45.0,,50.0,food,10.0,<=₹500
Rajdhani White Lobia (Whole),1.0,,1.0,,70.0,,71.0,food,1.41,<=₹500
Kellogg's Fruit and Nut Muesli,25.0,,7.0,,290.0,,315.0,food,7.94,<=₹500
Dukes Eclairs Chocolate Candy,23.0,,23.0,,77.0,,100.0,food,23.0,<=₹500
BRU Instant Coffee,,,0.0,,,,,food,0.0,
FARMUP Millet Flour 500 g,218.0,,54.0,,181.0,,399.0,food,54.64,<=₹500
Happilo Premium Turkish Apricots,143.0,,25.0,,427.0,,570.0,food,25.09,<=₹500
Leonardo Pomace Olive Oil Plastic Bottle,449.0,,47.0,,500.0,,949.0,food,47.31,<=₹500
FARMUP Yellow Combo (Split),141.0,,20.0,,559.0,,700.0,food,20.14,"₹501–₹1,000"
Nestle Lactogen Follow-up-Formula (Stage 2),0.0,,0.0,,315.0,,315.0,food,0.0,<=₹500
Tate & Lyle 5 010115 902941 aroma,0.0,,0.0,,355.0,,355.0,food,0.0,<=₹500
Nestle Cerelac 5 Grains & Fruits Cereal,0.0,,0.0,,267.0,,267.0,food,0.0,<=₹500
Complan Royale Chocolate,47.0,,12.0,,338.0,,385.0,food,12.21,<=₹500
Nestle Cerelac Wheat Apple Cherry Cereal,0.0,,0.0,,220.0,,220.0,food,0.0,<=₹500
Sugar Free Natura 300 Pellets Sweetener,4.0,,2.0,,186.0,,190.0,food,2.11,<=₹500
Disano Extra Light Olive Oil Plastic Bottle,1396.0,,58.0,,999.0,,2395.0,food,58.29,"₹501–₹1,000"
"CCDS Bakers Instant Yeast For Baking, Proofing, Making ...",10.0,,4.0,,239.0,,249.0,food,4.02,<=₹500
"Organic Forest Pink Rock Salt Granules, 500gm Himalayan...",37.0,,15.0,,208.0,,245.0,food,15.1,<=₹500
Figaro Extra Virgin Olive Oil Plastic Bottle,400.0,,36.0,,699.0,,1099.0,food,36.4,"₹501–₹1,000"
Happilo 100% Natural Premium Whole Nuts Cashews,60.0,,12.0,,439.0,,499.0,food,12.02,<=₹500
Nestle Lactogen Infant Formula (Stage 1),0.0,,0.0,,330.0,,330.0,food,0.0,<=₹500
Nature Valley Oats and Dark Chocolate Crunchy Granola B...,20.0,,6.0,,310.0,,330.0,food,6.06,<=₹500
Nescafe Greetings - The Ultimate Instant Coffee Kit 100...,98.0,,14.0,,601.0,,699.0,food,14.02,"₹501–₹1,000"
Oleev Imported Pomace Olive Oil Plastic Bottle,204.0,,27.0,,545.0,,749.0,food,27.24,"₹501–₹1,000"
Kitchens of India Badam and Moong Dal Halwa 450 g,18.0,,5.0,,342.0,,360.0,food,5.0,<=₹500
FARMUP Yellow Combo (Split),142.0,,20.0,,558.0,,700.0,food,20.29,"₹501–₹1,000"
Pintola All Natural Export Peanut Butter (Creamy) 1 kg,38.0,,8.0,,387.0,,425.0,food,8.94,<=₹500
FARMUP Combo,140.0,,20.0,,560.0,,700.0,food,20.0,"₹501–₹1,000"
Horlicks Chocolate Delight Flavour Mix,8.0,,7.0,,97.0,,105.0,food,7.62,<=₹500
FARMUP Yellow Combo (Split),80.0,,11.0,,620.0,,700.0,food,11.43,"₹501–₹1,000"
Nestle Nan Pro Infant Formula (Stage 1),0.0,,0.0,,595.0,,595.0,food,0.0,"₹501–₹1,000"
Nestle Cerelac Wheat Apple Cereal,0.0,,0.0,,190.0,,190.0,food,0.0,<=₹500
"organic forest Pink Rock Salt Powder, 500gm Rock Salt",37.0,,15.0,,208.0,,245.0,food,15.1,<=₹500
Markstor Saudi Medjoul Dates Dates,200.0,,16.0,,1050.0,,1250.0,food,16.0,"₹1,001–₹5,000"
Nestle Cerelac Multi Grain Dal Veg Cereal,0.0,,0.0,,257.0,,257.0,food,0.0,<=₹500
Akiva Superfoods Organic Jaggery Powder - 900gm Jaggery,30.0,,10.0,,265.0,,295.0,food,10.17,<=₹500
Happilo Premium Dried Turkish Apricots,57.0,,20.0,,228.0,,285.0,food,20.0,<=₹500
FARMUP Besan 1 Kg,169.0,,33.0,,330.0,,499.0,food,33.87,<=₹500
Leonardo Extra Virgin Olive Oil Plastic Bottle,522.0,,31.0,,1127.0,,1649.0,food,31.66,"₹1,001–₹5,000"
FARMUP Jowar Flour 5 kG,399.0,,30.0,,900.0,,1299.0,food,30.72,"₹501–₹1,000"
"Lipton Honey, Lemon Green Tea Bags Box",10.0,,6.0,,135.0,,145.0,food,6.9,<=₹500
FARMUP Yellow Combo (Split),140.0,,20.0,,560.0,,700.0,food,20.0,"₹501–₹1,000"
FARMUP Yellow Combo (Split),180.0,,25.0,,520.0,,700.0,food,25.71,"₹501–₹1,000"
Ghasitaram Gifts Raisins-Selected Indian Raisins 800 gm...,151.0,,23.0,,499.0,,650.0,food,23.23,<=₹500
"Tang ZERO SUGAR, sugar drink mix,Imported 6 packets, or...",200.0,,20.0,,799.0,,999.0,food,20.02,"₹501–₹1,000"
"TGL Co. Ice Wine White Tea with White Downy White Tea, ...",120.0,,10.0,,1078.0,,1198.0,food,10.02,"₹1,001–₹5,000"
TGL Co. Strawberry and Aloe White Tea with White Shou M...,120.0,,10.0,,1078.0,,1198.0,food,10.02,"₹1,001–₹5,000"
TGL Co. Gunpowder Temple of Heaven Green Tea with The F...,120.0,,10.0,,1078.0,,1198.0,food,10.02,"₹1,001–₹5,000"
TGL Co. White Bud Yin Zhen White Tea White Tea Pouch,280.0,,10.0,,2518.0,,2798.0,food,10.01,"₹1,001–₹5,000"
TGL Co. Pearl of The Caribbean White Tea with White Sho...,120.0,,10.0,,1078.0,,1198.0,food,10.02,"₹1,001–₹5,000"
TGL Co. China Jasmine Green Tea for Stress Relief and R...,120.0,,10.0,,1078.0,,1198.0,food,10.02,"₹1,001–₹5,000"
"TGL Co. Geisha Green Tea with Green Bancha Tea, Green K...",120.0,,10.0,,1078.0,,1198.0,food,10.02,"₹1,001–₹5,000"
"TGL Co. Orange & Mango Oolong Tea, 16 Tea Bags with Sem...",35.0,,10.0,,314.0,,349.0,food,10.03,<=₹500
"TGL Co. Little Buddha Green Tea with Sandalwood, Red Pe...",120.0,,10.0,,1078.0,,1198.0,food,10.02,"₹1,001–₹5,000"
Ray Healthy Cooking Spray -Refined Rice Bran OIL - 200 ...,98.0,,16.0,,500.0,,598.0,food,16.39,<=₹500
Onlyleaf Flavored Sampler Assorted Green Tea Bags Box,0.0,,0.0,,150.0,,150.0,food,0.0,<=₹500
True Elements Roasted Sunflower Pumpkin And Flax Seeds ...,8.0,,3.0,,232.0,,240.0,food,3.33,<=₹500
FARMUP Corn Flour : 1 KG + Jowar Flour : 1 KG,240.0,,34.0,,460.0,,700.0,food,34.29,<=₹500
Saffola Total Pro Heart Conscious Blended Oil Can,0.0,,0.0,,175.0,,175.0,food,0.0,<=₹500
Lipton Pure & Light Green Tea Bags Box,0.0,,0.0,,145.0,,145.0,food,0.0,<=₹500
Nestle Cerelac Wheat Cereal,0.0,,0.0,,185.0,,185.0,food,0.0,<=₹500
Ghasitaram Gifts Mini Gujiya Namkeen 400 gms,106.0,,23.0,,345.0,,451.0,food,23.5,<=₹500
Pintola All Natural Export Quality Peanut Butter (Crunc...,38.0,,8.0,,387.0,,425.0,food,8.94,<=₹500
FARMUP Almond | Premium Quality | Tasty |100% Pure and ...,250.0,,22.0,,850.0,,1100.0,food,22.73,"₹501–₹1,000"
Happilo Premium Dried Supermix Assorted Fruit,93.0,,12.0,,637.0,,730.0,food,12.74,"₹501–₹1,000"
FARMUP Rice Flour 500 g,189.0,,47.0,,210.0,,399.0,food,47.37,<=₹500
Nescafe GOLD Blend Crafted With Arabica Ground 10 time ...,354.0,,27.0,,945.0,,1299.0,food,27.25,"₹501–₹1,000"
Bertolli Extra Virgin Olive Oil Plastic Bottle,350.0,,50.0,,349.0,,699.0,food,50.07,<=₹500
Betty Crocker Triple Choco Brownie Mix 425 g,0.0,,0.0,,330.0,,330.0,food,0.0,<=₹500
Ghasitaram Gifts Dryfruits- Dryfruit Box 800 gms,160.0,,10.0,,1439.0,,1599.0,food,10.01,"₹1,001–₹5,000"
Soft Art Celebrations Dried Ginger Candy Vaccum Pack Dr...,345.0,,54.0,,293.0,,638.0,food,54.08,<=₹500
"VegeBaby 100% Natural, Cold-Pressed,Extra virgin Coconu...",0.0,,0.0,,559.0,,559.0,food,0.0,"₹501–₹1,000"
Nescafe GOLD Origins Cap Colombia Instant Coffee,354.0,,27.0,,945.0,,1299.0,food,27.25,"₹501–₹1,000"
Taj Mahal Tea Box,20.0,,8.0,,225.0,,245.0,food,8.16,<=₹500
Markstor Fresh Rabia Dates of Saudi Arabia Dates,250.0,,41.0,,350.0,,600.0,food,41.67,<=₹500
Nescafe Gold Espresso Italian Style Rich With Crema 100...,354.0,,27.0,,945.0,,1299.0,food,27.25,"₹501–₹1,000"
Delight Nuts Dried Apricots 200g Apricots,8.0,,2.0,,271.0,,279.0,food,2.87,<=₹500
Onlyleaf 100% Natural Weightloss Cinnamon Clove Hibiscu...,14.0,,5.0,,261.0,,275.0,food,5.09,<=₹500
SUN'A'DO California Almonds - 200g Almonds,10.0,,2.0,,339.0,,349.0,food,2.87,<=₹500
Ghasitaram Gifts Mini Gujiya Namkeen 800 gms,26.0,,3.0,,625.0,,651.0,food,3.99,"₹501–₹1,000"
VegeBaby First Cold Pressed Black Sesame Oil Plastic Bo...,0.0,,0.0,,699.0,,699.0,food,0.0,"₹501–₹1,000"
Delight Nuts Mixed Nut Roasted & Salted 200g Assorted N...,12.0,,3.0,,387.0,,399.0,food,3.01,<=₹500
"Healthkart Organic Apple Cider Vinegar, Unflavoured Vin...",321.0,,47.0,,349.0,,670.0,food,47.91,<=₹500
Kitchens of India Chicken Chettinad 570 g,19.0,,4.0,,371.0,,390.0,food,4.87,<=₹500
MTR Special Garam Masala,0.0,,0.0,,50.0,,50.0,food,0.0,<=₹500
Chana Dal,25.0,,19.0,,105.0,,130.0,food,19.23,<=₹500
Yogabar Wholegrain Breakfast Muesli+ - Dark Chocolate +...,39.0,,13.0,,260.0,,299.0,food,13.04,<=₹500
India Gate Mogra Basmati Rice (Broken Grain),52.0,,13.0,,328.0,,380.0,food,13.68,<=₹500
"Godhan anmall Gir cow's premium Ghee, 1 ltr 1 L Glass B...",815.0,,32.0,,1685.0,,2500.0,food,32.6,"₹1,001–₹5,000"
Happilo Premium International Omani Dates,35.0,,20.0,,140.0,,175.0,food,20.0,<=₹500
Parle Namkeen Aloo Bhujia,4.0,,4.0,,84.0,,88.0,food,4.55,<=₹500
Saffola Tasty Pro Fitness Conscious Blended Oil Pouch,6.0,,5.0,,114.0,,120.0,food,5.0,<=₹500
Emami Healthy and Tasty Refined Soyabean Oil Pouch,11.0,,8.0,,114.0,,125.0,food,8.8,<=₹500
Ching's Secret Hot Garlic Instant Noodles Vegetarian,7.0,,11.0,,53.0,,60.0,food,11.67,<=₹500
Rajdhani Kabuli Chana (Whole),20.0,,13.0,,125.0,,145.0,food,13.79,<=₹500
Saffola Gold Blended Oil Pouch,60.0,,9.0,,576.0,,636.0,food,9.43,"₹501–₹1,000"
Saffola Active Blended Oil Pouch,60.0,,10.0,,520.0,,580.0,food,10.34,"₹501–₹1,000"
MTR Jeera Powder,1.0,,1.0,,54.0,,55.0,food,1.82,<=₹500
Lipton Tulsi Natura Green Tea Bags Box,19.0,,12.0,,131.0,,150.0,food,12.67,<=₹500
Flipkart Supermart Select Unpolished Toor Dal (Split),34.0,,20.0,,136.0,,170.0,food,20.0,<=₹500
Flipkart Supermart Select Unpolished Chana Dal,35.0,,25.0,,105.0,,140.0,food,25.0,<=₹500
Dexolac Infant Formula Powder (Stage 1),0.0,,0.0,,304.0,,304.0,food,0.0,<=₹500
NAGO Natural Goodness Red Rajma (Whole),0.0,,0.0,,200.0,,200.0,food,0.0,<=₹500
Easum Rice and Moog Dal Baby Cereal,0.0,,0.0,,240.0,,240.0,food,0.0,<=₹500
Emami Healthy & Tasty Refined Sunflower Oil Pouch,14.0,,10.0,,116.0,,130.0,food,10.77,<=₹500
Ghasitaram Gifts Cashews Dryfruits-Goan Cashews 800 gms...,275.0,,20.0,,1075.0,,1350.0,food,20.37,"₹1,001–₹5,000"
SUN'A'DO Cashew Roasted & Salted - 200g Cashews,12.0,,3.0,,387.0,,399.0,food,3.01,<=₹500
"VegeBaby 100% Natural, Cold-Pressed, unrefined, Extra v...",0.0,,0.0,,500.0,,500.0,food,0.0,<=₹500
VegeBaby 100%Natural Cold Pressed Extra Virgin Yellow M...,0.0,,0.0,,509.0,,509.0,food,0.0,"₹501–₹1,000"
FARMUP SoyaFlour : 1 KG + Jowar Flour : 1 KG,180.0,,25.0,,520.0,,700.0,food,25.71,"₹501–₹1,000"
Alpino Natural Smooth Peanut Butter (Unsweetened) 1 kg,66.0,,15.0,,359.0,,425.0,food,15.53,<=₹500
Kitchens of India Rajma Masala and Vegetable Pulao 785 ...,13.0,,4.0,,257.0,,270.0,food,4.81,<=₹500
"VegeBaby Cold Pressed, 100% Organic Apricot Oil Plastic...",0.0,,0.0,,350.0,,350.0,food,0.0,<=₹500
Markstor Ajwa Al-Saudi Dates,510.0,,25.0,,1490.0,,2000.0,food,25.5,"₹1,001–₹5,000"
Jaiccha Goan Cashews 200 gms in Black Paper Pouch Cashe...,100.0,,22.0,,351.0,,451.0,food,22.17,<=₹500
Neuherbs Raw Pumpkin Seeds - Protein and Fiber Rich Sup...,81.0,,28.0,,199.0,,280.0,food,28.93,<=₹500
Nestle Cerelac Wheat Honey Dates Cereal,0.0,,0.0,,242.0,,242.0,food,0.0,<=₹500
FARMUP Maida 1Kg | Pure and Natural | Premium Quality,229.0,,45.0,,270.0,,499.0,food,45.89,<=₹500
MYFITNESS Smooth Peanut Butter 510 g,21.0,,6.0,,299.0,,320.0,food,6.56,<=₹500
Wonderland Foods Premium Quality California Almonds,301.0,,33.0,,599.0,,900.0,food,33.44,"₹501–₹1,000"
Kitchens of India Mutter Paneer and Vegetable Pulao 785...,14.0,,5.0,,266.0,,280.0,food,5.0,<=₹500
"VegeBaby Cold Pressed, 100% Virgin Organic Vegetable Oi...",0.0,,0.0,,475.0,,475.0,food,0.0,<=₹500
"Healthkart Apple Cider Vinegar with Mother, Unflavoured...",250.0,,47.0,,275.0,,525.0,food,47.62,<=₹500
Kohinoor Charminar Rice (Long Grain),67.0,,14.0,,382.0,,449.0,food,14.92,<=₹500
"Fortune Everyday Hamesha Basmati Rice (Broken Grain, St...",89.0,,20.0,,336.0,,425.0,food,20.94,<=₹500
VegeBaby 100%Natural Cold Pressed Extra Virgin Black Mu...,0.0,,0.0,,500.0,,500.0,food,0.0,<=₹500
Dhara Refined Sunflower Oil Pouch,9.0,,7.0,,116.0,,125.0,food,7.2,<=₹500
SUN'A'DO Afghani Seedless Green Raisins - 200g Raisins,9.0,,3.0,,290.0,,299.0,food,3.01,<=₹500
Urban Organic Unpolished White Urad Dal (Split),74.0,,24.0,,225.0,,299.0,food,24.75,<=₹500
"Jaiccha Almonds and Cashew Pouches-200 gms Almonds, Cas...",95.0,,22.0,,330.0,,425.0,food,22.35,<=₹500
"Midiron Pumpkin Seeds (250 gm), Rich in Zinc & Powerhou...",41.0,,11.0,,309.0,,350.0,food,11.71,<=₹500
Delight Nuts Cashew Roasted & Salted 200g Cashews,12.0,,3.0,,387.0,,399.0,food,3.01,<=₹500
Disano Canola Oil Plastic Bottle,234.0,,55.0,,191.0,,425.0,food,55.06,<=₹500
Wonderland Foods(Device) 100% Natural Premium Quality P...,501.0,,31.0,,1099.0,,1600.0,food,31.31,"₹1,001–₹5,000"
Happilo Premium International Trail Mix,73.0,,20.0,,292.0,,365.0,food,20.0,<=₹500
Bertolli Mild Taste Olive Oil Plastic Bottle,426.0,,34.0,,799.0,,1225.0,food,34.78,"₹501–₹1,000"
Markstor Sukkary Dates - Wet and Fresh with Natural Swe...,75.0,,11.0,,575.0,,650.0,food,11.54,"₹501–₹1,000"
"SUN'A'DO Mixed Nuts (Almonds, Cashew & Pistachios) Roas...",12.0,,3.0,,387.0,,399.0,food,3.01,<=₹500
AS-IT-IS Nutrition Raw Apple Cider Vinegar with mother ...,93.0,,26.0,,263.0,,356.0,food,26.12,<=₹500
Pintola Classic Peanut Creamy Butter 2.5 kg,64.0,,8.0,,726.0,,790.0,food,8.1,"₹501–₹1,000"
Naturewell Red Rajma (Whole),90.0,,30.0,,209.0,,299.0,food,30.1,<=₹500
Happilo Premium Roasted and Salted California Pistachio...,39.0,,9.0,,356.0,,395.0,food,9.87,<=₹500
Cadbury Shots Truffles,0.0,,0.0,,280.0,,280.0,food,0.0,<=₹500
"organic forest 5 In 1 Roasted Super Seeds Mix, 500gm Pr...",43.0,,9.0,,395.0,,438.0,food,9.82,<=₹500
Happilo Premium Roasted and Salted Cashew Nuts,79.0,,20.0,,316.0,,395.0,food,20.0,<=₹500
FARMUP Cashew Nut 250 gm + Almond 250 gm | Premium Qual...,150.0,,15.0,,850.0,,1000.0,food,15.0,"₹501–₹1,000"
FARMUP Polished Yellow Moong Dal (Whole),159.0,,31.0,,340.0,,499.0,food,31.86,<=₹500
SUN'A'DO California Almonds Roasted & Salted - 200g Alm...,11.0,,2.0,,364.0,,375.0,food,2.93,<=₹500
"Happilo Premium American Dried Whole Duet Blueberry, Cr...",52.0,,13.0,,328.0,,380.0,food,13.68,<=₹500
Rajdhani Unpolished Arhar Dal (Split),56.0,,25.0,,164.0,,220.0,food,25.45,<=₹500
Eat Soya SOYA NUTS SALTED AND ROASTED SOYABEAN SALTED,0.0,,0.0,,200.0,,200.0,food,0.0,<=₹500
KLF Nirmal Cold Pressed Virgin Coconut Oil Glass Bottle,15.0,,3.0,,375.0,,390.0,food,3.85,<=₹500
MuscleBlaze High Protein Natural Peanut Butter 750 g,150.0,,30.0,,349.0,,499.0,food,30.06,<=₹500
Sonal Dry fruit Premium Cashews Cashews,61.0,,16.0,,299.0,,360.0,food,16.94,<=₹500
axium axs154,448.0,,47.0,,499.0,,947.0,food,47.31,<=₹500
Rajdhani Unpolished Chana Dal (Split),38.0,,25.0,,112.0,,150.0,food,25.33,<=₹500
Jaiccha Namkeen Snacks-Mini Katli Namkeen 400 gms in Br...,54.0,,13.0,,345.0,,399.0,food,13.53,<=₹500
Saffola Oats,29.0,,14.0,,170.0,,199.0,food,14.57,<=₹500
zenulife Premium Quality Organic Green Coffee Beans Pow...,564.0,,70.0,,232.0,,796.0,food,70.85,<=₹500
Ceedberri Chia Seeds,195.0,,48.0,,205.0,,400.0,food,48.75,<=₹500
Eighty7 California Almonds,153.0,,20.0,,594.0,,747.0,food,20.48,"₹501–₹1,000"
hathmic JERI1000 Coconut Oil Jar,313.0,,35.0,,577.0,,890.0,food,35.17,"₹501–₹1,000"
FARMUP Ginger Powder,200.0,,40.0,,299.0,,499.0,food,40.08,<=₹500
Wonderland Foods Hand Picked Kashmiri Walnut Walnuts,250.0,,35.0,,449.0,,699.0,food,35.77,<=₹500
"organic forest Chia Seeds, 250gm Premium Quality , For ...",22.0,,6.0,,302.0,,324.0,food,6.79,<=₹500
Happilo Californian Premium Sweet Dried Whole Cranberri...,29.0,,9.0,,266.0,,295.0,food,9.83,<=₹500
Borges Extra Virgin Olive Oil Plastic Bottle,722.0,,51.0,,678.0,,1400.0,food,51.57,"₹501–₹1,000"
Kellogg's Oats,0.0,,0.0,,185.0,,185.0,food,0.0,<=₹500
"Tang Lemon Instant Drink Mix, 500g(Each)",13.0,,4.0,,257.0,,270.0,food,4.81,<=₹500
FARMUP Yellow Soya Bean (Whole),10.0,,4.0,,240.0,,250.0,food,4.0,<=₹500
Nestle Nan Excella Pro Infant Formula Powder (Stage 1),0.0,,0.0,,730.0,,730.0,food,0.0,"₹501–₹1,000"
Ghasitaram Gifts Sundried Papaya 400 gms Papaya,48.0,,9.0,,451.0,,499.0,food,9.62,<=₹500
Nestle Nan Excella Pro Follow-up Formula-powder (Stage ...,0.0,,0.0,,720.0,,720.0,food,0.0,"₹501–₹1,000"
Haldiram's Bhujia Sev,0.0,,0.0,,210.0,,210.0,food,0.0,<=₹500
Eat Soya Soya Nuts Salted 200gm (Pack of 3),10.0,,3.0,,290.0,,300.0,food,3.33,<=₹500
Natturano Premium Organic Cold Pressed Coconut Oil Plas...,0.0,,0.0,,449.0,,449.0,food,0.0,<=₹500
D NATURE FRESH Almond_Raw_P500 Almonds,266.0,,36.0,,459.0,,725.0,food,36.69,<=₹500
Pintola All Natural Honey Peanut Butter (Crunchy) 1 kg,37.0,,8.0,,412.0,,449.0,food,8.24,<=₹500
Mahakosh Refined Soyabean Oil Pouch,17.0,,12.0,,116.0,,133.0,food,12.78,<=₹500
SUN'A'DO Dried Blueberries 150g Blueberry,16.0,,2.0,,533.0,,549.0,food,2.91,"₹501–₹1,000"
Disano Extra Virgin Olive Oil Plastic Bottle,55.0,,20.0,,220.0,,275.0,food,20.0,<=₹500
Horlicks Classic Malt Health Drink,1.0,,0.0,,241.0,,242.0,food,0.41,<=₹500
"Organic Forest Raw Seeds Combo Chia, Pumpkin, Sunflower...",78.0,,10.0,,650.0,,728.0,food,10.71,"₹501–₹1,000"
froods Premium Quality Almonds Almonds,350.0,,38.0,,549.0,,899.0,food,38.93,"₹501–₹1,000"
Bliss of Earth 2x1KG Authentic Pakistani Fine Powdered ...,285.0,,38.0,,465.0,,750.0,food,38.0,<=₹500
Delight Nuts Dried Cranberries Sliced- 200gm (Pack of 2...,17.0,,2.0,,581.0,,598.0,food,2.84,"₹501–₹1,000"
Organic India Tulsi Green Tea Lemon Ginger 25 Tea Bags-...,0.0,,0.0,,348.0,,348.0,food,0.0,<=₹500
Ghasitaram Gifts Sundried Pineapple 200 gms Pineapple,19.0,,6.0,,280.0,,299.0,food,6.35,<=₹500
Cadbury Dairy Milk Silk Bubbly Chocolate Bar (50 gmX4) ...,0.0,,0.0,,499.0,,499.0,food,0.0,<=₹500
Natturano Premium Organic Cold Pressed Safflower Oil Pl...,0.0,,0.0,,399.0,,399.0,food,0.0,<=₹500
Nescafe Red Travel Kit Instant Coffee,65.0,,10.0,,584.0,,649.0,food,10.02,"₹501–₹1,000"
MYFITNESS Crunchy Natural Peanut Butter Unsweetened 100...,110.0,,22.0,,389.0,,499.0,food,22.04,<=₹500
Ghasitaram Gifts sweets-Strawberry Katli 800 gms Box,252.0,,17.0,,1199.0,,1451.0,food,17.37,"₹1,001–₹5,000"
Biotrex Nutraceuticals With Honey and Mother Vinegar,251.0,,41.0,,349.0,,600.0,food,41.83,<=₹500
Eat Soya SOYA NUTS MASALA AND MAGIC PUDINA 200g (PACK O...,0.0,,0.0,,200.0,,200.0,food,0.0,<=₹500
Rostaa Dried Prunes Prunes,20.0,,7.0,,240.0,,260.0,food,7.69,<=₹500
Delight Nuts Berries Mix 200g Assorted Fruit,12.0,,3.0,,387.0,,399.0,food,3.01,<=₹500
Oreo Original Chocolatey Sandwich Biscuits,0.0,,0.0,,30.0,,30.0,food,0.0,<=₹500
Nescafe Ultimate Kit Instant Coffee,55.0,,7.0,,644.0,,699.0,food,7.87,"₹501–₹1,000"
Bel Normande Sparkling Red Grape Juice,0.0,,0.0,,465.0,,465.0,food,0.0,<=₹500
"Nutty Gritties Jumbo Roasted Pistachios, Lightly Salted...",71.0,,16.0,,349.0,,420.0,food,16.9,<=₹500
Complan Kesar Badam,16.0,,5.0,,299.0,,315.0,food,5.08,<=₹500
NAGO Natural Goodness Unpolished Yellow Chana Dal (Spli...,20.0,,10.0,,180.0,,200.0,food,10.0,<=₹500
Delight Nuts California Almonds - 200gm ( Pack of 5) Al...,246.0,,14.0,,1499.0,,1745.0,food,14.1,"₹1,001–₹5,000"
Onlyleaf 100% Natural Calming De-Stress Chamomile Green...,12.0,,4.0,,238.0,,250.0,food,4.8,<=₹500
Happilo Premium International Nuts and Berries,73.0,,20.0,,292.0,,365.0,food,20.0,<=₹500
Yogabar Wholegrain Breakfast Muesli+ - Fruits + Seeds &...,77.0,,12.0,,521.0,,598.0,food,12.88,"₹501–₹1,000"
FARMUP Unpolished Yellow Toor Dal (Whole),149.0,,37.0,,250.0,,399.0,food,37.34,<=₹500
Enfamil A Plus Stage 1 Infant Formula,0.0,,0.0,,715.0,,715.0,food,0.0,"₹501–₹1,000"
Ghasitaram Gifts Roasted Dryfruit Laddoo Box,60.0,,10.0,,539.0,,599.0,food,10.02,"₹501–₹1,000"
"TGL Co. Lemon Detox Green Tea, 16 Tea Bags Lemon Green ...",35.0,,10.0,,314.0,,349.0,food,10.03,<=₹500
NutroActive Himalayan Pink Salt Rock Salt Fine Grain (0...,550.0,,55.0,,449.0,,999.0,food,55.06,<=₹500
"TGL Co. Kadak Masala Chai Tea Black Tea, 16 Tea Bags Gi...",32.0,,12.0,,217.0,,249.0,food,12.85,<=₹500
Alpino Peanut Butter Chocolate 2.4 KG (Gluten Free / No...,200.0,,21.0,,749.0,,949.0,food,21.07,"₹501–₹1,000"
Pintola All Natural Peanut Butter (Creamy) 2.5 kg,78.0,,7.0,,902.0,,980.0,food,7.96,"₹501–₹1,000"
Mars Assorted Chocolate Gift Pack Tin Box Bars,0.0,,0.0,,600.0,,600.0,food,0.0,"₹501–₹1,000"
"TGL Co. Mogo Mogo Green Tea, 16 Tea Bag Mango, Banana, ...",35.0,,10.0,,314.0,,349.0,food,10.03,<=₹500
Eat Soya Soya Nuts Maggi Masala - 200g (Pack of 3),11.0,,3.0,,289.0,,300.0,food,3.67,<=₹500
"Puvi Cold Pressed Gingelly/Sesame Oil (Virgin, Chekku/G...",145.0,,6.0,,2080.0,,2225.0,food,6.52,"₹1,001–₹5,000"
axium axs155,263.0,,43.0,,335.0,,598.0,food,43.98,<=₹500
FARMUP FLAX SEEDS,199.0,,39.0,,300.0,,499.0,food,39.88,<=₹500
TGL Co. Euphoria Instant Coffee Powder | Makes Great Ic...,34.0,,10.0,,305.0,,339.0,food,10.03,<=₹500
Kegan Wellness Lavanam Himalayan Pink Salt,100.0,,33.0,,199.0,,299.0,food,33.44,<=₹500
Neuherbs Organic Green Coffee beans (Unroasted Beans) F...,200.0,,22.0,,699.0,,899.0,food,22.25,"₹501–₹1,000"
VegeBaby 100%Natural Cold Pressed Extra Virgin Sunflowe...,0.0,,0.0,,699.0,,699.0,food,0.0,"₹501–₹1,000"
Wonderland Roasted Combo Seeds Value Pack,416.0,,40.0,,599.0,,1015.0,food,40.99,"₹501–₹1,000"
Akiva Green Tea Apple Cider Vinegar Vinegar,51.0,,8.0,,549.0,,600.0,food,8.5,"₹501–₹1,000"
Colavita PAPPARDELLE 500 G Shell Pasta,5.0,,1.0,,335.0,,340.0,food,1.47,<=₹500
Markstor Premium Dark Dates - Imported Dates,210.0,,42.0,,290.0,,500.0,food,42.0,<=₹500
Alpino Natural Peanut Butter Smooth 2kg (1kg Pack Of 2)...,140.0,,16.0,,710.0,,850.0,food,16.47,"₹501–₹1,000"
SUN'A'DO Dried Apricots 200g (Pack of 2) Apricots,17.0,,2.0,,581.0,,598.0,food,2.84,"₹501–₹1,000"
Delight Nuts Dried Apricots -200gm (Pack of 2) Apricots,16.0,,2.0,,542.0,,558.0,food,2.87,"₹501–₹1,000"
Alpino Natural Honey Peanut Butter Smooth 2kg (1kg Pack...,173.0,,19.0,,725.0,,898.0,food,19.27,"₹501–₹1,000"
Dolce Vita Pure Olive Oil Plastic Bottle,0.0,,0.0,,5025.0,,5025.0,food,0.0,"₹5,001–₹10,000"
Disano Olive Pomace Oil Plastic Bottle,221.0,,49.0,,229.0,,450.0,food,49.11,<=₹500
Glomin Premium Seedless Green (Kishmish) Raisins,376.0,,44.0,,474.0,,850.0,food,44.24,<=₹500
Hershey's Cocoa with Almond Spreads 216 g,48.0,,20.0,,192.0,,240.0,food,20.0,<=₹500
Happilo Dried and Pitted Premium Californian Prunes,123.0,,25.0,,367.0,,490.0,food,25.1,<=₹500
Alpino Organic Natural Peanut Butter Crunch 1kg 1000 g,74.0,,14.0,,425.0,,499.0,food,14.83,<=₹500
Pastificio Riscossa Lasagna Riccia Pasta Shell Pasta,0.0,,0.0,,235.0,,235.0,food,0.0,<=₹500
Alpino Natural Peanut Butter Crunch 2kg (Unsweetened) (...,140.0,,16.0,,710.0,,850.0,food,16.47,"₹501–₹1,000"
Leonardo Extra Light Refined Olive Oil Plastic Bottle,466.0,,17.0,,2133.0,,2599.0,food,17.93,"₹1,001–₹5,000"
Neuherbs Instant Green Coffee Lemon 30 Sachet Instant C...,91.0,,20.0,,349.0,,440.0,food,20.68,<=₹500
"Puvi Cold Pressed Gingelly/Sesame Oil (Virgin, Chekku/G...",35.0,,6.0,,490.0,,525.0,food,6.67,<=₹500
Dexolac Premium Infant Formula Powder (Stage 1),0.0,,0.0,,595.0,,595.0,food,0.0,"₹501–₹1,000"
Eighty 7 cashew 250gm Cashews,90.0,,20.0,,357.0,,447.0,food,20.13,<=₹500
Eighty 7 Raisins Raisins,13.0,,6.0,,174.0,,187.0,food,6.95,<=₹500
Delight Nuts Pistachios (Roasted & Salted)-750gm Pistac...,41.0,,2.0,,1358.0,,1399.0,food,2.93,"₹1,001–₹5,000"
Yuvika Laung - Syzygium aromaticum - Clove (800 GM),1050.0,,47.0,,1149.0,,2199.0,food,47.75,"₹1,001–₹5,000"
"Organic Forest Roasted Flax Seeds, Premium Quality",78.0,,30.0,,178.0,,256.0,food,30.47,<=₹500
Yuvika Javitri - Myristica fragrans - Mace (100 GM),400.0,,44.0,,499.0,,899.0,food,44.49,<=₹500
Puvi Cold Pressed Coconut Oil Coconut Oil Plastic Bottl...,15.0,,3.0,,475.0,,490.0,food,3.06,<=₹500
Maple Joe Canadian Maple Syrup natural,105.0,,11.0,,830.0,,935.0,food,11.23,"₹501–₹1,000"
D NATURE FRESH Black Raisins 250g (Box) Raisins,64.0,,21.0,,235.0,,299.0,food,21.4,<=₹500
"Real Basmati , (Pack of 3) Half Grain Basmati Rice (Med...",30.0,,9.0,,300.0,,330.0,food,9.09,<=₹500
Nutty Gritties Roasted Super Seeds Mix,6.0,,2.0,,249.0,,255.0,food,2.35,<=₹500
NutroActive Keto Atta (1 gm Net Carb Per Roti) Extremel...,398.0,,22.0,,1399.0,,1797.0,food,22.15,"₹1,001–₹5,000"
HEALTHOXIDE Sweet Stevia Powder – Natural & Zero Calori...,10.0,,3.0,,289.0,,299.0,food,3.34,<=₹500
Alpino Organic Peanut Butter Crunch 400g 400 g,24.0,,9.0,,225.0,,249.0,food,9.64,<=₹500
Karachi Bakery Triple Delight Fruit Chocolate and Cashe...,0.0,,0.0,,280.0,,280.0,food,0.0,<=₹500
"Organic Forest Steel Cut Oats, 1Kg Gluten Free , For We...",0.0,,0.0,,320.0,,320.0,food,0.0,<=₹500
True Elements Instant Oats,61.0,,16.0,,299.0,,360.0,food,16.94,<=₹500
Patanjali Cow's Ghee 200 ml Box,0.0,,0.0,,178.0,,178.0,food,0.0,<=₹500
Alpino Classic Peanut Butter Crunch 2.4 KG (Gluten Free...,74.0,,9.0,,675.0,,749.0,food,9.88,"₹501–₹1,000"
Kellogg's Chocos Crunchy Bites,10.0,,5.0,,170.0,,180.0,food,5.56,<=₹500
Spray Lite Natural Flavour Baking Non Sticky Sprays Liq...,0.0,,0.0,,292.0,,292.0,food,0.0,<=₹500
Glomin 100% Natural Premium Californian Almonds,129.0,,32.0,,270.0,,399.0,food,32.33,<=₹500
"Organic Forest Pink Rock Salt granules, 1kg Himalayan P...",52.0,,15.0,,286.0,,338.0,food,15.38,<=₹500
HealthVit Lotus Powder,37.0,,12.0,,263.0,,300.0,food,12.33,<=₹500
Tata Premium Leaf Tea Box,17.0,,8.0,,193.0,,210.0,food,8.1,<=₹500
Vanalaya Chia Seeds,105.0,,19.0,,445.0,,550.0,food,19.09,<=₹500
24 nature PREMIUM CASHEW EXPORT QUALITY Cashews,650.0,,65.0,,349.0,,999.0,food,65.07,<=₹500
Eighty 7 California almond Almonds,88.0,,22.0,,299.0,,387.0,food,22.74,<=₹500
"Wonderland Roasted Makhana Tangy Masala, Sriracha, Sea ...",0.0,,0.0,,580.0,,580.0,food,0.0,"₹501–₹1,000"
"TGL Co. Miracle Mint Tea, Herbal Tea, 16 Tea Bags Peppe...",25.0,,10.0,,224.0,,249.0,food,10.04,<=₹500
Eighty7 Cashews Cashews,253.0,,26.0,,694.0,,947.0,food,26.72,"₹501–₹1,000"
IndoSwasth Apple Cider Vinegar with Mother of Vinegar -...,429.0,,53.0,,369.0,,798.0,food,53.76,<=₹500
FARMUP Jowar Flour 1 Kg,229.0,,45.0,,270.0,,499.0,food,45.89,<=₹500
NutroActive Mineral Himalayan Pink Salt Extra Fine Grai...,500.0,,50.0,,499.0,,999.0,food,50.05,<=₹500
Onlyleaf 100% Natural Refreshing Digestive Aid  Lemon G...,0.0,,0.0,,110.0,,110.0,food,0.0,<=₹500
Nestle Nan Pro Follow-up-Formula (Stage 4),0.0,,0.0,,580.0,,580.0,food,0.0,"₹501–₹1,000"
Pintola Classic Peanut Butter (Creamy) 1 kg,30.0,,8.0,,319.0,,349.0,food,8.6,<=₹500
Hershey's Milk Booster with Calcium and Vitamin D Choco...,36.0,,18.0,,164.0,,200.0,food,18.0,<=₹500
Pintola All Natural Peanut Butter (Crunchy) 350 g,15.0,,9.0,,150.0,,165.0,food,9.09,<=₹500
Healthkart Apple Cider Vinegar With Mother - Unflavored...,301.0,,33.0,,599.0,,900.0,food,33.44,"₹501–₹1,000"
Happilo Premium Dried Californian Blueberry,57.0,,11.0,,428.0,,485.0,food,11.75,<=₹500
Yours Aloevera Juice For Complete Body Care,5.0,,1.0,,270.0,,275.0,food,1.82,<=₹500
"True Elements Gluten Free, Rich in Vitamin B, Regular Q...",201.0,,30.0,,449.0,,650.0,food,30.92,<=₹500
Ketofy MCT Oil. Coconut Oil Plastic Bottle,367.0,,14.0,,2082.0,,2449.0,food,14.99,"₹1,001–₹5,000"
Eighty7 Cashews(200g each) - Pack of 2 Cashews,275.0,,35.0,,499.0,,774.0,food,35.53,<=₹500
SUN'A'DO Pistachios Roasted & Salted - 200g Pistachios,12.0,,3.0,,387.0,,399.0,food,3.01,<=₹500
NutrineLife Pure Apple Cider Vinegar ACV 500 ml with Mo...,1099.0,,57.0,,799.0,,1898.0,food,57.9,"₹501–₹1,000"
SUN'A'DO Mixed Nuts Roasted & Salted Combo Pack of 2(20...,23.0,,2.0,,775.0,,798.0,food,2.88,"₹501–₹1,000"
HealthVit Apple Cider Vinegar Natural & Pure With Goodn...,351.0,,46.0,,399.0,,750.0,food,46.8,<=₹500
"LuvIt Chocorich Assorted Eclairs - Hazelnut, Dark Choco...",251.0,,37.0,,417.0,,668.0,food,37.57,<=₹500
PMW Samudri - Cuttle Fish Bone - Cuttle Fish Bone - 100...,100.0,,25.0,,299.0,,399.0,food,25.06,<=₹500
Shivram Peshawari & Bros Yellow Raisins,70.0,,23.0,,229.0,,299.0,food,23.41,<=₹500
Pillsbury Vanilla Cookie Cake,20.0,,8.0,,220.0,,240.0,food,8.33,<=₹500
"SUN'A'DO Dry Fruit Combo Pack - Almonds, Cashews, Black...",41.0,,2.0,,1355.0,,1396.0,food,2.94,"₹1,001–₹5,000"
Wonderland Makhana Premium Chaat Masala Foxnuts Assorte...,0.0,,0.0,,160.0,,160.0,food,0.0,<=₹500
Junior Horlicks Chocolate Flavour - Stage 1,3.0,,1.0,,285.0,,288.0,food,1.04,<=₹500
Disano Unsweetened Peanut Butter 100% Natural Creamy 1k...,215.0,,43.0,,285.0,,500.0,food,43.0,<=₹500
Nutty Gritties California Walnut Kernals Walnuts,6.0,,1.0,,489.0,,495.0,food,1.21,<=₹500
D NATURE FRESH Cranberries 250g Cranberries,200.0,,40.0,,299.0,,499.0,food,40.08,<=₹500
Pintola Choco Peanut Butter (Creamy) 1 kg,38.0,,8.0,,387.0,,425.0,food,8.94,<=₹500
Onlyleaf 100% Natural Refreshing Skin Care Rose Green T...,0.0,,0.0,,90.0,,90.0,food,0.0,<=₹500
Nestle Cerelac Wheat Apple Carrot Cereal,0.0,,0.0,,195.0,,195.0,food,0.0,<=₹500
Hershey's Syrup Indulgent Caramel,48.0,,21.0,,172.0,,220.0,food,21.82,<=₹500
Sugar Free Gold 300 Pellets Sweetener,4.0,,2.0,,176.0,,180.0,food,2.22,<=₹500
NutroActive Baking Soda Ultra Pure - 350 gm Baking Soda...,50.0,,14.0,,299.0,,349.0,food,14.33,<=₹500
Midiron Organic Premium Roasted Flax Seed (400 gm),49.0,,19.0,,200.0,,249.0,food,19.68,<=₹500
Rostaa Cranberries Sliced 1kg Cranberries,147.0,,15.0,,833.0,,980.0,food,15.0,"₹501–₹1,000"
Delight Nuts Brown Flax Seeds,9.0,,3.0,,289.0,,298.0,food,3.02,<=₹500
Rostaa Dried Prunes (Pack of 3) Prunes,140.0,,17.0,,640.0,,780.0,food,17.95,"₹501–₹1,000"
"The Butternut Co. Peanut Butter Classic with Jaggery, C...",215.0,,38.0,,345.0,,560.0,food,38.39,<=₹500
Mr.Kool RS-111 Rose,220.0,,48.0,,230.0,,450.0,food,48.89,<=₹500
"Yogabar Dark Chocolate, Fruits Nuts + Seeds, Almond + Q...",115.0,,12.0,,782.0,,897.0,food,12.82,"₹501–₹1,000"
Eighty 7 walnuts 180gm Walnuts,12.0,,2.0,,435.0,,447.0,food,2.68,<=₹500
NattyNuts Premium Cashew 200 mg. Cashews,20.0,,5.0,,330.0,,350.0,food,5.71,<=₹500
Midiron Organic Premium Gluten Free Flax Seed,4.0,,2.0,,175.0,,179.0,food,2.23,<=₹500
Wonderland Foods Premium Quality Bay Leaves (Tej Patta),50.0,,25.0,,149.0,,199.0,food,25.13,<=₹500
PMW Dried Stem Less - Curry Leaf Powder - Karuvepillai ...,21.0,,14.0,,129.0,,150.0,food,14.0,<=₹500
Veg E Wagon Ajwain (Carrom Seeds) 250 gm,1.0,,0.0,,198.0,,199.0,food,0.5,<=₹500
Brimune Aloe Juice,1.0,,0.0,,499.0,,500.0,food,0.2,<=₹500
Cadbury Dairy Milk Chocolate Bars,0.0,,0.0,,10.0,,10.0,food,0.0,<=₹500
MYFITNESS Chocolate Peanut Butter 2500 g 2.5 kg,300.0,,23.0,,998.0,,1298.0,food,23.11,"₹501–₹1,000"
"TATA Rock Salt, 1KG Rock Salt",0.0,,0.0,,110.0,,110.0,food,0.0,<=₹500
Delight Nuts Pistachoios Roasted & Salted 200g Pistachi...,11.0,,2.0,,378.0,,389.0,food,2.83,<=₹500
VEDICINE Premium Quality Cinnmon Powder-Dalchini Powder,10.0,,5.0,,189.0,,199.0,food,5.03,<=₹500
"Manna Kodo Millet, Proso Millet, Little Millet, Foxtail...",0.0,,0.0,,435.0,,435.0,food,0.0,<=₹500
Alpino Organic Peanut Butter Smooth 400g 400 g,24.0,,9.0,,225.0,,249.0,food,9.64,<=₹500
Alpino Natural Honey Peanut Butter Crunch 2kg (1kg Pack...,173.0,,19.0,,725.0,,898.0,food,19.27,"₹501–₹1,000"
Nutty Gritties Premium Kalmi Dry Dates,51.0,,11.0,,399.0,,450.0,food,11.33,<=₹500
AS-IT-IS Nutrition Peanut Butter Creamy (Natural & Unsw...,130.0,,26.0,,369.0,,499.0,food,26.05,<=₹500
Rostaa Berrylicious (Mix Berries) Assorted Fruit,59.0,,14.0,,336.0,,395.0,food,14.94,<=₹500
Organic Forest White Quinoa (Keen-Wa) Quinoa,51.0,,17.0,,247.0,,298.0,food,17.11,<=₹500
"Organic India Tulsi Green Tea Lemon, Ginger Tea Bags Bo...",10.0,,2.0,,338.0,,348.0,food,2.87,<=₹500
Yuvika Laung - Syzygium aromaticum - Clove (100 GM),150.0,,37.0,,249.0,,399.0,food,37.59,<=₹500
Lipton Zest Lemon Green Tea Bags Box,10.0,,6.0,,140.0,,150.0,food,6.67,<=₹500
Delight Nuts Pumpkin Seeds (Roasted & Salted)- 750gm (V...,200.0,,18.0,,899.0,,1099.0,food,18.2,"₹501–₹1,000"
"SUN'A'DO Dry Fruits Combo Pack -Almonds, Cashew, Pistac...",46.0,,2.0,,1526.0,,1572.0,food,2.93,"₹1,001–₹5,000"
Shivram Peshawari & Bros Badam Almonds,140.0,,28.0,,359.0,,499.0,food,28.06,<=₹500
zenulife Premium Quality Arabica Green Coffee Beans Pow...,925.0,,77.0,,269.0,,1194.0,food,77.47,<=₹500
Teamonk Global Reeti Darjeeling White Tea Bags Box,306.0,,34.0,,569.0,,875.0,food,34.97,"₹501–₹1,000"
HealthVit SN250 Vinegar,200.0,,25.0,,600.0,,800.0,food,25.0,"₹501–₹1,000"
Shivram Peshawari & Bros Pista Kernels,150.0,,18.0,,649.0,,799.0,food,18.77,"₹501–₹1,000"
"Yogabar Wholegrain Breakfast Muesli+ - Fruits, Nuts + S...",77.0,,12.0,,521.0,,598.0,food,12.88,"₹501–₹1,000"
Ghasitaram Gifts Cashews Dryfruits-Goan Cashews 400 gms...,125.0,,17.0,,575.0,,700.0,food,17.86,"₹501–₹1,000"
Wonderland Foods Premium Quality Black Mustard Seeds (S...,50.0,,25.0,,149.0,,199.0,food,25.13,<=₹500
Haim Wholegrain Brown Rice Cakes with Quinoa and Chia S...,2.0,,0.0,,388.0,,390.0,food,0.51,<=₹500
Wonderland Foods Premium Whole -W240 Cashew Nuts (Bette...,599.0,,35.0,,1099.0,,1698.0,food,35.28,"₹1,001–₹5,000"
Happilo Californian Premium Sweet Dried Sliced Cranberr...,40.0,,15.0,,225.0,,265.0,food,15.09,<=₹500
AS-IT-IS Nutrition Peanut Butter Crunchy (Natural & Uns...,130.0,,26.0,,369.0,,499.0,food,26.05,<=₹500
"Akiva Superfoods Raw, Unfiltered, UnRefined Apple Cider...",26.0,,4.0,,599.0,,625.0,food,4.16,"₹501–₹1,000"
YUVIKA Methi Dana - Trigonella foenum-graecum - Fenugre...,1.0,,0.0,,199.0,,200.0,food,0.5,<=₹500
Parle Monaco Salted Biscuits,0.0,,0.0,,10.0,,10.0,food,0.0,<=₹500
Organic India Tulsi Original 100gm Tin (Pack of 2) Tuls...,1.0,,0.0,,379.0,,380.0,food,0.26,<=₹500
Midiron Roasted Flax Seed (250 gm) & Raw Sunflower Seed...,60.0,,12.0,,439.0,,499.0,food,12.02,<=₹500
Herbal Essentials Combo pack of 5 Himalayan Pink Salt (...,174.0,,34.0,,325.0,,499.0,food,34.87,<=₹500
"Glinter Lemon Flavour Soft Drink, 350ml",50.0,,25.0,,149.0,,199.0,food,25.13,<=₹500
Davinci Gourmet Irish Cream Flavored Syrup 750 ml,15.0,,2.0,,630.0,,645.0,food,2.33,"₹501–₹1,000"
"N2B Tomato Ketchup 1200g (Pack of 6, 200g each) Ketchup",25.0,,6.0,,335.0,,360.0,food,6.94,<=₹500
Midiron Raw Chia Seed with Sunflower Seed Healthy Pack ...,120.0,,20.0,,479.0,,599.0,food,20.03,<=₹500
Midiron Himalayan Black Salt (Kala Namak) 1 Kg Black Sa...,144.0,,41.0,,205.0,,349.0,food,41.26,<=₹500
"Organic Forest White Quinoa Seeds, 1kg Quinoa",136.0,,27.0,,362.0,,498.0,food,27.31,<=₹500
Pastificio Riscossa Semi Di Orzo Pasta,0.0,,0.0,,310.0,,310.0,food,0.0,<=₹500
Wonderland Foods Whole Coriander,120.0,,40.0,,179.0,,299.0,food,40.13,<=₹500
Mr.Kool Liquid Glucose Corn Syrup,20.0,,6.0,,270.0,,290.0,food,6.9,<=₹500
Alpino Super Muesli Nut Delight 400 G (Whole Grain Brea...,30.0,,10.0,,249.0,,279.0,food,10.75,<=₹500
Mr.Kool Premium Dark Brown Cocoa Powder 100gm Cocoa Pow...,120.0,,40.0,,179.0,,299.0,food,40.13,<=₹500
Wonderland Foods Premium Quality Combo of Whole Spices ...,351.0,,43.0,,449.0,,800.0,food,43.88,<=₹500
"Wonderland Foods Roasted Makhana Chaat Masala, Peri Per...",0.0,,0.0,,580.0,,580.0,food,0.0,"₹501–₹1,000"
Nutty Gritties Indian Long Green Raisins,0.0,,0.0,,165.0,,165.0,food,0.0,<=₹500
Foodvit Citric Acid Raising Ingredient Powder,10.0,,10.0,,90.0,,100.0,food,10.0,<=₹500
TGL Co. Morning Motivation Instant Coffee Powder Instan...,35.0,,10.0,,314.0,,349.0,food,10.03,<=₹500
Britannia Good Day Cashew Cookies,0.0,,0.0,,105.0,,105.0,food,0.0,<=₹500
NattyNuts 100% Natural & Rich In Taste Cashews,130.0,,18.0,,570.0,,700.0,food,18.57,"₹501–₹1,000"
Sinew Nutrition Green Coffee Beans (250g x 4 PC) for We...,1277.0,,63.0,,719.0,,1996.0,food,63.98,"₹501–₹1,000"
"Pranacharya Pranamrit Wheat Grass juice with Giloy, Pap...",130.0,,22.0,,450.0,,580.0,food,22.41,<=₹500
Vitro Certified Organic Amla Juice,5.0,,1.0,,320.0,,325.0,food,1.54,<=₹500
"LuvIt Chocorich Classic Eclairs, 384g - Pack of 4 Bars",124.0,,25.0,,372.0,,496.0,food,25.0,<=₹500
cloudem Rose Non Alcoholic Sparkling Drink - Ideal Fest...,300.0,,30.0,,699.0,,999.0,food,30.03,"₹501–₹1,000"
Eighty 7 Broken cashew 900gm Cashews,600.0,,40.0,,887.0,,1487.0,food,40.35,"₹501–₹1,000"
Soft Art Energy Dried Seedless Turkish Apricot (Khumani...,732.0,,65.0,,388.0,,1120.0,food,65.36,<=₹500
cloudem Bronze Non Alcoholic Sparkling Drink - Ideal Fe...,300.0,,30.0,,699.0,,999.0,food,30.03,"₹501–₹1,000"
Veg E Wagon Hexagon Salty And Spicy Biscuits,171.0,,34.0,,328.0,,499.0,food,34.27,<=₹500
Nutty Gritties Mix Berries 200g,20.0,,5.0,,355.0,,375.0,food,5.33,<=₹500
Wonderland Foods Premium Quality Fennel Seeds (Sauf),150.0,,46.0,,175.0,,325.0,food,46.15,<=₹500
Midiron Premium Quality Himalayan Black Salt Powder Kal...,44.0,,22.0,,155.0,,199.0,food,22.11,<=₹500
myfitness Smooth Crunchy Peanut Butter Combo (510g) 102...,91.0,,14.0,,549.0,,640.0,food,14.22,"₹501–₹1,000"
"Naturewell Combo pack of Chia Seeds , Sunflower Seeds ,...",821.0,,68.0,,375.0,,1196.0,food,68.65,<=₹500
Neuherbs Chia Seeds,51.0,,18.0,,219.0,,270.0,food,18.89,<=₹500
Haim Wholegrain Brown Rice with Quinoa and Chia Seeds (...,3.0,,0.0,,777.0,,780.0,food,0.38,"₹501–₹1,000"
"Vega Rica Non-Alcoholic White Wine,1 L",300.0,,33.0,,599.0,,899.0,food,33.37,"₹501–₹1,000"
24 nature PREMIUM ALMONDS EXPORT QUALITY Almonds,950.0,,67.0,,449.0,,1399.0,food,67.91,<=₹500
D NATURE FRESH Roasted & Salted Almonds 250g (Pouch) Al...,100.0,,26.0,,275.0,,375.0,food,26.67,<=₹500
Minar Golden Latte Mix 200gm (Pack of 1),107.0,,31.0,,238.0,,345.0,food,31.01,<=₹500
Wonderland Roasted & Salted 100g Pistachios,0.0,,0.0,,190.0,,190.0,food,0.0,<=₹500
Nutrovally green coffee Beans Powder for Weight Loss (A...,200.0,,36.0,,349.0,,549.0,food,36.43,<=₹500
Delight Nuts Natural Mix - 200gm (Pack of 2) Assorted N...,23.0,,2.0,,775.0,,798.0,food,2.88,"₹501–₹1,000"
"Wonderland Foods Pistachios Roasted and Salted, 100g Pi...",0.0,,0.0,,190.0,,190.0,food,0.0,<=₹500
Junior Horlicks Original Flavour - Stage 2,20.0,,6.0,,268.0,,288.0,food,6.94,<=₹500
TE-A-ME Long Leaf Pack of 4 (4 X 200g = 800g) Green Tea...,140.0,,20.0,,560.0,,700.0,food,20.0,"₹501–₹1,000"
Veg E Wagon Haldi (Turmeric) Whole 1000 gm,18.0,,5.0,,288.0,,306.0,food,5.88,<=₹500
"Pastificio Riscossa Gluten Free Penne Rigate Pasta, 340...",0.0,,0.0,,295.0,,295.0,food,0.0,<=₹500
"Bliss of Earth Certified Organic Black Seed Oil, Kalonj...",194.0,,40.0,,281.0,,475.0,food,40.84,<=₹500
Nandini Good Life Toned Milk,0.0,,0.0,,27.0,,27.0,food,0.0,<=₹500
Farm Honey Wild Honey,15.0,,4.0,,305.0,,320.0,food,4.69,<=₹500
Healthkart Apple Cider Vinegar with Mother (Ginger Garl...,160.0,,25.0,,470.0,,630.0,food,25.4,<=₹500
"HealthNutriva Apple Cider Vinegar with Ginger, Garlic ,...",2055.0,,68.0,,945.0,,3000.0,food,68.5,"₹501–₹1,000"
Junior Horlicks Vanilla Flavour - Stage 1,20.0,,6.0,,268.0,,288.0,food,6.94,<=₹500
Wonderland Foods Pumpkin Seed Pack of 2 (200g Each),371.0,,46.0,,429.0,,800.0,food,46.38,<=₹500
Balance Natural Diabetic & Keto friendly Sugar Free Swe...,322.0,,32.0,,678.0,,1000.0,food,32.2,"₹501–₹1,000"
Farm Honey Cardomom Honey,15.0,,4.0,,335.0,,350.0,food,4.29,<=₹500
Midiron 100 % Natural Premium Raisin Raisins,70.0,,28.0,,179.0,,249.0,food,28.11,<=₹500
Veg E Wagon Green Kishmish (Raisins) Regular 500 gm Rai...,82.0,,18.0,,368.0,,450.0,food,18.22,<=₹500
Delight Nuts Berries Combo Pack - Dried Cranberries 200...,26.0,,2.0,,854.0,,880.0,food,2.95,"₹501–₹1,000"
Blue Elephant Rice Vinegar,0.0,,0.0,,275.0,,275.0,food,0.0,<=₹500
TE-A-ME Charge Pack of 4 (4 X 25 = 100 Tea Bags) Ginger...,140.0,,20.0,,560.0,,700.0,food,20.0,"₹501–₹1,000"
True Elements Raw Chia Seeds and Raw Sunflower Seeds,14.0,,4.0,,286.0,,300.0,food,4.67,<=₹500
Midiron Pumpkin Seed & Raw Sunflower Seed Healthy Pack ...,110.0,,9.0,,1089.0,,1199.0,food,9.17,"₹1,001–₹5,000"
FRUIT NUT Premium Export Quality Mango Mango,750.0,,75.0,,249.0,,999.0,food,75.08,<=₹500
cloudem Blue Non Alcoholic Sparkling Drink - Ideal Fest...,300.0,,30.0,,699.0,,999.0,food,30.03,"₹501–₹1,000"
Midiron Organics Pumpkin Seeds - Gluten Free Non-GMO Pu...,130.0,,14.0,,769.0,,899.0,food,14.46,"₹501–₹1,000"
Yuvika Kahu Jeera | Kahoo Jeera - Lactuca Sativa (100 G...,170.0,,42.0,,229.0,,399.0,food,42.61,<=₹500
VIHADO Pure Green Coffee Beans for Weight Loss For Men ...,778.0,,74.0,,269.0,,1047.0,food,74.31,<=₹500
Delight Nuts Dried Cranberries - 200gm (Pack of 2) Cran...,20.0,,2.0,,660.0,,680.0,food,2.94,"₹501–₹1,000"
NutroVally Organic green coffee beans for weight loss 2...,578.0,,52.0,,529.0,,1107.0,food,52.21,"₹501–₹1,000"
Protinex Original,50.0,,8.0,,535.0,,585.0,food,8.55,"₹501–₹1,000"
Veg E Wagon Pudina Goli and Amla Candy 250 gm Combo Swe...,74.0,,18.0,,334.0,,408.0,food,18.14,<=₹500
Wonderland Foods Whole Coriander Seeds (Sabut Dhaniya),330.0,,55.0,,269.0,,599.0,food,55.09,<=₹500
Vitro Certified Organic Aloe Vera Juice with Fiber,7.0,,2.0,,288.0,,295.0,food,2.37,<=₹500
Jiva Aloe Vera Juice (500 ml) Pack of 2,0.0,,0.0,,418.0,,418.0,food,0.0,<=₹500
Soft Art Celebrations Dried Cranberries Candy Vaccum Pa...,305.0,,49.0,,313.0,,618.0,food,49.35,<=₹500
CCDS Castor Sugar 500 gm Sugar,10.0,,7.0,,125.0,,135.0,food,7.41,<=₹500
Yuvika Afteeyun | Aftiun | Afttimoon | Amar Bel | Aakas...,225.0,,45.0,,274.0,,499.0,food,45.09,<=₹500
Happilo Californian Premium Sweet Dried Whole Cranberri...,59.0,,10.0,,531.0,,590.0,food,10.0,"₹501–₹1,000"
D NATURE FRESH Raw Cashews 250g (Box) Cashews,105.0,,23.0,,345.0,,450.0,food,23.33,<=₹500
Farm Honey Moringa Honey,35.0,,10.0,,315.0,,350.0,food,10.0,<=₹500
Nestle NesPlus Crunchy Flakes Corn and Oats,0.0,,0.0,,180.0,,180.0,food,0.0,<=₹500
Let's GoNuts Whole Cashew Nuts (Kaju) Cashews,100.0,,28.0,,249.0,,349.0,food,28.65,<=₹500
Wonderland Roasted Jumbo Pumpkin Seed -200 g,136.0,,34.0,,264.0,,400.0,food,34.0,<=₹500
TGL Co. Pure Matcha Green Tea Powder | Rich in Antioxid...,164.0,,27.0,,435.0,,599.0,food,27.38,<=₹500
kaykon Pure Kashmiri Kesar Premium Quality Saffron 2-4 ...,2691.0,,44.0,,3299.0,,5990.0,food,44.92,"₹1,001–₹5,000"
Bliss of Earth 500ML Certified Organic Sunflower Oil Fo...,284.0,,51.0,,266.0,,550.0,food,51.64,<=₹500
Farm Honey Jamun Honey,40.0,,11.0,,320.0,,360.0,food,11.11,<=₹500
Akiva Superfoods Extra Light 100% Organic Raw Coconut O...,126.0,,20.0,,499.0,,625.0,food,20.16,<=₹500
Nutty Gritties Dried US Cranberries 200g Cranberries,6.0,,2.0,,279.0,,285.0,food,2.11,<=₹500
kaykon Kashmiri Kishmish Pure Green Raisin - 2 KG Raisi...,399.0,,19.0,,1599.0,,1998.0,food,19.97,"₹1,001–₹5,000"
Singla Best Quality Kaju katli Box,309.0,,31.0,,680.0,,989.0,food,31.24,"₹501–₹1,000"
Shivram Peshawari & Bros Khubani Apricots,40.0,,10.0,,359.0,,399.0,food,10.03,<=₹500
Nestle Cerelac Wheat Orange Cereal,0.0,,0.0,,235.0,,235.0,food,0.0,<=₹500
Lipton Loose Green Tea Box,2.0,,1.0,,118.0,,120.0,food,1.67,<=₹500
Yuvika Bahera Sabut - Terminalia Bellirica - Bahera Who...,150.0,,50.0,,149.0,,299.0,food,50.17,<=₹500
Rostaa Berrylicious (Mix Berries) Assorted Fruit,288.0,,15.0,,1632.0,,1920.0,food,15.0,"₹1,001–₹5,000"
Nutty Gritties Jumbo California Almonds,201.0,,26.0,,549.0,,750.0,food,26.8,"₹501–₹1,000"
Delight Nuts Chia Seeds- 750gm (Value Pack) Assorted Nu...,200.0,,18.0,,899.0,,1099.0,food,18.2,"₹501–₹1,000"
VEDICINE Raw Basil Seeds |Tukmariya |Sabja |Bapji Seed ...,49.0,,12.0,,349.0,,398.0,food,12.31,<=₹500
Midiron Mix Colourful Sugar Coated SAUNF| Colourful Fen...,120.0,,40.0,,179.0,,299.0,food,40.13,<=₹500
Ferns N Petals 5 Star Chocolate Gift in a Black Mug For...,0.0,,0.0,,549.0,,549.0,food,0.0,"₹501–₹1,000"
"True Elements Antioxidant Mix,Roasted Sunflower, Pumpki...",77.0,,8.0,,883.0,,960.0,food,8.02,"₹501–₹1,000"
Neuherbs Brown Flax Seeds,11.0,,7.0,,139.0,,150.0,food,7.33,<=₹500
Real Fruit Juice - Litchi,20.0,,19.0,,85.0,,105.0,food,19.05,<=₹500
Vitro Certified Organic Noni Juice,55.0,,12.0,,370.0,,425.0,food,12.94,<=₹500
Naturewell White Rajma Chithra (Whole),94.0,,31.0,,205.0,,299.0,food,31.44,<=₹500
"Midiron Sesame Seed, Organic Sesame Seed/ White Till Ri...",14.0,,5.0,,235.0,,249.0,food,5.62,<=₹500
Saffola Aura Refined Olive and Flaxseed Blended Oil Pla...,0.0,,0.0,,1350.0,,1350.0,food,0.0,"₹1,001–₹5,000"
Saffola Aura Extra Virgin Olive and Flaxseed EV Blended...,1.0,,0.0,,599.0,,600.0,food,0.17,"₹501–₹1,000"
Wonderland Raw Cashews,206.0,,25.0,,594.0,,800.0,food,25.75,"₹501–₹1,000"
"True Elements Raw Flax Seeds, High in Omega 3",4.0,,2.0,,196.0,,200.0,food,2.0,<=₹500
Onlyleaf 100% Natural Anti-Oxidant Rich Dandelion Herbs...,14.0,,5.0,,261.0,,275.0,food,5.09,<=₹500
Nutty Gritties Southern Pepper Cashews,46.0,,10.0,,389.0,,435.0,food,10.57,<=₹500
Ghasitaram Gifts Cashews Dryfruits-Goan Cashews 200 gms...,100.0,,22.0,,351.0,,451.0,food,22.17,<=₹500
Midiron Himalayan White Rock Salt Premium Quality (Send...,14.0,,7.0,,185.0,,199.0,food,7.04,<=₹500
Horlicks Royal Kesar Badam Flavour,0.0,,0.0,,263.0,,263.0,food,0.0,<=₹500
Bliss of Earth 2X250 GM High Curcumin Lakadong Turmeric...,330.0,,42.0,,440.0,,770.0,food,42.86,<=₹500
zenulife Premium Quality Organic Green Coffee Beans Pow...,600.0,,60.0,,399.0,,999.0,food,60.06,<=₹500
"axium axs158 garden mukhwas, gulab mukhwas Mouth Freshe...",163.0,,27.0,,434.0,,597.0,food,27.3,<=₹500
Midiron Organic Raw Sunflower Seeds (300 g),137.0,,39.0,,212.0,,349.0,food,39.26,<=₹500
MYFITNESS Crunchy Peanut Butter (510g) 1020 g,91.0,,14.0,,549.0,,640.0,food,14.22,"₹501–₹1,000"
Delight Nuts Cashew Roasted & Salted -200gm (Pack of 2)...,23.0,,2.0,,775.0,,798.0,food,2.88,"₹501–₹1,000"
Glomin 100% Natural Premium Whole Nuts Cashews,110.0,,25.0,,315.0,,425.0,food,25.88,<=₹500
Yuvika Tej Patta - Cinnamomum Tamala - Bay Leaves (200 ...,150.0,,42.0,,199.0,,349.0,food,42.98,<=₹500
Yuvika Bahera Sabut - Terminalia Bellirica - Bahera Who...,170.0,,48.0,,179.0,,349.0,food,48.71,<=₹500
Akiva Superfoods Wheatgrass Health Shots for Detox & Im...,51.0,,4.0,,1149.0,,1200.0,food,4.25,"₹1,001–₹5,000"
"True Elements Baked Granola with Rolled Oats, Cranberri...",37.0,,7.0,,483.0,,520.0,food,7.12,<=₹500
Lune De Miel Organic pure,0.0,,0.0,,785.0,,785.0,food,0.0,"₹501–₹1,000"
Veg E Wagon Munakka (Jumbo Raisins) Premium 500 gm Rais...,122.0,,20.0,,478.0,,600.0,food,20.33,<=₹500
Veg E Wagon Hing Peda 500 gm Hing,69.0,,16.0,,339.0,,408.0,food,16.91,<=₹500
"Indigenous honey raw, organic, unprocessed, unfiltered,...",19.0,,3.0,,501.0,,520.0,food,3.65,"₹501–₹1,000"
YUVIKA Kali Mirch - Black Pepper - Piper Nigrum,16.0,,7.0,,199.0,,215.0,food,7.44,<=₹500
Healthkart ACV For Weight Management Vinegar,71.0,,10.0,,599.0,,670.0,food,10.6,"₹501–₹1,000"
Yuvika Tej Patta Powder - Cinnamomum Tamala - Bay Leave...,170.0,,42.0,,229.0,,399.0,food,42.61,<=₹500
Veg E Wagon Rai (Mustard) # 1 500 gm,22.0,,14.0,,128.0,,150.0,food,14.67,<=₹500
Blue Elephant Red Chili Sauce,0.0,,0.0,,245.0,,245.0,food,0.0,<=₹500
Manna Ethnic Proso Millet,14.0,,5.0,,266.0,,280.0,food,5.0,<=₹500
Nestle Koko Krunch Choco Burst,0.0,,0.0,,170.0,,170.0,food,0.0,<=₹500
Midiron Amla Dehydrated Sweet Candy Tasty & Healthy Can...,425.0,,53.0,,374.0,,799.0,food,53.19,<=₹500
Bliss of Earth 1KG Authentic Pakistani Himalayan Pink S...,200.0,,40.0,,290.0,,490.0,food,40.82,<=₹500
Delight Nuts Flax Seeds Roasted & Salted- 750gm (Value ...,15.0,,3.0,,484.0,,499.0,food,3.01,<=₹500
Coco Soul Cold Pressed Natural Virgin VCNO Coconut Oil ...,0.0,,0.0,,399.0,,399.0,food,0.0,<=₹500
Glomin Premium Seedless Green (Kishmish) Raisins,130.0,,43.0,,169.0,,299.0,food,43.48,<=₹500
Midiron Himalayan Rock Salt Premium Quality (Sendha Nam...,169.0,,42.0,,230.0,,399.0,food,42.36,<=₹500
Nutty Gritties Southern Pepper Cashew Nuts,46.0,,10.0,,389.0,,435.0,food,10.57,<=₹500
Yuvika Bel Patta Powder (100 GM),60.0,,30.0,,139.0,,199.0,food,30.15,<=₹500
True Elements Dried Blueberries Blueberry,16.0,,4.0,,359.0,,375.0,food,4.27,<=₹500
"Nutty Gritties Jumbo Roasted Cashewnuts, Lightly Salted",25.0,,5.0,,395.0,,420.0,food,5.95,<=₹500
zenulife Premium Strong & Natural Green Coffee 200 g In...,350.0,,58.0,,249.0,,599.0,food,58.43,<=₹500
BHARAT HONEY KASHMIRI HONEY 500 G,0.0,,0.0,,420.0,,420.0,food,0.0,<=₹500
True Elements Whole Oats Groats Whole Wheat,17.0,,5.0,,308.0,,325.0,food,5.23,<=₹500
Delight Nuts Pistachios Roasted & Salted- 200gm (Pack o...,23.0,,2.0,,755.0,,778.0,food,2.96,"₹501–₹1,000"
Onlyleaf 100% Natural Anti-Oxidant Rose Rose Green Tea ...,14.0,,5.0,,261.0,,275.0,food,5.09,<=₹500
Shara's W240 Jumbo Size Cashew Nuts I Kaju I Cashews,371.0,,38.0,,599.0,,970.0,food,38.25,"₹501–₹1,000"
Wonderland FOODS (DEVICE) Roasted Makhana Sea Salt and ...,0.0,,0.0,,480.0,,480.0,food,0.0,<=₹500
Haldiram's Mixture,0.0,,0.0,,30.0,,30.0,food,0.0,<=₹500
"True Elements Raw Chia Seeds for Weight Loss, High in C...",41.0,,6.0,,559.0,,600.0,food,6.83,"₹501–₹1,000"
Sonal Dry fruit Premium California Almonds Almonds,61.0,,16.0,,299.0,,360.0,food,16.94,<=₹500
"Yogabar Multigrain Energy Bars - (Nuts and Seeds, 38gm ...",51.0,,12.0,,349.0,,400.0,food,12.75,<=₹500
Ketofy Almond Butter (2x200g) 200 g,150.0,,15.0,,849.0,,999.0,food,15.02,"₹501–₹1,000"
HealthViva With Mother Vinegar Vinegar,500.0,,50.0,,499.0,,999.0,food,50.05,<=₹500
"axium axs192 Orange Candy, Black Candy, Anardana Goli C...",178.0,,29.0,,419.0,,597.0,food,29.82,<=₹500
PMW Fenugreek Seeds - Menthulu - Methi Seeds - Trigonel...,120.0,,60.0,,79.0,,199.0,food,60.3,<=₹500
SFT Yellow Peanut (Whole),180.0,,48.0,,189.0,,369.0,food,48.78,<=₹500
Balaji Premium Almonds,25.0,,9.0,,245.0,,270.0,food,9.26,<=₹500
Herbal Essentials Combo Pack of Chia Seed & Quinoa Seed...,403.0,,67.0,,195.0,,598.0,food,67.39,<=₹500
Nutty Desires Cashews 250 g (Premium whole Kaju) Cashew...,201.0,,28.0,,499.0,,700.0,food,28.71,<=₹500
Nutty Gritties Dried Blueberrries 150g Blueberry,46.0,,9.0,,449.0,,495.0,food,9.29,<=₹500
NutroActive Sweet Basil Seeds,29.0,,7.0,,349.0,,378.0,food,7.67,<=₹500
FRUIT NUT Premium Imported quality Cashew Cashews,648.0,,64.0,,349.0,,997.0,food,64.99,<=₹500
Manna 100% Natural & Gluten Free Proso Millet,0.0,,0.0,,400.0,,400.0,food,0.0,<=₹500
"Freshzo Lime Juice Concentrate, 250ml (Pack of 6) (1500...",31.0,,6.0,,449.0,,480.0,food,6.46,<=₹500
Singla Best Quality Kaju Katli (1 kg) Box,350.0,,24.0,,1100.0,,1450.0,food,24.14,"₹1,001–₹5,000"
Herbsjoy Mother Vinegar Vinegar,684.0,,68.0,,314.0,,998.0,food,68.54,<=₹500
"Eighty7 California Almonds(250g), Cashews(250g) and Rai...",129.0,,12.0,,892.0,,1021.0,food,12.63,"₹501–₹1,000"
Cadbury Valentine Special Heart Shape Chocolate Gift Ha...,150.0,,20.0,,599.0,,749.0,food,20.03,"₹501–₹1,000"
Bliss of Earth Certified Organic Edible Flaxseed oil Fl...,298.0,,41.0,,427.0,,725.0,food,41.1,<=₹500
Natturano Premium Organic Cold Pressed Til / Sesame Oil...,0.0,,0.0,,499.0,,499.0,food,0.0,<=₹500
TGL Co. Morning Motivation Instant Coffee Powder Freeze...,54.0,,10.0,,485.0,,539.0,food,10.02,<=₹500
Veg E Wagon Rai (Mustard) # 2 1000 gm,37.0,,15.0,,208.0,,245.0,food,15.1,<=₹500
"Cadbury Chocolate Bar, 60 gm - Pack of 6 Bars",0.0,,0.0,,420.0,,420.0,food,0.0,<=₹500
Pintola Classic Peanut Butter-(Crunchy) 350 g,15.0,,9.0,,140.0,,155.0,food,9.68,<=₹500
e food factory Black Kishmish (Raisins) Regular 250 In ...,220.0,,44.0,,279.0,,499.0,food,44.09,<=₹500
Haim Organic Wholegrain Brown Rice Cakes with Buckwheat...,3.0,,0.0,,777.0,,780.0,food,0.38,"₹501–₹1,000"
"Midiron Pumpkin Seeds (350 gm), Rich in Zinc & Powerhou...",90.0,,20.0,,359.0,,449.0,food,20.04,<=₹500
Fabelle The Bars Trilogy Bars,0.0,,0.0,,1100.0,,1100.0,food,0.0,"₹1,001–₹5,000"
Portronics Cool Pad Wood Portable Laptop Table,800.0,,29.0,,1899.0,,2699.0,furn,29.64,"₹1,001–₹5,000"
Ebee Metal Kitchen Cabinet,419.0,,41.0,,580.0,,999.0,furn,41.94,"₹501–₹1,000"
Traders5253 Carbon Steel Collapsible Wardrobe,2535.0,,65.0,,1349.0,,3884.0,furn,65.27,"₹1,001–₹5,000"
Sauran LCD/LED/PLASMA TV Swivel Type Movable Wall mount...,2164.0,,83.0,,435.0,,2599.0,furn,83.26,<=₹500
MemeHO BL Wood Portable Laptop Table,500.0,,33.0,,999.0,,1499.0,furn,33.36,"₹501–₹1,000"
NAKODA Plastic Free Standing Chest of Drawers,984.0,,42.0,,1305.0,,2289.0,furn,42.99,"₹1,001–₹5,000"
Flipkart Perfect Homes Studio Metal Open Book Shelf,150.0,,14.0,,899.0,,1049.0,furn,14.3,"₹501–₹1,000"
Flipkart Perfect Homes Studio Metal Open Book Shelf,50.0,,4.0,,999.0,,1049.0,furn,4.77,"₹501–₹1,000"
Portronics Mybuddy L Por-833 Wood Portable Laptop Table,1200.0,,40.0,,1799.0,,2999.0,furn,40.01,"₹1,001–₹5,000"
FurnCentral Metal Open Book Shelf,1600.0,,50.0,,1599.0,,3199.0,furn,50.02,"₹1,001–₹5,000"
Portronics POR-703 My Buddy Plus (Bamboo) Wood Portable...,800.0,,29.0,,1899.0,,2699.0,furn,29.64,"₹1,001–₹5,000"
LINGAZ TB-04 Wood Portable Laptop Table,1200.0,,57.0,,899.0,,2099.0,furn,57.17,"₹501–₹1,000"
Flipzon Baby 6 Shelve Unbreakable Material PVC Collapsi...,2004.0,,66.0,,995.0,,2999.0,furn,66.82,"₹501–₹1,000"
Ebee Metal Shoe Stand,400.0,,44.0,,499.0,,899.0,furn,44.49,<=₹500
Flipkart Perfect Homes Studio Metal Open Book Shelf,1060.0,,38.0,,1699.0,,2759.0,furn,38.42,"₹1,001–₹5,000"
Ebee Metal Shoe Stand,600.0,,46.0,,699.0,,1299.0,furn,46.19,"₹501–₹1,000"
PARASNATH Parasnath 4-5 Utility Shoe Rack Cabinet (Red)...,1450.0,,72.0,,549.0,,1999.0,furn,72.54,"₹501–₹1,000"
FurnCentral Metal Kitchen Cabinet,1000.0,,33.0,,1999.0,,2999.0,furn,33.34,"₹1,001–₹5,000"
Sauran 26-55 inch Heavy TV Wall Mount for all types of ...,785.0,,68.0,,365.0,,1150.0,furn,68.26,<=₹500
Flipkart Perfect Homes Studio Metal Open Book Shelf,1260.0,,45.0,,1499.0,,2759.0,furn,45.67,"₹1,001–₹5,000"
Sasimo 1-Door 6-Shelf Fabric Collapsible Carbon Steel C...,4100.0,,82.0,,899.0,,4999.0,furn,82.02,"₹501–₹1,000"
Continental 6 + 2 Shelves 3 Door 88130 Brown PP Collaps...,950.0,,38.0,,1549.0,,2499.0,furn,38.02,"₹1,001–₹5,000"
CMerchants Shoe Stand 6 Layer Metal Collapsible Shoe St...,1109.0,,61.0,,690.0,,1799.0,furn,61.65,"₹501–₹1,000"
Flipkart Perfect Homes Studio XXXL Classic Classic Bean...,2000.0,,50.0,,1999.0,,3999.0,furn,50.01,"₹1,001–₹5,000"
CMerchants Classic-Flower05-Stand Metal Collapsible Sho...,1509.0,,75.0,,490.0,,1999.0,furn,75.49,<=₹500
Flipkart Perfect Homes Opus Engineered Wood Queen Box B...,3809.0,,24.0,,11490.0,,15299.0,furn,24.9,"₹10,001–₹25,000"
Ebee PVC Collapsible Wardrobe,2050.0,,68.0,,949.0,,2999.0,furn,68.36,"₹501–₹1,000"
Ebee Metal Collapsible Shoe Stand,624.0,,52.0,,575.0,,1199.0,furn,52.04,"₹501–₹1,000"
Flipkart Perfect Homes Studio Metal Kitchen Cabinet,340.0,,31.0,,749.0,,1089.0,furn,31.22,"₹501–₹1,000"
@home by Nilkamal Finley Engineered Wood Study Table,1710.0,,28.0,,4190.0,,5900.0,furn,28.98,"₹1,001–₹5,000"
SM Fashion LCD/LED/PLASMA TV Swivel Type Movable Wall m...,959.0,,73.0,,340.0,,1299.0,furn,73.83,<=₹500
Furn Central PVC (Polyvinyl Chloride) 2 Seater Inflatab...,4300.0,,61.0,,2699.0,,6999.0,furn,61.44,"₹1,001–₹5,000"
Ebee Metal Shoe Stand,500.0,,45.0,,599.0,,1099.0,furn,45.5,"₹501–₹1,000"
Flipkart Perfect Homes Studio 2 Door 4 Shelf PP Collaps...,1700.0,,56.0,,1299.0,,2999.0,furn,56.69,"₹1,001–₹5,000"
FOLDDON FD123BG PP (Polypropylene) Collapsible Wardrobe,2001.0,,55.0,,1599.0,,3600.0,furn,55.58,"₹1,001–₹5,000"
RoyalOak Angry Bird Kids Engineered Wood Study Table,2880.0,,52.0,,2620.0,,5500.0,furn,52.36,"₹1,001–₹5,000"
Nilkamal Leo Engineered Wood Computer Desk,510.0,,14.0,,2990.0,,3500.0,furn,14.57,"₹1,001–₹5,000"
Ebee Metal Collapsible Shoe Stand,519.0,,51.0,,480.0,,999.0,furn,51.95,<=₹500
"Blendia LED LCD PLASMA TV Wall Mount 10"" to 26"" Movable...",500.0,,50.0,,499.0,,999.0,furn,50.05,<=₹500
Ebee Metal Kitchen Cabinet,800.0,,61.0,,499.0,,1299.0,furn,61.59,<=₹500
@home by Nilkamal Engineered Wood Shoe Rack,3510.0,,46.0,,3990.0,,7500.0,furn,46.8,"₹1,001–₹5,000"
FurnCentral Metal Kitchen Cabinet,409.0,,40.0,,590.0,,999.0,furn,40.94,"₹501–₹1,000"
Flipkart Perfect Homes Rhea 4 inch Queen PU Foam Mattre...,6313.0,,54.0,,5186.0,,11499.0,furn,54.9,"₹5,001–₹10,000"
"CAPITAL Ultra Slim tv LCD LED TVs Wall Mount Stand 21"" ...",500.0,,62.0,,299.0,,799.0,furn,62.58,<=₹500
Snazzy Lightweight Laptop Wood Portable Laptop Table,300.0,,18.0,,1299.0,,1599.0,furn,18.76,"₹1,001–₹5,000"
FurnCentral Metal Kitchen Cabinet,1150.0,,38.0,,1849.0,,2999.0,furn,38.35,"₹1,001–₹5,000"
Flipkart Perfect Homes Rhea 4 inch Single PU Foam Mattr...,3365.0,,50.0,,3334.0,,6699.0,furn,50.23,"₹1,001–₹5,000"
Crystal Furnitech Avia Engineered Wood Coffee Table,670.0,,15.0,,3590.0,,4260.0,furn,15.73,"₹1,001–₹5,000"
NapCloud SmartNap 4 inch King High Resilience (HR) Foam...,3250.0,,25.0,,9749.0,,12999.0,furn,25.0,"₹5,001–₹10,000"
SleepX Dual Medium Soft & Hard 6 inch Queen Bonded Foam...,271.0,,2.0,,13090.0,,13361.0,furn,2.03,"₹10,001–₹25,000"
FurnCentral Engineered Wood Portable Laptop Table,549.0,,30.0,,1249.0,,1798.0,furn,30.53,"₹1,001–₹5,000"
"Gymfy Plastic, Metal Collapsible Shoe Stand",3000.0,,75.0,,999.0,,3999.0,furn,75.02,"₹501–₹1,000"
Flipkart Perfect Homes Carol Engineered Wood Queen Bed,4509.0,,32.0,,9490.0,,13999.0,furn,32.21,"₹5,001–₹10,000"
NapCloud ZipNap 6 inch Double Memory Foam Mattress,3750.0,,25.0,,11249.0,,14999.0,furn,25.0,"₹10,001–₹25,000"
Jillong 17011 Portable Pool,800.0,,53.0,,699.0,,1499.0,furn,53.37,"₹501–₹1,000"
Flipkart Perfect Homes Cole Medium Shoe Rack,1609.0,,26.0,,4390.0,,5999.0,furn,26.82,"₹1,001–₹5,000"
NapCloud ZipNap 6 inch Single Memory Foam Mattress,3500.0,,25.0,,10499.0,,13999.0,furn,25.0,"₹10,001–₹25,000"
Flipkart Perfect Homes Julian Engineered Wood 3 Door Wa...,5009.0,,31.0,,10990.0,,15999.0,furn,31.31,"₹10,001–₹25,000"
Flipkart SmartBuy PVC 3 Seater Inflatable Sofa,1260.0,,30.0,,2899.0,,4159.0,furn,30.3,"₹1,001–₹5,000"
Flipkart Perfect Homes Julian Engineered Wood 2 Door Wa...,3509.0,,30.0,,7990.0,,11499.0,furn,30.52,"₹5,001–₹10,000"
NapCloud ZipNap Plus 8 inch Queen Memory Foam Mattress,4875.0,,25.0,,14624.0,,19499.0,furn,25.0,"₹10,001–₹25,000"
FurnCentral Metal Open Book Shelf,1300.0,,40.0,,1899.0,,3199.0,furn,40.64,"₹1,001–₹5,000"
Continental 6+2 Shelves 3 Door 88130 PP Collapsible War...,950.0,,38.0,,1549.0,,2499.0,furn,38.02,"₹1,001–₹5,000"
"CAPITAL Ultra Slim LCD LED TVs Wall Mount Stand 21"" to ...",100.0,,25.0,,299.0,,399.0,furn,25.06,<=₹500
NapCloud ZipNap 6 inch King Memory Foam Mattress,5000.0,,25.0,,14999.0,,19999.0,furn,25.0,"₹10,001–₹25,000"
Spacewood Original Engineered Wood Dressing Table,6503.0,,39.0,,9790.0,,16293.0,furn,39.91,"₹5,001–₹10,000"
FurnCentral Canvas Swing,400.0,,28.0,,999.0,,1399.0,furn,28.59,"₹501–₹1,000"
urban choice 88130 Cotton Collapsible Wardrobe,2300.0,,57.0,,1699.0,,3999.0,furn,57.51,"₹1,001–₹5,000"
Luximal Cotton Home Swing for Baby Julla Cotton Swing,530.0,,53.0,,469.0,,999.0,furn,53.05,<=₹500
NapCloud ZipNap Plus 8 inch King Memory Foam Mattress,5500.0,,25.0,,16499.0,,21999.0,furn,25.0,"₹10,001–₹25,000"
NAKODA Plastic Free Standing Chest of Drawers,933.0,,40.0,,1390.0,,2323.0,furn,40.16,"₹1,001–₹5,000"
Sasimo 1-Door 4-Shelf Fabric Metal Collapsible Shoe Sta...,3400.0,,85.0,,599.0,,3999.0,furn,85.02,"₹501–₹1,000"
CAPITAL 21 - 43 Fixed TV Mount Fixed TV Mount,770.0,,77.0,,229.0,,999.0,furn,77.08,<=₹500
Nilkamal Plastic Shoe Rack,180.0,,7.0,,2290.0,,2470.0,furn,7.29,"₹1,001–₹5,000"
Continental 6+2 Shelves 3 door 88130 PP Collapsible War...,950.0,,38.0,,1549.0,,2499.0,furn,38.02,"₹1,001–₹5,000"
RoyalOak Opel Engineered Wood Bedside Table,1301.0,,28.0,,3299.0,,4600.0,furn,28.28,"₹1,001–₹5,000"
Smart Shelter Wood Portable Laptop Table,451.0,,27.0,,1199.0,,1650.0,furn,27.33,"₹1,001–₹5,000"
NAKODA Plastic Free Standing Chest of Drawers,970.0,,42.0,,1319.0,,2289.0,furn,42.38,"₹1,001–₹5,000"
Snazzy Prremium Quality Multi-Purpose Wood Portable Lap...,600.0,,27.0,,1599.0,,2199.0,furn,27.29,"₹1,001–₹5,000"
Sasimo 1-Door 6-Shelf Fabric Metal Collapsible Shoe Sta...,1600.0,,61.0,,999.0,,2599.0,furn,61.56,"₹501–₹1,000"
Joyful Plastic Free Standing Chest of Drawers,841.0,,38.0,,1349.0,,2190.0,furn,38.4,"₹1,001–₹5,000"
RoyalOak Disney Engineered Wood Study Table,895.0,,16.0,,4490.0,,5385.0,furn,16.62,"₹1,001–₹5,000"
Crystal Furnitech Sigma Engineered Wood Coffee Table,1029.0,,21.0,,3690.0,,4719.0,furn,21.81,"₹1,001–₹5,000"
DIAL FOR STYLE DREAM Airsofa PVC 3 Seater Inflatable So...,4200.0,,60.0,,2799.0,,6999.0,furn,60.01,"₹1,001–₹5,000"
Spacewood Winner Engineered Wood Study Table,1596.0,,17.0,,7790.0,,9386.0,furn,17.0,"₹5,001–₹10,000"
Ebee Plastic Kitchen Trolley,350.0,,31.0,,749.0,,1099.0,furn,31.85,"₹501–₹1,000"
Nilkamal Zenith Engineered Wood Computer Desk,110.0,,1.0,,5990.0,,6100.0,furn,1.8,"₹5,001–₹10,000"
Gymfy Multipurpose Home Utility Collapsible Stand2 Meta...,1000.0,,62.0,,599.0,,1599.0,furn,62.54,"₹501–₹1,000"
GTC 6+2 Layer Fold able Wardrobe 88130M Carbon Steel Co...,951.0,,38.0,,1549.0,,2500.0,furn,38.04,"₹1,001–₹5,000"
Regalo Stool,910.0,,60.0,,589.0,,1499.0,furn,60.71,"₹501–₹1,000"
Flipkart Perfect Homes Cluedo Glass Coffee Table,2209.0,,33.0,,4290.0,,6499.0,furn,33.99,"₹1,001–₹5,000"
Peps Springkoil Normal Top Blue 10 inch Double Bonnell ...,373.0,,2.0,,13690.0,,14063.0,furn,2.65,"₹10,001–₹25,000"
Continental Storage Box Portable & Foldable Laundry Box...,524.0,,52.0,,475.0,,999.0,furn,52.45,<=₹500
Flipkart Perfect Homes Dalton Study Table,1409.0,,17.0,,6590.0,,7999.0,furn,17.61,"₹5,001–₹10,000"
Spacewood Engineered Wood Coffee Table,30.0,,1.0,,2490.0,,2520.0,furn,1.19,"₹1,001–₹5,000"
Muebles Casa Croma Leatherette 3 Seater  Sofa,51010.0,,72.0,,18990.0,,70000.0,furn,72.87,"₹10,001–₹25,000"
Nilkamal FMDR1C Plastic Free Standing Cabinet,90.0,,1.0,,5790.0,,5880.0,furn,1.53,"₹5,001–₹10,000"
Cello Plastic Shoe Rack,65.0,,2.0,,2690.0,,2755.0,furn,2.36,"₹1,001–₹5,000"
Mantavya KIds & Adults Cotton Swing,600.0,,60.0,,399.0,,999.0,furn,60.06,<=₹500
Cello Proline Plastic Outdoor Table,196.0,,7.0,,2390.0,,2586.0,furn,7.58,"₹1,001–₹5,000"
ReTrack Heavy Duty Single Arm LCD Monitor Stand 19 To 4...,700.0,,46.0,,799.0,,1499.0,furn,46.7,"₹501–₹1,000"
Joyful Plastic Free Standing Chest of Drawers,1090.0,,41.0,,1535.0,,2625.0,furn,41.52,"₹1,001–₹5,000"
Valtos Engineered Wood Bedside Table,2210.0,,44.0,,2790.0,,5000.0,furn,44.2,"₹1,001–₹5,000"
FurnCentral Fabric Shoe Stand,1026.0,,51.0,,973.0,,1999.0,furn,51.33,"₹501–₹1,000"
Flipkart Perfect Homes Atiu Metal 4 Seater Dining Set,1809.0,,10.0,,15190.0,,16999.0,furn,10.64,"₹10,001–₹25,000"
MX Ultra Slim Lcd Led Tv Plasma Wall Mount Stand 32 To ...,133.0,,14.0,,799.0,,932.0,furn,14.27,"₹501–₹1,000"
Karmax Wood Portable Laptop Table,800.0,,32.0,,1699.0,,2499.0,furn,32.01,"₹1,001–₹5,000"
FurnCentral Wood Portable Laptop Table,449.0,,24.0,,1349.0,,1798.0,furn,24.97,"₹1,001–₹5,000"
RoyalOak MICKIES Engineered Wood Study Table,1570.0,,31.0,,3430.0,,5000.0,furn,31.4,"₹1,001–₹5,000"
Sasimo 1-Door 6-Shelf Fabric Metal Collapsible Shoe Sta...,3900.0,,79.0,,999.0,,4899.0,furn,79.61,"₹501–₹1,000"
Gymfy COLLAPSIBLE SHOE STAND Plastic Collapsible Shoe S...,1008.0,,63.0,,591.0,,1599.0,furn,63.04,"₹501–₹1,000"
Snazzy (Extra Large) Wood Portable Laptop Table,50.0,,3.0,,1549.0,,1599.0,furn,3.13,"₹1,001–₹5,000"
RoyalOak Engineered Wood Shoe Rack,4400.0,,48.0,,4590.0,,8990.0,furn,48.94,"₹1,001–₹5,000"
Ebee Plastic Kitchen Trolley,1450.0,,65.0,,749.0,,2199.0,furn,65.94,"₹501–₹1,000"
@home by Nilkamal Engineered Wood Shoe Rack,3610.0,,48.0,,3890.0,,7500.0,furn,48.13,"₹1,001–₹5,000"
HomeTown Albert Engineered Wood Free Standing Cabinet,11100.0,,61.0,,6890.0,,17990.0,furn,61.7,"₹5,001–₹10,000"
Spacewood Engineered Wood King Box Bed,15421.0,,43.0,,20390.0,,35811.0,furn,43.06,"₹10,001–₹25,000"
Flipkart Perfect Homes Waltz Engineered Wood Queen Box ...,6009.0,,30.0,,13990.0,,19999.0,furn,30.05,"₹10,001–₹25,000"
FurnCentral Fabric Shoe Stand,1100.0,,55.0,,899.0,,1999.0,furn,55.03,"₹501–₹1,000"
FurnCentral Metal Display Unit,600.0,,46.0,,699.0,,1299.0,furn,46.19,"₹501–₹1,000"
Snazzy (Extra Large) Metal Portable Laptop Table,650.0,,29.0,,1549.0,,2199.0,furn,29.56,"₹1,001–₹5,000"
Shopper52 Standard Double Dustproof & Dampproof Shoe Ra...,801.0,,40.0,,1199.0,,2000.0,furn,40.05,"₹1,001–₹5,000"
SleepX Dual Medium Soft & Hard 5 inch Queen Bonded Foam...,644.0,,5.0,,10190.0,,10834.0,furn,5.94,"₹10,001–₹25,000"
Ebee Metal Collapsible Shoe Stand,1100.0,,61.0,,699.0,,1799.0,furn,61.15,"₹501–₹1,000"
Eduway 1.5X2 Display Board Notice Board,1610.0,,80.0,,389.0,,1999.0,furn,80.54,<=₹500
Flipkart Perfect Homes Sheesham Wood Solid Wood Coffee ...,6303.0,,44.0,,7890.0,,14193.0,furn,44.41,"₹5,001–₹10,000"
CMerchants 5 SHELF STAND MAROON Metal Collapsible Shoe ...,619.0,,51.0,,580.0,,1199.0,furn,51.63,"₹501–₹1,000"
Flipkart Perfect Homes Engineered Wood Close Book Shelf,1609.0,,24.0,,4890.0,,6499.0,furn,24.76,"₹1,001–₹5,000"
Flipkart SmartBuy PP Collapsible Wardrobe,1200.0,,42.0,,1599.0,,2799.0,furn,42.87,"₹1,001–₹5,000"
GTC 6+2 Layer Fold able Wardrobe 88130C Carbon Steel Co...,951.0,,38.0,,1549.0,,2500.0,furn,38.04,"₹1,001–₹5,000"
Ebee Engineered Wood Computer Desk,3100.0,,62.0,,1899.0,,4999.0,furn,62.01,"₹1,001–₹5,000"
"Shopper52 Plastic, Metal Collapsible Shoe Stand",1401.0,,70.0,,599.0,,2000.0,furn,70.05,"₹501–₹1,000"
"MX Ultra Slim LCD LED TVs Wall Mount Stand 26"" to 55"" i...",431.0,,61.0,,269.0,,700.0,furn,61.57,<=₹500
Flipkart Perfect Homes Studio XXL Classic Bean Bag  Wit...,1350.0,,45.0,,1649.0,,2999.0,furn,45.02,"₹1,001–₹5,000"
Flipkart Perfect Homes Studio Metal Kitchen Cabinet,390.0,,35.0,,699.0,,1089.0,furn,35.81,"₹501–₹1,000"
Curio Centre Cotton Swing,1100.0,,45.0,,1299.0,,2399.0,furn,45.85,"₹1,001–₹5,000"
Flipzon Baby 6 Shelve Unbreakable Material PVC Collapsi...,1904.0,,63.0,,1095.0,,2999.0,furn,63.49,"₹1,001–₹5,000"
Furn Central Engineered Wood Shoe Rack,1692.0,,19.0,,6790.0,,8482.0,furn,19.95,"₹5,001–₹10,000"
Nayasa Stool,187.0,,18.0,,812.0,,999.0,furn,18.72,"₹501–₹1,000"
Royaldeals 88130 Polyester Collapsible Wardrobe,739.0,,36.0,,1299.0,,2038.0,furn,36.26,"₹1,001–₹5,000"
Mil-Nil MILNIL36124I Luggage Rack,60.0,,1.0,,5250.0,,5310.0,furn,1.13,"₹5,001–₹10,000"
Tarkan Foldable Wooden Laptop Desk for Bed Wood Portabl...,700.0,,46.0,,799.0,,1499.0,furn,46.7,"₹501–₹1,000"
Flipkart Perfect Homes Studio Single Door Metal Collaps...,1700.0,,56.0,,1299.0,,2999.0,furn,56.69,"₹1,001–₹5,000"
Home Full Oscar 3 door Engineered Wood Shoe Rack,2909.0,,33.0,,5690.0,,8599.0,furn,33.83,"₹5,001–₹10,000"
Sasimo 1-Door 4-Shelf Fabric Metal Collapsible Shoe Sta...,4400.0,,88.0,,599.0,,4999.0,furn,88.02,"₹501–₹1,000"
SAVYA HOME Wood Portable Laptop Table,1410.0,,56.0,,1090.0,,2500.0,furn,56.4,"₹1,001–₹5,000"
Flipkart SmartBuy Plastic Kitchen Cabinet,909.0,,30.0,,2090.0,,2999.0,furn,30.31,"₹1,001–₹5,000"
SleepX BRILL 5 inch Double PU Foam Mattress,443.0,,6.0,,6890.0,,7333.0,furn,6.04,"₹5,001–₹10,000"
Home Full Alan Engineered Wood Open Book Shelf,2509.0,,38.0,,3990.0,,6499.0,furn,38.61,"₹1,001–₹5,000"
Snazzy Wood Portable Laptop Table,750.0,,37.0,,1249.0,,1999.0,furn,37.52,"₹1,001–₹5,000"
Ebee Metal Collapsible Shoe Stand,1700.0,,68.0,,799.0,,2499.0,furn,68.03,"₹501–₹1,000"
Ebee Metal Shoe Stand,274.0,,39.0,,425.0,,699.0,furn,39.2,<=₹500
Flipkart SmartBuy FK2377 Full Motion TV Mount,2300.0,,60.0,,1499.0,,3799.0,furn,60.54,"₹1,001–₹5,000"
Cello Oscar Center Table (Beige)  Plastic Coffee Table,125.0,,9.0,,1150.0,,1275.0,furn,9.8,"₹1,001–₹5,000"
Ebee Plastic Shoe Stand,750.0,,75.0,,249.0,,999.0,furn,75.08,<=₹500
Porchex Metal Collapsible Shoe Stand,4200.0,,84.0,,799.0,,4999.0,furn,84.02,"₹501–₹1,000"
"ROQ LED LCD PLASMA TV Wall Mount 10"" to 26"" Movable wit...",800.0,,80.0,,199.0,,999.0,furn,80.08,<=₹500
FurnCentral 2 Door PP (Polypropylene) Collapsible Wardr...,2262.0,,56.0,,1738.0,,4000.0,furn,56.55,"₹1,001–₹5,000"
HomeBliss 14 to 32 Inch Fixed Wall Mount TV Stand Fixed...,268.0,,67.0,,131.0,,399.0,furn,67.17,<=₹500
Flipkart Perfect Homes Engineered Wood TV Entertainment...,510.0,,3.0,,13490.0,,14000.0,furn,3.64,"₹10,001–₹25,000"
Gymfy COLLAPSIBLE SHOE STAND Plastic Collapsible Shoe S...,5000.0,,83.0,,999.0,,5999.0,furn,83.35,"₹501–₹1,000"
Totsy Child Craft 6 Shelves Wardrobe Cotton Collapsible...,900.0,,40.0,,1299.0,,2199.0,furn,40.93,"₹1,001–₹5,000"
Health Track Walker,900.0,,47.0,,999.0,,1899.0,furn,47.39,"₹501–₹1,000"
Furn Central Engineered Wood Study Table,1209.0,,15.0,,6790.0,,7999.0,furn,15.11,"₹5,001–₹10,000"
"Skora High Quality , Imported , Round Shape Purple-Blac...",1111.0,,50.0,,1099.0,,2210.0,furn,50.27,"₹1,001–₹5,000"
Flipkart SmartBuy 6 + 2 Shelves 3 door 88130 Maroon Car...,874.0,,34.0,,1625.0,,2499.0,furn,34.97,"₹1,001–₹5,000"
Crystal Furnitech Botwin Engineered Wood Study Table,2687.0,,27.0,,7090.0,,9777.0,furn,27.48,"₹5,001–₹10,000"
"DazzelOn TV Wall Mount Bracket for Most 26-55 Inch LED,...",1600.0,,44.0,,1990.0,,3590.0,furn,44.57,"₹1,001–₹5,000"
SleepX Dual Medium Soft & Hard 5 inch Single Bonded Foa...,510.0,,7.0,,5990.0,,6500.0,furn,7.85,"₹5,001–₹10,000"
Furn Central Engineered Wood Study Table,1309.0,,14.0,,7690.0,,8999.0,furn,14.55,"₹5,001–₹10,000"
TidyHomz Wood Portable Laptop Table,701.0,,36.0,,1199.0,,1900.0,furn,36.89,"₹1,001–₹5,000"
Flipkart Perfect Homes Stemar Engineered Wood Shoe Rack,5709.0,,42.0,,7790.0,,13499.0,furn,42.29,"₹5,001–₹10,000"
Flipkart Perfect Homes Cole Small Shoe Rack,909.0,,17.0,,4190.0,,5099.0,furn,17.83,"₹1,001–₹5,000"
KITCHEN INDIA Foldable 4 layer Shoe Rack Plastic Collap...,320.0,,54.0,,270.0,,590.0,furn,54.24,<=₹500
Trendegic Stylish Portable Seating Pinakin Stool (Red) ...,573.0,,43.0,,749.0,,1322.0,furn,43.34,"₹501–₹1,000"
"DazzelOn DZ 14 - 42 "" Fixed TV Mount",391.0,,56.0,,299.0,,690.0,furn,56.67,<=₹500
"MX Heavy Duty Dual Arm LCD Monitor Stand 19 to 42"" 180 ...",752.0,,38.0,,1215.0,,1967.0,furn,38.23,"₹1,001–₹5,000"
FurnCentral Fabric Shoe Stand,1800.0,,54.0,,1499.0,,3299.0,furn,54.56,"₹1,001–₹5,000"
TimberTaste Sheesham Wood Solid Wood Side Table,1985.0,,25.0,,5690.0,,7675.0,furn,25.86,"₹5,001–₹10,000"
Nilkamal Freedom Mini Small (FMS) Plastic Free Standing...,440.0,,18.0,,1990.0,,2430.0,furn,18.11,"₹1,001–₹5,000"
Flipkart SmartBuy FK2411S Full Motion TV Mount,1650.0,,75.0,,549.0,,2199.0,furn,75.03,"₹501–₹1,000"
India Furnish XXXL Tear Drop  (Without Beans),1200.0,,60.0,,799.0,,1999.0,furn,60.03,"₹501–₹1,000"
Flipkart Perfect Homes Julian 3 Door Wardrobe,3809.0,,27.0,,9990.0,,13799.0,furn,27.6,"₹5,001–₹10,000"
Aristo Plastic Free Standing Cabinet,460.0,,28.0,,1180.0,,1640.0,furn,28.05,"₹1,001–₹5,000"
LIMETRO STEEL Metal Shoe Stand,501.0,,33.0,,998.0,,1499.0,furn,33.42,"₹501–₹1,000"
Tidyhomz Wood Portable Laptop Table,601.0,,30.0,,1399.0,,2000.0,furn,30.05,"₹1,001–₹5,000"
Flipkart Perfect Homes Sirena TV Entertainment Unit,3009.0,,31.0,,6490.0,,9499.0,furn,31.68,"₹5,001–₹10,000"
HomeTown Engineered Wood Shoe Rack,8310.0,,55.0,,6590.0,,14900.0,furn,55.77,"₹5,001–₹10,000"
Flipkart Perfect Homes Webster TV Entertainment Unit,6109.0,,31.0,,13490.0,,19599.0,furn,31.17,"₹10,001–₹25,000"
RoyalOak Engineered Wood Shoe Rack,3710.0,,46.0,,4190.0,,7900.0,furn,46.96,"₹1,001–₹5,000"
Flipkart Perfect Homes Medley Engineered Wood Queen Hyd...,8359.0,,34.0,,16190.0,,24549.0,furn,34.05,"₹10,001–₹25,000"
Joyful Plastic Free Standing Chest of Drawers,806.0,,37.0,,1349.0,,2155.0,furn,37.4,"₹1,001–₹5,000"
Joyful Plastic Free Standing Chest of Drawers,1160.0,,37.0,,1950.0,,3110.0,furn,37.3,"₹1,001–₹5,000"
Captiver Mars Bed Wood Portable Laptop Table,850.0,,40.0,,1249.0,,2099.0,furn,40.5,"₹1,001–₹5,000"
Flipkart Perfect Homes PureWood Sheesham Book Shelf,9387.0,,41.0,,13490.0,,22877.0,furn,41.03,"₹10,001–₹25,000"
Flipkart Perfect Homes Luzon Metal 6 Seater Dining Set,2009.0,,10.0,,17990.0,,19999.0,furn,10.05,"₹10,001–₹25,000"
CMerchants CABINET 5LAYER Metal Collapsible Shoe Stand,1419.0,,70.0,,580.0,,1999.0,furn,70.99,"₹501–₹1,000"
Flipkart Perfect Homes PureWood Sheesham Coffee Table,8424.0,,51.0,,7890.0,,16314.0,furn,51.64,"₹5,001–₹10,000"
LIMETRO STEEL High Quality Stainless Stainless 4 Self S...,1001.0,,40.0,,1498.0,,2499.0,furn,40.06,"₹1,001–₹5,000"
FurnCentral Wood Portable Laptop Table,549.0,,30.0,,1249.0,,1798.0,furn,30.53,"₹1,001–₹5,000"
Snazzy (Extra Large) Wood Portable Laptop Table,500.0,,25.0,,1499.0,,1999.0,furn,25.01,"₹1,001–₹5,000"
Flipkart Perfect Homes Carol Engineered Wood King Bed,5109.0,,30.0,,11890.0,,16999.0,furn,30.05,"₹10,001–₹25,000"
"Gymfy Plastic, Metal Collapsible Shoe Stand",2750.0,,68.0,,1249.0,,3999.0,furn,68.77,"₹1,001–₹5,000"
Flipkart Perfect Homes Iris Therapedic 6 inch Queen Bon...,9209.0,,48.0,,9790.0,,18999.0,furn,48.47,"₹5,001–₹10,000"
Flipkart Perfect Homes PureWood Sheesham Coffee Table,6069.0,,43.0,,7790.0,,13859.0,furn,43.79,"₹5,001–₹10,000"
Flipkart SmartBuy Metal Collapsible Shoe Stand,100.0,,12.0,,699.0,,799.0,furn,12.52,"₹501–₹1,000"
LIMETRO STEEL Metal Shoe Stand,1000.0,,40.0,,1499.0,,2499.0,furn,40.02,"₹1,001–₹5,000"
MemeHO Normal Wood Wood Portable Laptop Table,500.0,,33.0,,999.0,,1499.0,furn,33.36,"₹501–₹1,000"
Flipkart Perfect Homes Studio Wood Portable Laptop Tabl...,700.0,,46.0,,799.0,,1499.0,furn,46.7,"₹501–₹1,000"
Furniture Mind Victory Solid Wood Shoe Rack,8460.0,,48.0,,9090.0,,17550.0,furn,48.21,"₹5,001–₹10,000"
"PetNest Mini Budgie , Breeding Box and Nest with Perch ...",175.0,,50.0,,175.0,,350.0,furn,50.0,<=₹500
Flipkart Perfect Homes Studio 2 Door 6 Shelf PP Collaps...,2150.0,,58.0,,1549.0,,3699.0,furn,58.12,"₹1,001–₹5,000"
Snazzy Portable Standing Wood Portable Laptop Table,350.0,,21.0,,1249.0,,1599.0,furn,21.89,"₹1,001–₹5,000"
Maison & Cuisine 88130 Grey PP Collapsible Wardrobe,1250.0,,44.0,,1549.0,,2799.0,furn,44.66,"₹1,001–₹5,000"
HomeTown Riveria Engineered Wood Shoe Rack,3310.0,,41.0,,4690.0,,8000.0,furn,41.38,"₹1,001–₹5,000"
Crystal Furnitech Orion Engineered Wood Office Table,1340.0,,12.0,,8990.0,,10330.0,furn,12.97,"₹5,001–₹10,000"
7CR Multi+KH-10 (WB) Engineered Wood Display Unit,2303.0,,76.0,,696.0,,2999.0,furn,76.79,"₹501–₹1,000"
FurnCentral Engineered Wood Portable Laptop Table,899.0,,50.0,,899.0,,1798.0,furn,50.0,"₹501–₹1,000"
TidyHomz Wood Portable Laptop Table,601.0,,31.0,,1299.0,,1900.0,furn,31.63,"₹1,001–₹5,000"
FurnCentral Fabric Shoe Stand,1500.0,,45.0,,1799.0,,3299.0,furn,45.47,"₹1,001–₹5,000"
Tarkan Stud Foldable Wooden Mini Desk Wood Portable Lap...,700.0,,46.0,,799.0,,1499.0,furn,46.7,"₹501–₹1,000"
FurnCentral Metal Kitchen Cabinet,900.0,,40.0,,1299.0,,2199.0,furn,40.93,"₹1,001–₹5,000"
Flipkart Perfect Homes Julian Engineered Wood 3 Door Wa...,3800.0,,27.0,,9990.0,,13790.0,furn,27.56,"₹5,001–₹10,000"
VDNSI Stainless Steel 4 Layer Onion Potato Stand for Ki...,651.0,,27.0,,1749.0,,2400.0,furn,27.12,"₹1,001–₹5,000"
Home Full Engineered Wood TV Entertainment Unit,6010.0,,46.0,,6990.0,,13000.0,furn,46.23,"₹5,001–₹10,000"
Kkriya Maarketing Adult Cotton Swing,2201.0,,44.0,,2799.0,,5000.0,furn,44.02,"₹1,001–₹5,000"
Royaldeals Wardrobe 88130 3 Door PP (Polypropylene) Col...,651.0,,32.0,,1349.0,,2000.0,furn,32.55,"₹1,001–₹5,000"
Flipkart Perfect Homes Julian Engineered Wood 4 Door Wa...,7009.0,,33.0,,13990.0,,20999.0,furn,33.38,"₹10,001–₹25,000"
Home Full Engineered Wood TV Entertainment Unit,3810.0,,47.0,,4190.0,,8000.0,furn,47.62,"₹1,001–₹5,000"
VSK XXXL Tear Drop  (Without Beans),1100.0,,55.0,,899.0,,1999.0,furn,55.03,"₹501–₹1,000"
Sasimo 1-Door 9-Shelf Fabric Metal Collapsible Shoe Sta...,4800.0,,80.0,,1199.0,,5999.0,furn,80.01,"₹1,001–₹5,000"
MemeHO Blue Wood Portable Laptop Table,500.0,,33.0,,999.0,,1499.0,furn,33.36,"₹501–₹1,000"
Nilkamal Aspen Solid Wood Coffee Table,10.0,,0.0,,3690.0,,3700.0,furn,0.27,"₹1,001–₹5,000"
CbeeSo CB360BR Carbon Steel Collapsible Wardrobe,1301.0,,34.0,,2499.0,,3800.0,furn,34.24,"₹1,001–₹5,000"
RoyalOak Kingston Engineered Wood Queen Hydraulic Bed,22310.0,,55.0,,17690.0,,40000.0,furn,55.78,"₹10,001–₹25,000"
Blendia HIGH QUALITY 6 WAY 32 TO 44 TV WALL MOUNT FOE L...,1000.0,,33.0,,1999.0,,2999.0,furn,33.34,"₹1,001–₹5,000"
LIMETRO STEEL Stainless Steel High Quality 4 Self With ...,911.0,,36.0,,1588.0,,2499.0,furn,36.45,"₹1,001–₹5,000"
hOMEBLISS HB2001 Tilt TV Mount,322.0,,71.0,,127.0,,449.0,furn,71.71,<=₹500
Deals Destination Universal Wall Mount Stand For 14 inc...,0.0,,0.0,,199.0,,199.0,furn,0.0,<=₹500
Flipkart Perfect Homes Zouk TV Entertainment Unit,1509.0,,26.0,,4290.0,,5799.0,furn,26.02,"₹1,001–₹5,000"
Flipkart SmartBuy PP Collapsible Wardrobe,1000.0,,38.0,,1599.0,,2599.0,furn,38.48,"₹1,001–₹5,000"
Flipkart Perfect Homes Paradiso Engineered Wood TV Ente...,8209.0,,39.0,,12790.0,,20999.0,furn,39.09,"₹10,001–₹25,000"
Princeware Maria Trolley Plastic Kitchen Trolley,30.0,,6.0,,407.0,,437.0,furn,6.86,<=₹500
Royaldeals active PP (Polypropylene) Collapsible Wardro...,673.0,,33.0,,1349.0,,2022.0,furn,33.28,"₹1,001–₹5,000"
Flipkart Perfect Homes Studio 2 Door 6 Shelf PP Collaps...,2100.0,,56.0,,1599.0,,3699.0,furn,56.77,"₹1,001–₹5,000"
DNS Metal Shoe Rack,101.0,,1.0,,9399.0,,9500.0,furn,1.06,"₹5,001–₹10,000"
Sasimo 1-Door 9-Shelf Fabric Metal Collapsible Shoe Sta...,4750.0,,79.0,,1249.0,,5999.0,furn,79.18,"₹1,001–₹5,000"
Spacewood Engineered Wood Queen Hydraulic Bed,12098.0,,35.0,,21890.0,,33988.0,furn,35.59,"₹10,001–₹25,000"
Joyo Square PP (Polypropylene) Kitchen Trolley,224.0,,19.0,,905.0,,1129.0,furn,19.84,"₹501–₹1,000"
Mezire PP Collapsible Wardrobe,300.0,,15.0,,1699.0,,1999.0,furn,15.01,"₹1,001–₹5,000"
Flipkart Perfect Homes Luzon Metal 4 Seater Dining Set,1209.0,,7.0,,14290.0,,15499.0,furn,7.8,"₹10,001–₹25,000"
Flipkart Perfect Homes Kalypso Engineered Wood TV Enter...,9209.0,,43.0,,11790.0,,20999.0,furn,43.85,"₹10,001–₹25,000"
NAKODA Plastic Free Standing Chest of Drawers,715.0,,36.0,,1249.0,,1964.0,furn,36.41,"₹1,001–₹5,000"
Cello Orchid Plastic Coffee Table,66.0,,6.0,,879.0,,945.0,furn,6.98,"₹501–₹1,000"
Slim Shine Solid Wood Study Table,600.0,,42.0,,799.0,,1399.0,furn,42.89,"₹501–₹1,000"
BSBDA Cotton Swing Jhula For Kids Cotton Swing,550.0,,55.0,,449.0,,999.0,furn,55.06,<=₹500
FurnCentral Metal Shoe Stand,315.0,,31.0,,684.0,,999.0,furn,31.53,"₹501–₹1,000"
FurnCentral Metal Kitchen Cabinet,1420.0,,47.0,,1579.0,,2999.0,furn,47.35,"₹1,001–₹5,000"
Woodness Engineered Wood Shoe Rack,8210.0,,66.0,,4190.0,,12400.0,furn,66.21,"₹1,001–₹5,000"
Spacewood Engineered Wood King Hydraulic Bed,20833.0,,45.0,,24890.0,,45723.0,furn,45.56,"₹10,001–₹25,000"
Nilkamal Freedom Mini Large (FML) Plastic Free Standing...,740.0,,10.0,,6390.0,,7130.0,furn,10.38,"₹5,001–₹10,000"
FurnCentral Fabric Shoe Stand,500.0,,25.0,,1499.0,,1999.0,furn,25.01,"₹1,001–₹5,000"
Raj SmartBuy 4 Tiers Metal Shoe Stand,1279.0,,75.0,,420.0,,1699.0,furn,75.28,<=₹500
Flipkart Perfect Homes Carol Queen Bed,4509.0,,32.0,,9490.0,,13999.0,furn,32.21,"₹5,001–₹10,000"
Flipzon Iron and Plastic Foldable Shoe Rack with 4 Shel...,757.0,,75.0,,242.0,,999.0,furn,75.78,<=₹500
FurnCentral Fabric Shoe Stand,2105.0,,65.0,,1094.0,,3199.0,furn,65.8,"₹1,001–₹5,000"
FurnitureKraft Caen Double Metal Sofa Bed,8409.0,,31.0,,17990.0,,26399.0,furn,31.85,"₹10,001–₹25,000"
Sliceter SLICETER Baby Boy's and Girl's Study & Play Wo...,994.0,,66.0,,505.0,,1499.0,furn,66.31,"₹501–₹1,000"
Flipkart Perfect Homes Studio 2 Door Metal Collapsible ...,1800.0,,54.0,,1499.0,,3299.0,furn,54.56,"₹1,001–₹5,000"
Valtos Engineered Wood Shoe Rack,6210.0,,51.0,,5790.0,,12000.0,furn,51.75,"₹5,001–₹10,000"
SleepX Ortho Memory Foam 5 inch King Bonded Foam Mattre...,452.0,,2.0,,19590.0,,20042.0,furn,2.26,"₹10,001–₹25,000"
Nilkamal Plastic Wall Mount Cabinet,251.0,,12.0,,1799.0,,2050.0,furn,12.24,"₹1,001–₹5,000"
ORKA XXXL Tear Drop  (Without Beans),200.0,,22.0,,699.0,,899.0,furn,22.25,"₹501–₹1,000"
Woodness Engineered Wood Shoe Rack,7210.0,,45.0,,8790.0,,16000.0,furn,45.06,"₹5,001–₹10,000"
Flipkart Perfect Homes Cadence Engineered Wood Queen Bo...,7009.0,,26.0,,18990.0,,25999.0,furn,26.96,"₹10,001–₹25,000"
Bluwings Teddy Inflatable Sofa PVC 1 Seater Inflatable ...,505.0,,35.0,,904.0,,1409.0,furn,35.84,"₹501–₹1,000"
Saffron Art and Craft Sheesham Wood Solid Wood King Bed,16008.0,,38.0,,25990.0,,41998.0,furn,38.12,"₹25,001–₹50,000"
Flipkart Perfect Homes Symphony Engineered Wood Queen B...,7159.0,,33.0,,14390.0,,21549.0,furn,33.22,"₹10,001–₹25,000"
Nayasa Stool,715.0,,35.0,,1284.0,,1999.0,furn,35.77,"₹1,001–₹5,000"
@home by Nilkamal Checkers Engineered Wood Open Book Sh...,3210.0,,40.0,,4690.0,,7900.0,furn,40.63,"₹1,001–₹5,000"
Sasimo 1-Door 4-Shelf Fabric Metal Collapsible Shoe Sta...,4350.0,,87.0,,649.0,,4999.0,furn,87.02,"₹501–₹1,000"
CMerchants 5-L-SHOE-RACK Metal Collapsible Shoe Stand,1350.0,,67.0,,649.0,,1999.0,furn,67.53,"₹501–₹1,000"
Zyma Heavy Duty Full Motion Bracket Articulating Tilt S...,800.0,,53.0,,699.0,,1499.0,furn,53.37,"₹501–₹1,000"
DDice MS 0002 Fixed TV Mount,249.0,,62.0,,150.0,,399.0,furn,62.41,<=₹500
FU4 32 TO 70 LCD/ LED/ PLASMA TV WALL MOUNT STAND 180 D...,1400.0,,35.0,,2599.0,,3999.0,furn,35.01,"₹1,001–₹5,000"
FurnitureKraft  Lucerne Metal King Hydraulic Bed,15490.0,,42.0,,20690.0,,36180.0,furn,42.81,"₹10,001–₹25,000"
Zeom c88130/HCX 88130 PP Collapsible Wardrobe,1002.0,,40.0,,1497.0,,2499.0,furn,40.1,"₹1,001–₹5,000"
Mezire PP Collapsible Wardrobe,502.0,,25.0,,1497.0,,1999.0,furn,25.11,"₹1,001–₹5,000"
Flipkart Perfect Homes Stemar Engineered Wood Shoe Rack,4409.0,,39.0,,6890.0,,11299.0,furn,39.02,"₹5,001–₹10,000"
STC Metal Bar Stool,2301.0,,48.0,,2399.0,,4700.0,furn,48.96,"₹1,001–₹5,000"
Gkamp 9 Layer Shoe Rack Metal Collapsible Shoe Stand,1831.0,,61.0,,1169.0,,3000.0,furn,61.03,"₹1,001–₹5,000"
Joyful Plastic Free Standing Chest of Drawers,835.0,,38.0,,1320.0,,2155.0,furn,38.75,"₹1,001–₹5,000"
Flipkart Perfect Homes Songo Solid Wood King Bed,10209.0,,43.0,,13090.0,,23299.0,furn,43.82,"₹10,001–₹25,000"
AKR DESIGNER FOLDABLE MULTI PURPOSE VELVET STORAGE STOO...,479.0,,53.0,,420.0,,899.0,furn,53.28,<=₹500
Tender Care Multi-Purpose Writing Table Cum Study Table...,1009.0,,50.0,,990.0,,1999.0,furn,50.48,"₹501–₹1,000"
CMerchants 3 RACKS KITCHEN CABINET Metal Kitchen Cabine...,909.0,,60.0,,590.0,,1499.0,furn,60.64,"₹501–₹1,000"
CAPITAL Universal tv Fixed TV Mount,700.0,,70.0,,299.0,,999.0,furn,70.07,<=₹500
FKU UNIVERSAL DUAL ARM LCD MONITOR STAND 14 TO 46 INCH ...,1200.0,,60.0,,799.0,,1999.0,furn,60.03,"₹501–₹1,000"
Mil-Nil MILNIL36122B Luggage Rack,75.0,,1.0,,5800.0,,5875.0,furn,1.28,"₹5,001–₹10,000"
"INDISWAN Gas Cylinder Trolley with Rollers, Stainless S...",151.0,,30.0,,348.0,,499.0,furn,30.26,<=₹500
RoyalOak Opel Engineered Wood Dressing Table,4431.0,,30.0,,9890.0,,14321.0,furn,30.94,"₹5,001–₹10,000"
Gkamp 9 Layer Shoe Rack Metal Collapsible Shoe Stand,1701.0,,56.0,,1299.0,,3000.0,furn,56.7,"₹1,001–₹5,000"
Flipkart Perfect Homes Liwa Engineered Wood Bedside Tab...,1209.0,,26.0,,3290.0,,4499.0,furn,26.87,"₹1,001–₹5,000"
NAKODA Plastic Free Standing Chest of Drawers,774.0,,39.0,,1190.0,,1964.0,furn,39.41,"₹1,001–₹5,000"
FurnCentral Metal Display Unit,500.0,,41.0,,699.0,,1199.0,furn,41.7,"₹501–₹1,000"
BLENDIA P4 6 Way Swivel Tilt Wall Mount 32-55-inch Full...,700.0,,28.0,,1799.0,,2499.0,furn,28.01,"₹1,001–₹5,000"
Ebee Metal Collapsible Shoe Stand,951.0,,63.0,,548.0,,1499.0,furn,63.44,"₹501–₹1,000"
Flipkart Perfect Homes Riobo Engineered Wood TV Enterta...,2309.0,,32.0,,4690.0,,6999.0,furn,32.99,"₹1,001–₹5,000"
LuvLap Plastic Desk Chair,996.0,,19.0,,3999.0,,4995.0,furn,19.94,"₹1,001–₹5,000"
Shopper52 6 Layer Storage Cum Shoe Rack with Cover Shoe...,2101.0,,70.0,,899.0,,3000.0,furn,70.03,"₹501–₹1,000"
AVRO furniture PLATINUM RATTAN CHAIR (Set Of 4 Chairs) ...,0.0,,0.0,,3499.0,,3499.0,furn,0.0,"₹1,001–₹5,000"
7CR OM Shine-2127 Solid Wood Home Temple,1267.0,,66.0,,632.0,,1899.0,furn,66.72,"₹501–₹1,000"
Blendia UNIVERSAL FULL MOTION LCD /LED PLASMA TV STAND ...,500.0,,25.0,,1499.0,,1999.0,furn,25.01,"₹1,001–₹5,000"
Woodness Aster Solid Wood 2 Seater,9210.0,,64.0,,5090.0,,14300.0,furn,64.41,"₹5,001–₹10,000"
Snazzy foldable laptop table for bed Wood Portable Lapt...,750.0,,37.0,,1249.0,,1999.0,furn,37.52,"₹1,001–₹5,000"
Furn Central Engineered Wood Study Table,709.0,,7.0,,8290.0,,8999.0,furn,7.88,"₹5,001–₹10,000"
Kaupa Portable Foldable Wood Portable Laptop Table,1165.0,,48.0,,1235.0,,2400.0,furn,48.54,"₹1,001–₹5,000"
Woodness Engineered Wood Shoe Rack,8810.0,,67.0,,4190.0,,13000.0,furn,67.77,"₹1,001–₹5,000"
Spacewood Engineered Wood Dressing Table,5309.0,,32.0,,10990.0,,16299.0,furn,32.57,"₹10,001–₹25,000"
DNS Metal Shoe Rack,200.0,,2.0,,6600.0,,6800.0,furn,2.94,"₹5,001–₹10,000"
Spacewood Mayflower Engineered Wood Queen Box Bed,13950.0,,44.0,,17190.0,,31140.0,furn,44.8,"₹10,001–₹25,000"
Princeware Sofia Plastic Kitchen Trolley,172.0,,17.0,,788.0,,960.0,furn,17.92,"₹501–₹1,000"
"Smart Shelter ss 32"" swivel type lcd stand Full Motion ...",651.0,,39.0,,999.0,,1650.0,furn,39.45,"₹501–₹1,000"
Furn Central PVC (Polyvinyl Chloride) 2 Seater Inflatab...,4400.0,,62.0,,2599.0,,6999.0,furn,62.87,"₹1,001–₹5,000"
Flipkart SmartBuy FK2464L Full Motion TV Mount,580.0,,34.0,,1119.0,,1699.0,furn,34.14,"₹1,001–₹5,000"
Induscraft Sheesham Wood Solid Wood Bar Trolley,2048.0,,29.0,,4790.0,,6838.0,furn,29.95,"₹1,001–₹5,000"
Woodness Lily Solid Wood Queen Bed,24710.0,,64.0,,13790.0,,38500.0,furn,64.18,"₹10,001–₹25,000"
FurnCentral PP (Polypropylene) Collapsible Wardrobe,2031.0,,50.0,,1969.0,,4000.0,furn,50.78,"₹1,001–₹5,000"
CMerchants OPEN METAL SHELF-5RACKS STAND Metal Collapsi...,500.0,,50.0,,499.0,,999.0,furn,50.05,<=₹500
Nilkamal Gem Mirror Plastic Wall Mount Cabinet,251.0,,12.0,,1799.0,,2050.0,furn,12.24,"₹1,001–₹5,000"
Home Full Engineered Wood TV Entertainment Unit,6810.0,,48.0,,7190.0,,14000.0,furn,48.64,"₹5,001–₹10,000"
Flipkart Perfect Homes PureWood Sheesham Coffee Table,11326.0,,44.0,,14390.0,,25716.0,furn,44.04,"₹10,001–₹25,000"
Cello Plastic Shoe Rack,230.0,,5.0,,4370.0,,4600.0,furn,5.0,"₹1,001–₹5,000"
"Flanker Foldable, Multipurpose Wood Portable Laptop Tab...",464.0,,27.0,,1235.0,,1699.0,furn,27.31,"₹1,001–₹5,000"
Flipkart Perfect Homes Engineered Wood Kitchen Cabinet,4109.0,,29.0,,9890.0,,13999.0,furn,29.35,"₹5,001–₹10,000"
Crystal Furnitech Engineered Wood Corner Table,932.0,,24.0,,2890.0,,3822.0,furn,24.39,"₹1,001–₹5,000"
VSK XXL Tear Drop  (Without Beans),1400.0,,66.0,,699.0,,2099.0,furn,66.7,"₹501–₹1,000"
Unique Traders 4 Layer Kitchen Space Saving Storage Rac...,200.0,,20.0,,799.0,,999.0,furn,20.02,"₹501–₹1,000"
Cello Novelty Large Plastic Cupboard,591.0,,8.0,,6790.0,,7381.0,furn,8.01,"₹5,001–₹10,000"
Flipkart SmartBuy FK2268S Tilt TV Mount,560.0,,37.0,,939.0,,1499.0,furn,37.36,"₹501–₹1,000"
@home by Nilkamal Astero Engineered Wood TV Entertainme...,2610.0,,34.0,,4890.0,,7500.0,furn,34.8,"₹1,001–₹5,000"
FurnCentral Wood Portable Laptop Table,749.0,,37.0,,1249.0,,1998.0,furn,37.49,"₹1,001–₹5,000"
Ebee Metal Shoe Stand,300.0,,30.0,,699.0,,999.0,furn,30.03,"₹501–₹1,000"
Woodness Engineered Wood Semi-Open Book Shelf,7810.0,,44.0,,9590.0,,17400.0,furn,44.89,"₹5,001–₹10,000"
Zuari by Forte Harare Engineered Wood Study Table,0.0,,0.0,,7998.0,,7998.0,furn,0.0,"₹5,001–₹10,000"
Cello Novelty Big Plastic Free Standing Chest of Drawer...,514.0,,9.0,,4890.0,,5404.0,furn,9.51,"₹1,001–₹5,000"
Joyful Plastic Free Standing Chest of Drawers,826.0,,38.0,,1329.0,,2155.0,furn,38.33,"₹1,001–₹5,000"
Springtek 3 Folding/Travel Mattress 4 inch Queen PU Foa...,2509.0,,29.0,,5990.0,,8499.0,furn,29.52,"₹5,001–₹10,000"
FurnCentral Metal Shoe Stand,390.0,,32.0,,809.0,,1199.0,furn,32.53,"₹501–₹1,000"
Continental 4+1+1 Layer Fancy PP (Polypropylene) Collap...,2269.0,,64.0,,1231.0,,3500.0,furn,64.83,"₹1,001–₹5,000"
7CR Prime Temple - 3 Step (WB) Engineered Wood Home Tem...,1599.0,,64.0,,891.0,,2490.0,furn,64.22,"₹501–₹1,000"
Klaxon Plastic Shoe Stand,499.0,,50.0,,499.0,,998.0,furn,50.0,<=₹500
Spacewood Engineered Wood King Hydraulic Bed,16995.0,,36.0,,29590.0,,46585.0,furn,36.48,"₹25,001–₹50,000"
"ROQ Ultra Slim LCD LED TV Wall Mount Stand 14"" to 42"" i...",720.0,,72.0,,279.0,,999.0,furn,72.07,<=₹500
Spacewood Apex Engineered Wood 3 Door Wardrobe,10471.0,,36.0,,18490.0,,28961.0,furn,36.16,"₹10,001–₹25,000"
SleepX Ortho Memory Foam 5 inch Single Bonded Foam Matt...,860.0,,9.0,,8390.0,,9250.0,furn,9.3,"₹5,001–₹10,000"
Flipkart Perfect Homes Opus Engineered Wood Queen Box B...,7509.0,,39.0,,11490.0,,18999.0,furn,39.52,"₹10,001–₹25,000"
Gkamp 12 Shelf Plastic Collapsible Shoe Stand,1301.0,,32.0,,2699.0,,4000.0,furn,32.52,"₹1,001–₹5,000"
Springtek Dual Comfort Orthopaedic 6 inch King PU Foam ...,4409.0,,27.0,,11790.0,,16199.0,furn,27.22,"₹10,001–₹25,000"
Ebee Metal Collapsible Shoe Stand,1600.0,,64.0,,899.0,,2499.0,furn,64.03,"₹501–₹1,000"
Flipkart SmartBuy XXL Classic Bean Bag  With Bean Filli...,1300.0,,39.0,,1999.0,,3299.0,furn,39.41,"₹1,001–₹5,000"
Nilkamal Edwina 01 Engineered Wood Queen Bed,3310.0,,20.0,,12690.0,,16000.0,furn,20.69,"₹10,001–₹25,000"
Sasimo 1-Door 6-Shelf Fabric Collapsible Carbon Steel C...,5100.0,,85.0,,899.0,,5999.0,furn,85.01,"₹501–₹1,000"
Flipkart Perfect Homes Lyre Engineered Wood Bedside Tab...,9.0,,0.0,,2990.0,,2999.0,furn,0.3,"₹1,001–₹5,000"
Joyful Plastic Free Standing Chest of Drawers,1331.0,,42.0,,1799.0,,3130.0,furn,42.52,"₹1,001–₹5,000"
FurnCentral Plastic Shoe Stand,1453.0,,58.0,,1046.0,,2499.0,furn,58.14,"₹1,001–₹5,000"
Flipkart Perfect Homes Legato Solid Wood Free Standing ...,9109.0,,40.0,,13390.0,,22499.0,furn,40.49,"₹10,001–₹25,000"
"Velzone LCD LED TVs Wall Mount Stand 14"" to 42"" inch Br...",69.0,,34.0,,130.0,,199.0,furn,34.67,<=₹500
Patelraj Metal Open Book Shelf,1100.0,,68.0,,499.0,,1599.0,furn,68.79,<=₹500
Spacewood Engineered Wood Queen Hydraulic Bed,16121.0,,39.0,,24390.0,,40511.0,furn,39.79,"₹10,001–₹25,000"
Ebee Metal Collapsible Shoe Stand,451.0,,45.0,,548.0,,999.0,furn,45.15,"₹501–₹1,000"
RoyalOak Stacy Solid Wood Coffee Table,5510.0,,55.0,,4490.0,,10000.0,furn,55.1,"₹1,001–₹5,000"
DazzelOn 26-52 Inches LED LED Plasma Universal TV Brack...,570.0,,57.0,,429.0,,999.0,furn,57.06,<=₹500
Flipkart Perfect Homes Julian Engineered Wood 2 Door Wa...,3509.0,,33.0,,6990.0,,10499.0,furn,33.42,"₹5,001–₹10,000"
Nakoda Plastic Free Standing Chest of Drawers,250.0,,20.0,,999.0,,1249.0,furn,20.02,"₹501–₹1,000"
Spacewood Engineered Wood TV Entertainment Unit,1701.0,,22.0,,5890.0,,7591.0,furn,22.41,"₹5,001–₹10,000"
Flipzon Laptop Table Wood Portable Laptop Table,651.0,,43.0,,848.0,,1499.0,furn,43.43,"₹501–₹1,000"
Mezire PP Collapsible Wardrobe,519.0,,25.0,,1480.0,,1999.0,furn,25.96,"₹1,001–₹5,000"
SLEEP SPA ORTHOPAEDIC DUAL COMFORT MATTRESS- HARD & SOF...,9476.0,,58.0,,6790.0,,16266.0,furn,58.26,"₹5,001–₹10,000"
Crystal Furnitech Elfin Engineered Wood Dressing Table,2753.0,,22.0,,9590.0,,12343.0,furn,22.3,"₹5,001–₹10,000"
"MX Heavy Duty Dual Arm LCD Monitor Stand 14 to 27"" inch...",245.0,,21.0,,899.0,,1144.0,furn,21.42,"₹501–₹1,000"
Flipkart Perfect Homes PureWood Sheesham King Box Bed,20828.0,,34.0,,39290.0,,60118.0,furn,34.65,"₹25,001–₹50,000"
COMFORT BEAN BAGS XXXL Chair  (Without Beans),1600.0,,64.0,,899.0,,2499.0,furn,64.03,"₹501–₹1,000"
Flipkart Perfect Homes Liwa Engineered Wood Queen Box B...,6809.0,,34.0,,12690.0,,19499.0,furn,34.92,"₹10,001–₹25,000"
Valtos Engineered Wood Study Table,5809.0,,44.0,,7190.0,,12999.0,furn,44.69,"₹5,001–₹10,000"
Flipkart Perfect Homes Studio 3 Door 8 Shelf PP Collaps...,2100.0,,52.0,,1899.0,,3999.0,furn,52.51,"₹1,001–₹5,000"
nakoda Plastic Free Standing Chest of Drawers,530.0,,35.0,,970.0,,1500.0,furn,35.33,"₹501–₹1,000"
Deepakraj Metal Shoe Stand,1150.0,,71.0,,449.0,,1599.0,furn,71.92,<=₹500
AARTIN Table Magic Brown Metal Portable Laptop Table,910.0,,45.0,,1080.0,,1990.0,furn,45.73,"₹1,001–₹5,000"
AVRO furniture NEXA DINING/OFFICE TABLE RATTAN Plastic ...,100.0,,5.0,,1899.0,,1999.0,furn,5.0,"₹1,001–₹5,000"
Flipkart Perfect Homes Lavo Engineered Wood TV Entertai...,4709.0,,41.0,,6590.0,,11299.0,furn,41.68,"₹5,001–₹10,000"
Benesta Metal Shoe Stand,1200.0,,66.0,,599.0,,1799.0,furn,66.7,"₹501–₹1,000"
Flipkart Perfect Homes Studio 2 Door 4 Shelf PP Collaps...,1600.0,,53.0,,1399.0,,2999.0,furn,53.35,"₹1,001–₹5,000"
FurnCentral Metal Shoe Stand,435.0,,36.0,,764.0,,1199.0,furn,36.28,"₹501–₹1,000"
Flipkart Perfect Homes Iris Therapedic 6 inch King Bonn...,9809.0,,46.0,,11190.0,,20999.0,furn,46.71,"₹10,001–₹25,000"
Grayplast Cargo 4 pull out chest of drawer Plastic Free...,1030.0,,29.0,,2469.0,,3499.0,furn,29.44,"₹1,001–₹5,000"
FurnCentral 2 Door PP (Polypropylene) Collapsible Wardr...,2401.0,,60.0,,1599.0,,4000.0,furn,60.02,"₹1,001–₹5,000"
Smart Shelter foldable floor stand Full Motion TV Mount,2500.0,,35.0,,4499.0,,6999.0,furn,35.72,"₹1,001–₹5,000"
Captiver Vega2 Bed Wood Portable Laptop Table,650.0,,35.0,,1199.0,,1849.0,furn,35.15,"₹1,001–₹5,000"
"MX Premium LCD LED TV Plasma Wall Mount Stand 32 to 55""...",419.0,,40.0,,608.0,,1027.0,furn,40.8,"₹501–₹1,000"
Ebee Metal Collapsible Shoe Stand,500.0,,50.0,,499.0,,999.0,furn,50.05,<=₹500
Spacewood Apex Engineered Wood 4 Door Wardrobe,16760.0,,44.0,,20790.0,,37550.0,furn,44.63,"₹10,001–₹25,000"
Patelraj Metal Collapsible Shoe Stand,1650.0,,75.0,,549.0,,2199.0,furn,75.03,"₹501–₹1,000"
Patelraj Metal Shoe Stand,650.0,,59.0,,449.0,,1099.0,furn,59.14,<=₹500
FurnCentral 2 Door PP (Polypropylene) Collapsible Wardr...,2401.0,,57.0,,1799.0,,4200.0,furn,57.17,"₹1,001–₹5,000"
PARASNATH 4 Tier Kitchen Storage Organiser Rack Holder ...,2300.0,,76.0,,699.0,,2999.0,furn,76.69,"₹501–₹1,000"
Woodness Engineered Wood Semi-Open Book Shelf,10010.0,,62.0,,5990.0,,16000.0,furn,62.56,"₹5,001–₹10,000"
Cello Novelty Big Plastic Free Standing Chest of Drawer...,340.0,,5.0,,5390.0,,5730.0,furn,5.93,"₹5,001–₹10,000"
Flipkart Perfect Homes PureWood Mango Coffee Table,4937.0,,33.0,,9590.0,,14527.0,furn,33.98,"₹5,001–₹10,000"
Flipkart Perfect Homes Studio Arden Engineered Wood Sho...,4309.0,,54.0,,3590.0,,7899.0,furn,54.55,"₹1,001–₹5,000"
Snazzy Light weight Wood Portable Laptop Table,450.0,,22.0,,1549.0,,1999.0,furn,22.51,"₹1,001–₹5,000"
Cello Novelty Compact Plastic Free Standing Cabinet,67.0,,2.0,,2590.0,,2657.0,furn,2.52,"₹1,001–₹5,000"
FineArts Combo of Steel Set Top Box Stand/DTH Stand/Set...,1652.0,,82.0,,347.0,,1999.0,furn,82.64,<=₹500
Peps Springkoil Normal Top Blue 6 inch Queen Bonnell Sp...,2905.0,,17.0,,13990.0,,16895.0,furn,17.19,"₹10,001–₹25,000"
Zyma Universal Wall Mount/Bracket Stand For 14 inch To ...,400.0,,57.0,,299.0,,699.0,furn,57.22,<=₹500
DNS Metal Shoe Rack,101.0,,1.0,,8399.0,,8500.0,furn,1.19,"₹5,001–₹10,000"
SleepX BRILL 5 inch Single PU Foam Mattress,293.0,,6.0,,4290.0,,4583.0,furn,6.39,"₹1,001–₹5,000"
Zuari by Forte Valletta Engineered Wood Dressing Table,9508.0,,52.0,,8490.0,,17998.0,furn,52.83,"₹5,001–₹10,000"
BROWNIE 72x36x4 4 inch Single Cotton Mattress,400.0,,40.0,,599.0,,999.0,furn,40.04,"₹501–₹1,000"
Mezire 5 in 1 PVC (Polyvinyl Chloride) 3 Seater Inflata...,2200.0,,44.0,,2799.0,,4999.0,furn,44.01,"₹1,001–₹5,000"
CMerchants BOOK SHELF-6RACK Metal Open Book Shelf,1200.0,,60.0,,799.0,,1999.0,furn,60.03,"₹501–₹1,000"
Home Full Bliss Engineered Wood TV Entertainment Unit,3109.0,,28.0,,7890.0,,10999.0,furn,28.27,"₹5,001–₹10,000"
Peps Springkoil Normal Top Blue 10 inch Queen Bonnell S...,822.0,,4.0,,17490.0,,18312.0,furn,4.49,"₹10,001–₹25,000"
Flipkart Perfect Homes Waltz Engineered Wood King Box B...,6309.0,,27.0,,16690.0,,22999.0,furn,27.43,"₹10,001–₹25,000"
Flipkart Perfect Homes Rhea 4 inch Single PU Foam Mattr...,2209.0,,38.0,,3490.0,,5699.0,furn,38.76,"₹1,001–₹5,000"
Furn Central Engineered Wood Study Table,1109.0,,11.0,,8890.0,,9999.0,furn,11.09,"₹5,001–₹10,000"
Flipkart Perfect Homes Solid Wood 4 Seater Dining Set,9209.0,,30.0,,20790.0,,29999.0,furn,30.7,"₹10,001–₹25,000"
Flipkart Perfect Homes Rex Engineered Wood TV Entertain...,3709.0,,31.0,,7990.0,,11699.0,furn,31.7,"₹5,001–₹10,000"
Flipkart Perfect Homes Tolkien Engineered Wood Open Boo...,409.0,,7.0,,4890.0,,5299.0,furn,7.72,"₹1,001–₹5,000"
Trendegic Foldable Luggage Trolly Metal Bar Trolley,573.0,,33.0,,1156.0,,1729.0,furn,33.14,"₹1,001–₹5,000"
Cello Novelty Compact Plastic Free Standing Cabinet,10.0,,0.0,,2790.0,,2800.0,furn,0.36,"₹1,001–₹5,000"
ReTrack 19Inch To 42Inch Plasma LED LCD Full Motion Ful...,1200.0,,60.0,,799.0,,1999.0,furn,60.03,"₹501–₹1,000"
Flipkart Perfect Homes Morpheus Therapedic 6 inch Queen...,8609.0,,42.0,,11690.0,,20299.0,furn,42.41,"₹10,001–₹25,000"
NHR Plastic Desk Chair,400.0,,25.0,,1199.0,,1599.0,furn,25.02,"₹1,001–₹5,000"
Patelraj Solid Wood Portable Laptop Table,750.0,,62.0,,449.0,,1199.0,furn,62.55,<=₹500
Crystal Furnitech Caelan Engineered Wood Crockery Cabin...,2442.0,,15.0,,12990.0,,15432.0,furn,15.82,"₹10,001–₹25,000"
Grayplast Small Size 3 Pull out Chest Of Drawers Plasti...,1650.0,,63.0,,949.0,,2599.0,furn,63.49,"₹501–₹1,000"
Flipkart Perfect Homes PureWood Mango TV Entertainment ...,1788.0,,26.0,,4890.0,,6678.0,furn,26.77,"₹1,001–₹5,000"
Flipkart Perfect Homes Sirena Engineered Wood TV Entert...,3509.0,,35.0,,6490.0,,9999.0,furn,35.09,"₹5,001–₹10,000"
FurnitureKraft Baia Mare Metal Queen Bed,1525.0,,14.0,,8690.0,,10215.0,furn,14.93,"₹5,001–₹10,000"
Flipkart Perfect Homes Hayman Solid Wood 4 Seater Dinin...,3009.0,,20.0,,11990.0,,14999.0,furn,20.06,"₹10,001–₹25,000"
Nightstar Plastic Picnic Table,277.0,,39.0,,418.0,,695.0,furn,39.86,<=₹500
"CMerchants 4-L MATEL COLLAPSIBLE-SHOE-STAND Metal, Plas...",764.0,,58.0,,535.0,,1299.0,furn,58.81,"₹501–₹1,000"
Gkamp 5 Layer Shoe Rack Metal Collapsible Shoe Stand,1251.0,,62.0,,749.0,,2000.0,furn,62.55,"₹501–₹1,000"
Pooja CN 303 fixed tv mount Fixed TV Mount,578.0,,72.0,,221.0,,799.0,furn,72.34,<=₹500
Nilkamal Chester 23 Plastic Free Standing Cabinet,290.0,,12.0,,1990.0,,2280.0,furn,12.72,"₹1,001–₹5,000"
Sauran TV Stand 26-55 inch Heavy TV Wall Mount for LCD/...,1125.0,,72.0,,425.0,,1550.0,furn,72.58,<=₹500
HomeTown Alex Engineered Wood Queen Box Bed,25510.0,,60.0,,16990.0,,42500.0,furn,60.02,"₹10,001–₹25,000"
"capital Ultra Slim LCD LED TVs Wall Mount Stand 14"" to ...",200.0,,40.0,,299.0,,499.0,furn,40.08,<=₹500
Springtek Dreamer Bonnell 6 inch Queen Bonnell Spring M...,5209.0,,34.0,,9790.0,,14999.0,furn,34.73,"₹5,001–₹10,000"
BROWNIE 72x48x4 4 inch Double Cotton Mattress,500.0,,41.0,,699.0,,1199.0,furn,41.7,"₹501–₹1,000"
CMerchants OPEN METAL SHELF-4RACKS STAND Metal Collapsi...,450.0,,50.0,,449.0,,899.0,furn,50.06,<=₹500
Klaxon Plastic Shoe Stand,1000.0,,50.0,,999.0,,1999.0,furn,50.03,"₹501–₹1,000"
Sauran 15 - 42 inch LED LCD Television Wall Mount Brack...,655.0,,73.0,,235.0,,890.0,furn,73.6,<=₹500
Delite Kom 20 Inches wide Three Door Powder Coated Wall...,719.0,,14.0,,4190.0,,4909.0,furn,14.65,"₹1,001–₹5,000"
Patelraj For Childrens Study Table Wood Portable Laptop...,550.0,,55.0,,449.0,,999.0,furn,55.06,<=₹500
Trendegic Folding Step Stool Medium Living & Bedroom St...,334.0,,39.0,,521.0,,855.0,furn,39.06,"₹501–₹1,000"
Karmax Solid wood Stool,1200.0,,48.0,,1299.0,,2499.0,furn,48.02,"₹1,001–₹5,000"
FurnCentral Metal Shoe Stand,150.0,,21.0,,549.0,,699.0,furn,21.46,"₹501–₹1,000"
Apex Metal Collapsible Shoe Stand,1739.0,,62.0,,1049.0,,2788.0,furn,62.37,"₹1,001–₹5,000"
MTS Hanging Home Size(102CmX51CmX51Cm) Cotton Swing,751.0,,60.0,,499.0,,1250.0,furn,60.08,<=₹500
Skull Table TABLE MATE Wood Portable Laptop Table,400.0,,20.0,,1599.0,,1999.0,furn,20.01,"₹1,001–₹5,000"
RoyalOak Opel Engineered Wood King Hydraulic Bed,27760.0,,49.0,,27790.0,,55550.0,furn,49.97,"₹25,001–₹50,000"
Anything & Everything Wood Portable Laptop Table,881.0,,44.0,,1118.0,,1999.0,furn,44.07,"₹1,001–₹5,000"
Unique Gadget Metal Collapsible Shoe Stand,901.0,,45.0,,1099.0,,2000.0,furn,45.05,"₹1,001–₹5,000"
Ebee Engineered Wood Shoe Stand,2401.0,,60.0,,1599.0,,4000.0,furn,60.02,"₹1,001–₹5,000"
FurnCentral PP (Polypropylene) Collapsible Wardrobe,2282.0,,54.0,,1918.0,,4200.0,furn,54.33,"₹1,001–₹5,000"
CMerchants BOOK SHELF-5RACK Metal Open Book Shelf,1100.0,,61.0,,699.0,,1799.0,furn,61.15,"₹501–₹1,000"
Kkriya Home Decor B1 Cotton Swing,1200.0,,30.0,,2799.0,,3999.0,furn,30.01,"₹1,001–₹5,000"
Joyo Plastic Activity Table,342.0,,32.0,,698.0,,1040.0,furn,32.88,"₹501–₹1,000"
Supreme Jazz for Home & Garden Plastic Outdoor Table,0.0,,0.0,,775.0,,775.0,furn,0.0,"₹501–₹1,000"
Gkamp 18 Shelf Plastic Collapsible Shoe Stand,1501.0,,29.0,,3599.0,,5100.0,furn,29.43,"₹1,001–₹5,000"
FurnCentral Micro Fiber Collapsible Wardrobe,2300.0,,71.0,,899.0,,3199.0,furn,71.9,"₹501–₹1,000"
Dozzer Adjustable Folding Plastic Portable Laptop Table,1409.0,,54.0,,1190.0,,2599.0,furn,54.21,"₹1,001–₹5,000"
Tender Care Kids Study Table Chair Set (Green) Metal De...,751.0,,50.0,,748.0,,1499.0,furn,50.1,"₹501–₹1,000"
Flipkart Perfect Homes Studio Metal Collapsible Shoe St...,146.0,,19.0,,599.0,,745.0,furn,19.6,"₹501–₹1,000"
Kurlon Dream Sleep 6 inch King Bonnell Spring Mattress,0.0,,0.0,,17876.0,,17876.0,furn,0.0,"₹10,001–₹25,000"
FurnCentral Fabric Shoe Stand,2000.0,,62.0,,1199.0,,3199.0,furn,62.52,"₹1,001–₹5,000"
Peps Springkoil Normal Top Blue 6 inch Single Bonnell S...,1558.0,,18.0,,6890.0,,8448.0,furn,18.44,"₹5,001–₹10,000"
Smart Shelter Premium Floor Fixed TV Mount,557.0,,6.0,,7443.0,,8000.0,furn,6.96,"₹5,001–₹10,000"
Sasimo 1-Door 6-Shelf Fabric Metal Collapsible Shoe Sta...,5000.0,,83.0,,999.0,,5999.0,furn,83.35,"₹501–₹1,000"
CMerchants Classic-Brown01-Stand Metal Collapsible Shoe...,1500.0,,75.0,,499.0,,1999.0,furn,75.04,<=₹500
FurnCentral Fabric Shoe Stand,1700.0,,51.0,,1599.0,,3299.0,furn,51.53,"₹1,001–₹5,000"
FurnCentral Wood Portable Laptop Table,2400.0,,60.0,,1599.0,,3999.0,furn,60.02,"₹1,001–₹5,000"
Nightstar Foldable Pinakin Stool Living & Bedroom Stool,752.0,,50.0,,748.0,,1500.0,furn,50.13,"₹501–₹1,000"
New kaptan Easy 4 Plastic Free Standing Chest of Drawer...,300.0,,20.0,,1199.0,,1499.0,furn,20.01,"₹1,001–₹5,000"
Zahab Hifi Grey 12x16 Surface Mounting Medicine Cabinet,1518.0,,60.0,,981.0,,2499.0,furn,60.74,"₹501–₹1,000"
Bey Bee Metal Chair,70.0,,10.0,,629.0,,699.0,furn,10.01,"₹501–₹1,000"
Flipkart Perfect Homes Engineered Wood TV Entertainment...,1750.0,,16.0,,8790.0,,10540.0,furn,16.6,"₹5,001–₹10,000"
FurnCentral Metal Kitchen Cabinet,350.0,,23.0,,1149.0,,1499.0,furn,23.35,"₹1,001–₹5,000"
Flipkart Perfect Homes Rhapsody Engineered Wood King Bo...,170.0,,1.0,,16490.0,,16660.0,furn,1.02,"₹10,001–₹25,000"
Tidyhomz Wood Portable Laptop Table,301.0,,23.0,,999.0,,1300.0,furn,23.15,"₹501–₹1,000"
"ROQ Heavy Duty Single Arm LCD Monitor Stand 32 To 70"" 1...",3676.0,,61.0,,2323.0,,5999.0,furn,61.28,"₹1,001–₹5,000"
Ebee Metal Collapsible Shoe Stand,974.0,,57.0,,725.0,,1699.0,furn,57.33,"₹501–₹1,000"
"Smart Shelter TV Mount for Samsung, VU, LG, SONY, Micro...",700.0,,41.0,,999.0,,1699.0,furn,41.2,"₹501–₹1,000"
Flipkart Perfect Homes Fraser Solid Wood 4 Seater Dinin...,4409.0,,25.0,,12990.0,,17399.0,furn,25.34,"₹10,001–₹25,000"
Flipkart Perfect Homes Iris Therapedic 6 inch Double Bo...,6009.0,,40.0,,8990.0,,14999.0,furn,40.06,"₹5,001–₹10,000"
Karmax Solid wood Stool,1300.0,,52.0,,1199.0,,2499.0,furn,52.02,"₹1,001–₹5,000"
FurnCentral Canvas Swing,420.0,,30.0,,979.0,,1399.0,furn,30.02,"₹501–₹1,000"
Tender Care 6 Shelve Baby Almirah/Toy Box(Red) PVC Coll...,774.0,,38.0,,1225.0,,1999.0,furn,38.72,"₹1,001–₹5,000"
RKBeanbag XXL Bean Chair Cover  (Without Beans),1300.0,,65.0,,699.0,,1999.0,furn,65.03,"₹501–₹1,000"
VATSMART ADJUSTABLE SHOE RACK FOR HOME/KITCHEN etc Plas...,600.0,,66.0,,299.0,,899.0,furn,66.74,<=₹500
Flipkart Perfect Homes Studio Metal Kitchen Cabinet,1200.0,,54.0,,999.0,,2199.0,furn,54.57,"₹501–₹1,000"
Kurlon Kurlo bond 5 inch King Coir Mattress,105.0,,0.0,,17490.0,,17595.0,furn,0.6,"₹10,001–₹25,000"
Nakoda Plastic Free Standing Chest of Drawers,700.0,,15.0,,3799.0,,4499.0,furn,15.56,"₹1,001–₹5,000"
"Wudore Foldable,Adjustable(Black legs) Plastic Portable...",664.0,,33.0,,1335.0,,1999.0,furn,33.22,"₹1,001–₹5,000"
Snazzy Wood Portable Laptop Table,800.0,,40.0,,1199.0,,1999.0,furn,40.02,"₹1,001–₹5,000"
Vidisa Foldable Stool Portable Travel Chair Four-Leg St...,300.0,,42.0,,399.0,,699.0,furn,42.92,<=₹500
Flipkart Perfect Homes PureWood Sheesham Coffee Table,5637.0,,38.0,,8890.0,,14527.0,furn,38.8,"₹5,001–₹10,000"
Tajpur Traders Stainless Steel Kitchen Trolley Steel Ki...,580.0,,72.0,,219.0,,799.0,furn,72.59,<=₹500
Ebee Metal Shoe Stand,400.0,,33.0,,799.0,,1199.0,furn,33.36,"₹501–₹1,000"
Intex 58924 Portable Pool,358.0,,48.0,,375.0,,733.0,furn,48.84,<=₹500
"Gymfy COLLAPSIBLE SHOE STAND Plastic, Metal Collapsible...",700.0,,53.0,,599.0,,1299.0,furn,53.89,"₹501–₹1,000"
Flipkart Perfect Homes Webster Engineered Wood TV Enter...,7009.0,,34.0,,13490.0,,20499.0,furn,34.19,"₹10,001–₹25,000"
Valtos Engineered Wood TV Entertainment Unit,6010.0,,50.0,,5990.0,,12000.0,furn,50.08,"₹5,001–₹10,000"
Zahab Style Ivory Single Door Mirror Surface Mounting M...,1145.0,,57.0,,854.0,,1999.0,furn,57.28,"₹501–₹1,000"
Joyful STUDIO 5 XL BLUE Plastic Free Standing Chest of ...,926.0,,35.0,,1699.0,,2625.0,furn,35.28,"₹1,001–₹5,000"
Ebee Micro Fiber Collapsible Wardrobe,801.0,,40.0,,1199.0,,2000.0,furn,40.05,"₹1,001–₹5,000"
FurnCentral 2 Door PP (Polypropylene) Collapsible Wardr...,2601.0,,61.0,,1599.0,,4200.0,furn,61.93,"₹1,001–₹5,000"
AVRO furniture 7756 Matt and Gloss Set Of 2 Chairs WITH...,200.0,,10.0,,1799.0,,1999.0,furn,10.01,"₹1,001–₹5,000"
Nilkamal Beaumont Engineered Wood TV Entertainment Unit,310.0,,4.0,,7290.0,,7600.0,furn,4.08,"₹5,001–₹10,000"
Flipkart Perfect Homes Waltz Engineered Wood King Box B...,4309.0,,20.0,,16690.0,,20999.0,furn,20.52,"₹10,001–₹25,000"
FurnCentral Fabric Shoe Stand,2200.0,,73.0,,799.0,,2999.0,furn,73.36,"₹501–₹1,000"
Impulse Stainless Steel News Paper Holder - Wall Hangin...,700.0,,53.0,,599.0,,1299.0,furn,53.89,"₹501–₹1,000"
Flipkart Perfect Homes Studio 2 Door 4 Shelf PP Collaps...,1650.0,,55.0,,1349.0,,2999.0,furn,55.02,"₹1,001–₹5,000"
Fashion Bizz Royal Rajasthan Round Shape Wooden Stool/C...,2000.0,,66.0,,999.0,,2999.0,furn,66.69,"₹501–₹1,000"
Flipkart Perfect Homes Stemar Engineered Wood Shoe Rack,1009.0,,20.0,,3990.0,,4999.0,furn,20.18,"₹1,001–₹5,000"
OMSAIFAB DREAM Airsofa PVC 3 Seater Inflatable Sofa,3700.0,,52.0,,3299.0,,6999.0,furn,52.86,"₹1,001–₹5,000"
FU4 HEAVY DUTY 498 DUAL ARM LCD MONITOR STAND 19 TO 42....,500.0,,31.0,,1099.0,,1599.0,furn,31.27,"₹1,001–₹5,000"
"FAH Puppy & Rabbit Cage | ""18 Inch"" Sky Blue | Easy to ...",749.0,,39.0,,1150.0,,1899.0,furn,39.44,"₹1,001–₹5,000"
FurnCentral Fabric Shoe Stand,2206.0,,68.0,,993.0,,3199.0,furn,68.96,"₹501–₹1,000"
Urbancart Multi Purpose 5-Tier Plastic Trolley Cart/Sto...,800.0,,26.0,,2199.0,,2999.0,furn,26.68,"₹1,001–₹5,000"
Flipkart Perfect Homes Engineered Wood Close Book Shelf,2909.0,,29.0,,7090.0,,9999.0,furn,29.09,"₹5,001–₹10,000"
KEEKOS Metal Collapsible Shoe Stand,2750.0,,68.0,,1249.0,,3999.0,furn,68.77,"₹1,001–₹5,000"
Bluwings Plastic shoe rack Plastic Collapsible Shoe Sta...,1018.0,,71.0,,409.0,,1427.0,furn,71.34,<=₹500
Smart Shelter Ss32fixedlcdmount Fixed TV Mount,107.0,,19.0,,443.0,,550.0,furn,19.45,<=₹500
RoyalOak Mercy Glass Coffee Table,7310.0,,50.0,,7190.0,,14500.0,furn,50.41,"₹5,001–₹10,000"
Online World New High Quality Wrought Iron Coat Rack Ha...,1409.0,,61.0,,890.0,,2299.0,furn,61.29,"₹501–₹1,000"
"Blendia Heavy Duty Dual Arm LCD Monitor Stand 17 to 37""...",900.0,,45.0,,1099.0,,1999.0,furn,45.02,"₹1,001–₹5,000"
Diva N Diya COLLAPSIBLE SHOE STAND Plastic Collapsible ...,4100.0,,82.0,,899.0,,4999.0,furn,82.02,"₹501–₹1,000"
Divinext Metal Collapsible Shoe Stand,445.0,,22.0,,1554.0,,1999.0,furn,22.26,"₹1,001–₹5,000"
"Wudore Foldable,Adjustable(Black legs) Plastic Portable...",660.0,,33.0,,1339.0,,1999.0,furn,33.02,"₹1,001–₹5,000"
Flipzon Baby 6 Shelve Unbreakable Material PVC Collapsi...,1900.0,,63.0,,1099.0,,2999.0,furn,63.35,"₹1,001–₹5,000"
SUGANDHA Folding mattress 2 inch Single Cotton Mattress,449.0,,37.0,,750.0,,1199.0,furn,37.45,"₹501–₹1,000"
Demelza Heavy Wall Mount Stand for 17 32-inch LCD LED T...,620.0,,62.0,,379.0,,999.0,furn,62.06,<=₹500
TOPHAVEN Plastic Shoe Stand,1150.0,,47.0,,1249.0,,2399.0,furn,47.94,"₹1,001–₹5,000"
VSK XXL Tear Drop  (Without Beans),1300.0,,65.0,,699.0,,1999.0,furn,65.03,"₹501–₹1,000"
DD RETAIL Iron Portable Multipurpose 4.1ft PVC Collapsi...,4381.0,,73.0,,1619.0,,6000.0,furn,73.02,"₹1,001–₹5,000"
LipiWorld Wall Mount Bracket Support to Flat Panel LCD ...,300.0,,50.0,,299.0,,599.0,furn,50.08,<=₹500
Flipkart Perfect Homes Avalon Engineered Wood TV Entert...,7009.0,,33.0,,13990.0,,20999.0,furn,33.38,"₹10,001–₹25,000"
Gunj Jumbo Bean Chair Cover  (Without Beans),2200.0,,55.0,,1799.0,,3999.0,furn,55.01,"₹1,001–₹5,000"
BLENDIA Wall Mount Stand for 14 inch to 32 inch LCD & L...,300.0,,42.0,,399.0,,699.0,furn,42.92,<=₹500
Homevilla Adjustable 3 Step Shoe Slotz Storage Organize...,490.0,,49.0,,509.0,,999.0,furn,49.05,"₹501–₹1,000"
Corslet 15 Inch Folding Stool Plastic Foldable Space Sa...,315.0,,31.0,,685.0,,1000.0,furn,31.5,"₹501–₹1,000"
RISSACHI Super Heavy Duty TV Wall Mount Bracket for 14 ...,750.0,,50.0,,749.0,,1499.0,furn,50.03,"₹501–₹1,000"
Home Edge Sheesham Wood Solid Wood Open Book Shelf,11209.0,,42.0,,15290.0,,26499.0,furn,42.3,"₹10,001–₹25,000"
Slim Shine Solid Wood Study Table,750.0,,53.0,,649.0,,1399.0,furn,53.61,"₹501–₹1,000"
Impulse High Grade Metal Wall Mount Magazine Holder/New...,500.0,,50.0,,499.0,,999.0,furn,50.05,<=₹500
Corporate Overseas Metal Shoe Stand,900.0,,42.0,,1199.0,,2099.0,furn,42.88,"₹1,001–₹5,000"
Patelraj Book shelf and Metal Collapsible Shoe Stand,650.0,,59.0,,449.0,,1099.0,furn,59.14,<=₹500
@home by Nilkamal Glenn Engineered Wood Computer Desk,2510.0,,31.0,,5390.0,,7900.0,furn,31.77,"₹5,001–₹10,000"
Mezire PP Collapsible Wardrobe,562.0,,28.0,,1437.0,,1999.0,furn,28.11,"₹1,001–₹5,000"
"Gymfy Plastic, Metal Collapsible Shoe Stand",700.0,,43.0,,899.0,,1599.0,furn,43.78,"₹501–₹1,000"
"ReTrack Ultra Slim LCD LED TV Wall Mount Stand 14"" to 4...",170.0,,34.0,,329.0,,499.0,furn,34.07,<=₹500
"Gymfy Plastic, Metal Collapsible Shoe Stand",3100.0,,77.0,,899.0,,3999.0,furn,77.52,"₹501–₹1,000"
FurnCentral Metal Shoe Stand,366.0,,36.0,,633.0,,999.0,furn,36.64,"₹501–₹1,000"
AVRO furniture 7756 Matt and Gloss Plastic Outdoor Chai...,100.0,,3.0,,2899.0,,2999.0,furn,3.33,"₹1,001–₹5,000"
Style Spa Quadro Engineered Wood Free Standing Cabinet,1935.0,,27.0,,5190.0,,7125.0,furn,27.16,"₹5,001–₹10,000"
Joyful Plastic Free Standing Chest of Drawers,866.0,,40.0,,1289.0,,2155.0,furn,40.19,"₹1,001–₹5,000"
Apex Metal Collapsible Shoe Stand,800.0,,40.0,,1199.0,,1999.0,furn,40.02,"₹1,001–₹5,000"
TimberTaste Sheesham Wood Solid Wood Semi-Open Book She...,6108.0,,30.0,,13690.0,,19798.0,furn,30.85,"₹10,001–₹25,000"
SEASPIRIT portable shoe organizer stand for shoes plast...,900.0,,40.0,,1299.0,,2199.0,furn,40.93,"₹1,001–₹5,000"
PARASNATH Mild Steel Red Cloth 4-5 Shelves Shoe Rack/Sh...,1000.0,,66.0,,499.0,,1499.0,furn,66.71,<=₹500
FurnCentral 1 Door PP (Polypropylene) Collapsible Wardr...,1801.0,,58.0,,1299.0,,3100.0,furn,58.1,"₹1,001–₹5,000"
Flipkart Perfect Homes Songo Solid Wood Bedside Table,3009.0,,44.0,,3790.0,,6799.0,furn,44.26,"₹1,001–₹5,000"
Continental 4+1+1 Layer Fancy PP Collapsible Wardrobe,2051.0,,58.0,,1449.0,,3500.0,furn,58.6,"₹1,001–₹5,000"
MX 32- 60 inches Full Motion LED/LCD Wall Mount Bracket...,1726.0,,27.0,,4499.0,,6225.0,furn,27.73,"₹1,001–₹5,000"
FurnCentral Metal Shoe Stand,1100.0,,44.0,,1399.0,,2499.0,furn,44.02,"₹1,001–₹5,000"
@home by Nilkamal Jewel Solid Wood 4 Seater Dining Set,16410.0,,54.0,,13590.0,,30000.0,furn,54.7,"₹10,001–₹25,000"
"Meded Heavy Duty, Wall Mounted/ Floor Standing Steel Sh...",3060.0,,40.0,,4500.0,,7560.0,furn,40.48,"₹1,001–₹5,000"
Zuari by Forte Dublin Engineered Wood TV Entertainment ...,11208.0,,48.0,,11990.0,,23198.0,furn,48.31,"₹10,001–₹25,000"
SleepX APT 6 inch King PU Foam Mattress,808.0,,5.0,,13190.0,,13998.0,furn,5.77,"₹10,001–₹25,000"
FurnCentral Metal Shoe Stand,300.0,,25.0,,899.0,,1199.0,furn,25.02,"₹501–₹1,000"
SEASPIRIT Shoes Organizer Shoes Holder Plastic Shoe Sta...,1100.0,,47.0,,1199.0,,2299.0,furn,47.85,"₹1,001–₹5,000"
ReTrack 10Inch to 26Inch Metal 180 Degree Motion Rotati...,770.0,,77.0,,229.0,,999.0,furn,77.08,<=₹500
TOPHAVEN Plastic Shoe Slots Organizer (set of -02) Plas...,1380.0,,60.0,,889.0,,2269.0,furn,60.82,"₹501–₹1,000"
Dell 14 3000 Core i3 7th Gen - (4 GB/1 TB HDD/Linux) inspiron 3481 Laptop,2585.0,,8.0,,26990.0,4.1,29575.0,laptops,8.74,"₹25,001–₹50,000"
HP Pavilion Core i5 9th Gen - (8 GB/1 TB HDD/Windows 10 Home/3 GB Graphics/NVIDIA Geforce GTX 1050) 15...,13051.0,,19.0,,52990.0,4.2,66041.0,laptops,19.76,"₹50,001–₹1,00,000"
HP 15s Ryzen 3 Dual Core - (4 GB/256 GB SSD/Windows 10 Home) 15s-eq0007AU Thin and Light Laptop,1608.0,,4.0,,30990.0,4.5,32598.0,laptops,4.93,"₹25,001–₹50,000"
HP 15 Pentium Gold - (4 GB/1 TB HDD/Windows 10 Home) 15-di0001TU Laptop,566.0,,2.0,,24990.0,4.4,25556.0,laptops,2.21,"₹10,001–₹25,000"
Lenovo Ideapad S145 APU Dual Core A6 - (4 GB/1 TB HDD/Windows 10 Home) S145-15AST Thin and Light Lapto...,1402.0,,6.0,,20990.0,4.0,22392.0,laptops,6.26,"₹10,001–₹25,000"
Lenovo Ideapad 130 Core i3 7th Gen - (4 GB/1 TB HDD/Windows 10 Home) 130-15IKB Laptop,4050.0,,12.0,,28990.0,4.0,33040.0,laptops,12.26,"₹25,001–₹50,000"
Acer Nitro 5 Core i7 9th Gen - (8 GB/1 TB HDD/256 GB SSD/Windows 10 Home/4 GB Graphics/NVIDIA Geforce ...,35009.0,,33.0,,69990.0,4.6,104999.0,laptops,33.34,"₹50,001–₹1,00,000"
HP Pavilion x360 Core i3 8th Gen - (4 GB/256 GB SSD/Windows 10 Home) 14-dh0107TU 2 in 1 Laptop,2401.0,,5.0,,42990.0,4.5,45391.0,laptops,5.29,"₹25,001–₹50,000"
Asus ZenBook Core i5 8th Gen - (8 GB/256 GB SSD/Windows 10 Home) UX430UA-GV573T Thin and Light Laptop,41000.0,,47.0,,45990.0,4.2,86990.0,laptops,47.13,"₹25,001–₹50,000"
HP 15q Core i3 7th Gen - (4 GB/1 TB HDD/Windows 10 Home) 15q-ds0007TU Laptop,8178.0,,20.0,,30990.0,4.1,39168.0,laptops,20.88,"₹25,001–₹50,000"
Dell Vostro 15 3000 Core i3 7th Gen - (4 GB/1 TB HDD/Linux) 3581 Laptop,5630.0,,17.0,,26490.0,4.3,32120.0,laptops,17.53,"₹25,001–₹50,000"
Apple MacBook Air Core i5 8th Gen - (8 GB/128 GB SSD/Mac OS Mojave) MVFM2HN/A,9910.0,,9.0,,89990.0,4.7,99900.0,laptops,9.92,"₹50,001–₹1,00,000"
Lenovo Ideapad L340 Core i5 9th Gen - (8 GB/1 TB HDD/128 GB SSD/Windows 10 Home/4 GB Graphics/NVIDIA G...,39000.0,,39.0,,59990.0,4.5,98990.0,laptops,39.4,"₹50,001–₹1,00,000"
Lenovo Ideapad S145 Core i3 10th Gen - (4 GB/256 GB SSD/Windows 10 Home) S145-15IIL Thin and Light Lap...,12700.0,,26.0,,35490.0,4.4,48190.0,laptops,26.35,"₹25,001–₹50,000"
Lenovo Ideapad S145 Core i5 10th Gen - (8 GB/1 TB HDD/Windows 10 Home) S145-15IIL Laptop,18100.0,,28.0,,44990.0,4.9,63090.0,laptops,28.69,"₹25,001–₹50,000"
Apple MacBook Air Core i5 5th Gen - (8 GB/128 GB SSD/Mac OS Sierra) MQD32HN/A A1466,18910.0,,22.0,,65990.0,4.7,84900.0,laptops,22.27,"₹50,001–₹1,00,000"
Lenovo Ideapad S145 Ryzen 3 Dual Core - (4 GB/1 TB HDD/Windows 10 Home) S145-15API Thin and Light Lapt...,3242.0,,10.0,,27990.0,4.0,31232.0,laptops,10.38,"₹25,001–₹50,000"
Asus TUF Gaming Ryzen 5 Quad Core - (8 GB/1 TB HDD/Windows 10 Home/3 GB Graphics/NVIDIA Geforce GTX 10...,26000.0,,35.0,,46990.0,4.5,72990.0,laptops,35.62,"₹25,001–₹50,000"
HP 15q Core i5 8th Gen - (8 GB/1 TB HDD/Windows 10 Home) 15q-ds1001TU Laptop,90.0,,0.0,,48990.0,4.3,49080.0,laptops,0.18,"₹25,001–₹50,000"
Asus Core i5 8th Gen - (4 GB/1 TB HDD/Windows 10 Home/2 GB Graphics) R540UB-DM1043T Laptop,16000.0,,30.0,,36990.0,3.9,52990.0,laptops,30.19,"₹25,001–₹50,000"
Asus VivoBook Gaming Core i5 9th Gen - (8 GB + 32 GB Optane/512 GB SSD/Windows 10 Home/4 GB Graphics/N...,25000.0,,31.0,,54990.0,4.5,79990.0,laptops,31.25,"₹50,001–₹1,00,000"
Acer Nitro 5 Ryzen 5 Quad Core - (8 GB/1 TB HDD/Windows 10 Home/4 GB Graphics/AMD Radeon RX 560X) AN51...,13104.0,,21.0,,47990.0,4.4,61094.0,laptops,21.45,"₹25,001–₹50,000"
Acer Nitro 5 Ryzen 5 Quad Core - (8 GB/1 TB HDD/Windows 10 Home/4 GB Graphics/NVIDIA Geforce GTX 1650)...,21009.0,,28.0,,52990.0,4.5,73999.0,laptops,28.39,"₹50,001–₹1,00,000"
Lenovo Ideapad S145 Core i5 10th Gen - (8 GB/1 TB HDD/256 GB SSD/Windows 10 Home) S145-15IIL Laptop,18900.0,,26.0,,51990.0,,70890.0,laptops,26.66,"₹50,001–₹1,00,000"
HP Pavilion 15-EC Ryzen 5 Quad Core - (8 GB/1 TB HDD/128 GB SSD/Windows 10 Home/3 GB Graphics/NVIDIA G...,6250.0,,10.0,,51990.0,4.5,58240.0,laptops,10.73,"₹50,001–₹1,00,000"
Apple MacBook Air Core i5 8th Gen - (8 GB/256 GB SSD/Mac OS Mojave) A1932,10000.0,,8.0,,109900.0,4.7,119900.0,laptops,8.34,">₹1,00,000"
Lenovo Ideapad S340 Core i5 8th Gen - (8 GB/512 GB SSD/Windows 10 Home/2 GB Graphics) S340 Thin and Li...,19900.0,,25.0,,56990.0,4.4,76890.0,laptops,25.88,"₹50,001–₹1,00,000"
Dell 14 3000 Core i3 7th Gen - (4 GB/1 TB HDD/Windows 10 Home) inspiron3481 Laptop,2747.0,,9.0,,26990.0,3.8,29737.0,laptops,9.24,"₹25,001–₹50,000"
Acer Nitro 5 Ryzen 7 Quad Core - (8 GB/1 TB HDD/256 GB SSD/Windows 10 Home/4 GB Graphics/NVIDIA Geforc...,34009.0,,36.0,,59990.0,5.0,93999.0,laptops,36.18,"₹50,001–₹1,00,000"
Apple MacBook Air Core i5 8th Gen - (8 GB/256 GB SSD/Mac OS Mojave) MVFN2HN/A,14910.0,,12.0,,104990.0,4.7,119900.0,laptops,12.44,">₹1,00,000"
Asus VivoBook 14 Core i5 8th Gen - (8 GB/512 GB SSD/Windows 10 Home) X412FA-EK230T Thin and Light Lapt...,13000.0,,20.0,,49990.0,4.4,62990.0,laptops,20.64,"₹25,001–₹50,000"
Asus VivoBook 14 Ryzen 5 Quad Core 2nd Gen - (8 GB/512 GB SSD/Windows 10 Home) X412DA-EK502T Thin and ...,11000.0,,20.0,,41990.0,4.4,52990.0,laptops,20.76,"₹25,001–₹50,000"
HP 14q Core i3 7th Gen - (4 GB/1 TB HDD/DOS) 14q-cs0009TU Thin and Light Laptop,5860.0,,17.0,,26990.0,4.2,32850.0,laptops,17.84,"₹25,001–₹50,000"
Acer Swift 3 Core i5 8th Gen - (8 GB/512 GB SSD/Windows 10 Home/2 GB Graphics) SF314-55G Thin and Ligh...,7599.0,,12.0,,54990.0,4.5,62589.0,laptops,12.14,"₹50,001–₹1,00,000"
Acer Aspire 5 Core i3 8th Gen - (4 GB/1 TB HDD/Windows 10 Home) A515-52 Thin and Light Laptop,5608.0,,14.0,,33990.0,3.8,39598.0,laptops,14.16,"₹25,001–₹50,000"
Lenovo Ideapad L340 Core i7 9th Gen - (8 GB/1 TB HDD/128 GB SSD/Windows 10 Home/4 GB Graphics/NVIDIA G...,35800.0,,32.0,,72990.0,4.5,108790.0,laptops,32.91,"₹50,001–₹1,00,000"
Dell Inspiron 13 5000 Series Core i3 7th Gen - (4 GB/1 TB HDD/Windows 10 Home) 5378 2 in 1 Laptop,14304.0,,25.0,,41990.0,3.5,56294.0,laptops,25.41,"₹25,001–₹50,000"
HP 15 Core i3 8th Gen - (4 GB/1 TB HDD/Windows 10 Home) 15-da0411tu Thin and Light Laptop,3000.0,,8.0,,31999.0,3.9,34999.0,laptops,8.57,"₹25,001–₹50,000"
Asus VivoBook 14 Core i3 7th Gen - (4 GB/256 GB SSD/Windows 10 Home) X412UA-EK342T Thin and Light Lapt...,8000.0,,19.0,,33990.0,4.3,41990.0,laptops,19.05,"₹25,001–₹50,000"
Asus ROG Strix G Core i7 9th Gen - (8 GB/1 TB HDD/256 GB SSD/Windows 10 Home/4 GB Graphics/NVIDIA Gefo...,32000.0,,28.0,,81990.0,4.6,113990.0,laptops,28.07,"₹50,001–₹1,00,000"
Acer Predator Triton 300 Core i5 9th Gen - (8 GB/1 TB HDD/256 GB SSD/Windows 10 Home/4 GB Graphics/NVI...,18723.0,,21.0,,69990.0,4.6,88713.0,laptops,21.11,"₹50,001–₹1,00,000"
HP 15q APU Dual Core A6 - (4 GB/1 TB HDD/Windows 10 Home) 15q-dy0006AU Laptop,2162.0,,8.0,,22990.0,4.1,25152.0,laptops,8.6,"₹10,001–₹25,000"
Acer Aspire 5 Core i5 7th Gen - (8 GB/1 TB HDD/Windows 10 Home/2 GB Graphics) A515-51G-5206 Laptop,22009.0,,34.0,,41990.0,3.6,63999.0,laptops,34.39,"₹25,001–₹50,000"
Dell Inspiron 3000 Core i5 10th Gen - (4 GB/512 GB SSD/Windows 10 Home) 3593 Laptop,3346.0,,6.0,,49790.0,,53136.0,laptops,6.3,"₹25,001–₹50,000"
HP 15q Core i3 7th Gen - (4 GB/1 TB HDD/Windows 10 Home) 15q-ds0006TU Laptop,3830.0,,10.0,,32999.0,4.1,36829.0,laptops,10.4,"₹25,001–₹50,000"
Acer Helios 300 Core i7 9th Gen - (16 GB/2 TB HDD/256 GB SSD/Windows 10 Home/8 GB Graphics/NVIDIA Gefo...,41438.0,,22.0,,139990.0,5.0,181428.0,laptops,22.84,">₹1,00,000"
Acer Swift 3 Core i5 8th Gen - (8 GB/512 GB SSD/Windows 10 Home) SF313-51 Thin and Light Laptop,15186.0,,21.0,,54990.0,4.4,70176.0,laptops,21.64,"₹50,001–₹1,00,000"
HP Pavilion x360 Core i5 10th Gen - (8 GB/256 GB SSD/Windows 10 Home) 14-dh1010TU 2 in 1 Laptop,9009.0,,11.0,,70999.0,4.5,80008.0,laptops,11.26,"₹50,001–₹1,00,000"
Dell Inspiron 13 7000 Series Core i5 8th Gen - (8 GB/512 GB SSD/Windows 10 Home) insp 7380 Thin and Li...,9060.0,,12.0,,63490.0,4.7,72550.0,laptops,12.49,"₹50,001–₹1,00,000"
Asus ZenBook Pro Duo Core i9 9th Gen - (32 GB/1 TB SSD/Windows 10 Home/6 GB Graphics) UX581GV-H9201T L...,43000.0,,14.0,,259990.0,,302990.0,laptops,14.19,">₹1,00,000"
MSI GF63 Thin Core i7 9th Gen - (8 GB/512 GB SSD/Windows 10 Home/4 GB Graphics/NVIDIA Geforce GTX 1650...,23300.0,,24.0,,69990.0,4.5,93290.0,laptops,24.98,"₹50,001–₹1,00,000"
Microsoft Surface Pro Core i5 7th Gen - (8 GB/128 GB SSD/Windows 10 Pro) M1796 2 in 1 Laptop,16647.0,,18.0,,73990.0,4.2,90637.0,laptops,18.37,"₹50,001–₹1,00,000"
Asus VivoBook Core i5 8th Gen - (8 GB/1 TB HDD/256 GB SSD/Windows 10 Home) S430UA-EB008T Thin and Ligh...,0.0,,0.0,,64990.0,4.5,64990.0,laptops,0.0,"₹50,001–₹1,00,000"
Asus VivoBook S Series Core i5 8th Gen - (8 GB/1 TB HDD/256 GB SSD/Windows 10 Home) S430FA-EB156T Thin...,16000.0,,23.0,,52990.0,4.5,68990.0,laptops,23.19,"₹50,001–₹1,00,000"
Apple MacBook Pro Core i5 8th Gen - (8 GB/256 GB SSD/Mac OS Mojave) MV962HN,4910.0,,3.0,,154990.0,4.5,159900.0,laptops,3.07,">₹1,00,000"
MSI P Core i5 10th Gen - (8 GB/512 GB SSD/Windows 10 Home/2 GB Graphics) Prestige 14 A10RB-031IN Thin ...,10000.0,,11.0,,79990.0,4.3,89990.0,laptops,11.11,"₹50,001–₹1,00,000"
Avita Liber Core i5 8th Gen - (8 GB/256 GB SSD/Windows 10 Home) NS14A2IN199P Thin and Light Laptop,24000.0,,36.0,,41990.0,4.4,65990.0,laptops,36.37,"₹25,001–₹50,000"
Lenovo Ideapad Core i3 7th Gen - (4 GB/1 TB HDD/Windows 10 Home) IP130 Laptop,3900.0,,10.0,,32990.0,,36890.0,laptops,10.57,"₹25,001–₹50,000"
Asus ZenBook 13 Core i7 8th Gen - (8 GB/512 GB SSD/Windows 10 Home) UX333FA-A4116T Thin and Light Lapt...,15000.0,,15.0,,82990.0,4.5,97990.0,laptops,15.31,"₹50,001–₹1,00,000"
Asus ZenBook Pro Duo Core i7 9th Gen - (32 GB/1 TB SSD/Windows 10 Home/6 GB Graphics) UX581GV-H7201T L...,33000.0,,13.0,,209990.0,,242990.0,laptops,13.58,">₹1,00,000"
Dell Inspiron 3000 Core i7 9th Gen - (8 GB/512 GB SSD/Windows 10 Home/4 GB Graphics/NVIDIA Geforce GTX...,11286.0,,10.0,,93490.0,,104776.0,laptops,10.77,"₹50,001–₹1,00,000"
HP Pavilion Ryzen 7 Quad Core - (8 GB/1 TB HDD/128 GB SSD/Windows 10 Home/6 GB Graphics/NVIDIA Geforce...,3375.0,,4.0,,74990.0,5.0,78365.0,laptops,4.31,"₹50,001–₹1,00,000"
Lenovo Core i7 8th Gen - (8 GB/1 TB HDD/Windows 10 Home/2 GB Graphics) L340-15IWL Laptop,28700.0,,32.0,,58990.0,4.3,87690.0,laptops,32.73,"₹50,001–₹1,00,000"
Lenovo Ideapad 330 Core i5 8th Gen - (8 GB/1 TB HDD/DOS/4 GB Graphics) 330-15IKB/ 81DELenovo ideapad 3...,16700.0,,25.0,,48990.0,4.3,65690.0,laptops,25.42,"₹25,001–₹50,000"
Microsoft Surface Pro X SQ1 Octa Core - (8 GB/128 GB SSD/Windows 10 Home) M1876 Laptop,9.0,,0.0,,98990.0,,98999.0,laptops,0.01,"₹50,001–₹1,00,000"
HP Pavilion x360 14 Core i3 10th Gen - (4 GB/256 GB SSD/Windows 10 Home) 14-dh1006TU 2 in 1 Laptop,5427.0,,10.0,,47680.0,4.0,53107.0,laptops,10.22,"₹25,001–₹50,000"
HP Envy 13 Core i5 10th Gen - (8 GB/256 GB SSD/Windows 10 Home) 13-aq1014TU Thin and Light Laptop,3017.0,,3.0,,76990.0,,80007.0,laptops,3.77,"₹50,001–₹1,00,000"
Avita Liber Core i5 8th Gen - (8 GB/256 GB SSD/Windows 10 Home) NS14A2IN205P Thin and Light Laptop,24000.0,,36.0,,41990.0,4.4,65990.0,laptops,36.37,"₹25,001–₹50,000"
Avita Liber Core i5 8th Gen - (8 GB/256 GB SSD/Windows 10 Home) NS14A2IN204P Thin and Light Laptop,24000.0,,36.0,,41990.0,4.4,65990.0,laptops,36.37,"₹25,001–₹50,000"
Apple MacBook Pro Core i5 7th Gen - (8 GB/128 GB SSD/Mac OS Sierra) MPXR2HN/A,7000.0,,5.0,,112990.0,4.6,119990.0,laptops,5.83,">₹1,00,000"
Lenovo Ideapad Core i5 7th Gen - (8 GB/1 TB HDD/Windows 10 Home/2 GB Graphics) IP 320-15IKB Laptop,1755.0,,3.0,,51990.0,4.3,53745.0,laptops,3.27,"₹50,001–₹1,00,000"
Acer Swift 5 Core i5 8th Gen - (8 GB/256 GB SSD/Windows 10 Home) SF514-52T Thin and Light Laptop,17809.0,,21.0,,64990.0,4.6,82799.0,laptops,21.51,"₹50,001–₹1,00,000"
Dell Vostro 14 3000 Core i5 8th Gen - (8 GB/1 TB HDD/Linux/2 GB Graphics) VOS 3480 Laptop,7278.0,,14.0,,42990.0,4.3,50268.0,laptops,14.48,"₹25,001–₹50,000"
Avita Liber Core i5 8th Gen - (8 GB/256 GB SSD/Windows 10 Home) NS14A2IN198P Thin and Light Laptop,24000.0,,36.0,,41990.0,4.4,65990.0,laptops,36.37,"₹25,001–₹50,000"
Lenovo Ideapad S145 Core i3 7th Gen - (4 GB/1 TB HDD/Windows 10 Home) S145-15IKB Laptop,7500.0,,18.0,,32490.0,4.3,39990.0,laptops,18.75,"₹25,001–₹50,000"
Asus VivoBook 14 Ryzen 5 Quad Core - (4 GB/1 TB HDD/Windows 10 Home) X412DA-EK141T Thin and Light Lapt...,7041.0,,15.0,,36990.0,4.3,44031.0,laptops,15.99,"₹25,001–₹50,000"
Apple MacBook Air Core i5 8th Gen - (8 GB/256 GB SSD/Mac OS Mojave) MVFL2HN/A,8738.0,,7.0,,111162.0,4.7,119900.0,laptops,7.29,">₹1,00,000"
Asus ZenBook 13 Core i5 8th Gen - (8 GB/256 GB SSD/Windows 10 Home) UX333FA-A4046T Thin and Light Lapt...,8163.0,,10.0,,69990.0,4.1,78153.0,laptops,10.44,"₹50,001–₹1,00,000"
Acer Aspire 7 Core i5 9th Gen - (8 GB/512 GB SSD/Windows 10 Home/4 GB Graphics/NVIDIA Geforce GTX 1650...,25009.0,,31.0,,54990.0,4.0,79999.0,laptops,31.26,"₹50,001–₹1,00,000"
Lenovo Legion Y7000 Core i5 9th Gen - (8 GB/1 TB HDD/256 GB SSD/Windows 10 Home/3 GB Graphics/NVIDIA G...,26000.0,,27.0,,66990.0,4.8,92990.0,laptops,27.96,"₹50,001–₹1,00,000"
Avita Liber Core i5 8th Gen - (8 GB/256 GB SSD/Windows 10 Home) NS14A2IN202P Thin and Light Laptop,24000.0,,36.0,,41990.0,4.4,65990.0,laptops,36.37,"₹25,001–₹50,000"
HP Spectre x360 Core i7 8th Gen - (16 GB/512 GB SSD/Windows 10 Pro) 13-ae503TU 2 in 1 Laptop,18905.0,,11.0,,149490.0,3.7,168395.0,laptops,11.23,">₹1,00,000"
Asus Core i5 8th Gen - (8 GB/512 GB SSD/Windows 10 Home/2 GB Graphics) X509FJ-EJ502T Laptop,9300.0,,15.0,,50690.0,4.1,59990.0,laptops,15.5,"₹50,001–₹1,00,000"
Lenovo Ideapad 720S Core i5 8th Gen - (8 GB/512 GB SSD/Windows 10 Home) 720S-13IKB Thin and Light Lapt...,0.0,,0.0,,83458.0,5.0,83458.0,laptops,0.0,"₹50,001–₹1,00,000"
Lenovo Legion Y740 Core i7 9th Gen - (8 GB/1 TB SSD/Windows 10 Home/6 GB Graphics/NVIDIA Geforce GTX 1...,87500.0,,42.0,,119990.0,4.7,207490.0,laptops,42.17,">₹1,00,000"
HP 15 Core i7 8th Gen - (8 GB/1 TB HDD/128 GB SSD/Windows 10 Home/4 GB Graphics) 15-dc0082TX Laptop,0.0,,0.0,,116941.0,,116941.0,laptops,0.0,">₹1,00,000"
Asus ROG Strix G Core i5 9th Gen - (8 GB/512 GB SSD/Windows 10 Home/4 GB Graphics/NVIDIA Geforce GTX 1...,22000.0,,21.0,,79990.0,,101990.0,laptops,21.57,"₹50,001–₹1,00,000"
HP 15 Core i7 8th Gen - (16 GB/1 TB HDD/128 GB SSD/Windows 10 Home/4 GB Graphics) 15-dc0084TX Laptop,0.0,,0.0,,126873.0,,126873.0,laptops,0.0,">₹1,00,000"
Asus VivoBook Gaming Core i5 9th Gen - (8 GB/1 TB HDD/256 GB SSD/Windows 10 Home/4 GB Graphics/NVIDIA ...,18000.0,,22.0,,62990.0,4.4,80990.0,laptops,22.22,"₹50,001–₹1,00,000"
Acer Aspire 5 Core i3 7th Gen - (4 GB/256 GB SSD/Windows 10 Home) A515-52K Laptop,0.0,,0.0,,36701.0,,36701.0,laptops,0.0,"₹25,001–₹50,000"
Nexstgo Core i5 8th Gen - (16 GB/512 GB SSD/Windows 10 Pro) NX101 Thin and Light Laptop,18500.0,,15.0,,97990.0,,116490.0,laptops,15.88,"₹50,001–₹1,00,000"
Avita Liber Core i5 8th Gen - (8 GB/256 GB SSD/Windows 10 Home) NS13A2IN205P Thin and Light Laptop,1000.0,,1.0,,64990.0,4.6,65990.0,laptops,1.52,"₹50,001–₹1,00,000"
Lenovo Legion Core i5 9th Gen - (8 GB/1 TB SSD/Windows 10/4 GB Graphics/NVIDIA Geforce GTX GTX1650) Le...,20009.0,,20.0,,79990.0,,99999.0,laptops,20.01,"₹50,001–₹1,00,000"
Nexstgo Core i7 8th Gen - (8 GB/256 GB SSD/Windows 10 Pro) NX101 Thin and Light Laptop,17000.0,,16.0,,86990.0,,103990.0,laptops,16.35,"₹50,001–₹1,00,000"
Acer Predator Triton 500 Core i7 9th Gen - (16 GB/1 TB SSD/Windows 10 Home/6 GB Graphics/NVIDIA Geforc...,0.0,,0.0,,165826.0,,165826.0,laptops,0.0,">₹1,00,000"
Lenovo Ideapad S145 Core i3 8th Gen - (4 GB/1 TB HDD/Windows 10 Home) S145-15IWL Thin and Light Laptop,2500.0,,5.0,,39990.0,4.0,42490.0,laptops,5.88,"₹25,001–₹50,000"
Lenovo Core i5 7th Gen - (8 GB/1 TB HDD/Windows 10 Home/2 GB Graphics) Ideapad 510 Laptop,0.0,,0.0,,57309.0,4.1,57309.0,laptops,0.0,"₹50,001–₹1,00,000"
Asus ROG Strix Hero III Core i7 9th Gen - (16 GB/1 TB HDD/256 GB SSD/Windows 10 Home/6 GB Graphics/NVI...,42000.0,,23.0,,139990.0,,181990.0,laptops,23.08,">₹1,00,000"
Lenovo Ideapad L340 Core i5 9th Gen - (8 GB/1 TB HDD/Windows 10 Home/4 GB Graphics/NVIDIA Geforce GTX ...,13000.0,,16.0,,67990.0,,80990.0,laptops,16.05,"₹50,001–₹1,00,000"
HP Envy 13 Core i5 10th Gen - (8 GB + 32 GB Optane/512 GB SSD/Windows 10 Home) 13-aq1015TU Thin and Li...,5204.0,,5.0,,82990.0,,88194.0,laptops,5.9,"₹50,001–₹1,00,000"
Lenovo Yoga 730 Core i7 8th Gen - (8 GB/512 GB SSD/Windows 10 Home) 730-13IKB Thin and Light Laptop,15900.0,,12.0,,109990.0,,125890.0,laptops,12.63,">₹1,00,000"
Lenovo Core i5 7th Gen - (8 GB/1 TB HDD/Windows 10 Home/4 GB Graphics) IP 520 Laptop,0.0,,0.0,,64715.0,4.0,64715.0,laptops,0.0,"₹50,001–₹1,00,000"
Dell XPS 15 Core i9 9th Gen - (32 GB/1 TB SSD/Windows 10 Home/4 GB Graphics) 7590 Laptop,232.0,,0.0,,249990.0,,250222.0,laptops,0.09,">₹1,00,000"
HP 14q Core i3 7th Gen - (4 GB/1 TB HDD/Windows 10 Home) 14q-CS0005TU Thin and Light Laptop,3481.0,,10.0,,29490.0,4.2,32971.0,laptops,10.56,"₹25,001–₹50,000"
Asus FX503 Core i7 7th Gen - (8 GB/1 TB HDD/128 GB SSD/Windows 10 Home/4 GB Graphics/NVIDIA Geforce GT...,0.0,,0.0,,87990.0,5.0,87990.0,laptops,0.0,"₹50,001–₹1,00,000"
Apple MacBook Pro Core i5 8th Gen - (8 GB/256 GB SSD/Mac OS Mojave) MUHP2HN/A,9915.0,,7.0,,129985.0,,139900.0,laptops,7.09,">₹1,00,000"
Asus ZenBook 13 Core i5 8th Gen - (8 GB/512 GB SSD/Windows 10 Home) UX331UAL-EG011T Thin and Light Lap...,15009.0,,18.0,,63990.0,4.5,78999.0,laptops,19.0,"₹50,001–₹1,00,000"
Avita Liber Core i5 8th Gen - (8 GB/256 GB SSD/Windows 10 Home) NS14A2IN212P Thin and Light Laptop,24000.0,,36.0,,41990.0,4.4,65990.0,laptops,36.37,"₹25,001–₹50,000"
HP Pavilion Core i5 9th Gen - (8 GB/1 TB HDD/256 GB SSD/Windows 10 Home/4 GB Graphics/NVIDIA Geforce G...,2000.0,,2.0,,82990.0,,84990.0,laptops,2.35,"₹50,001–₹1,00,000"
Microsoft Surface Pro Core i5 7th Gen - (4 GB/128 GB SSD/Windows 10 Pro) 1796 2 in 1 Laptop,0.0,,0.0,,79999.0,4.5,79999.0,laptops,0.0,"₹50,001–₹1,00,000"
Asus VIVOBOOK Core i3 8th Gen - (4 GB/512 GB SSD/Windows 10) X509FA Notebook,7000.0,,16.0,,35990.0,,42990.0,laptops,16.28,"₹25,001–₹50,000"
Asus VivoBook 14 APU Quad Core A12 - (4 GB/1 TB HDD/Windows 10 Home) X411QA-EK001T Thin and Light Lapt...,9875.0,,26.0,,26990.0,4.0,36865.0,laptops,26.79,"₹25,001–₹50,000"
Asus ROG Core i7 7th Gen - (8 GB/1 TB HDD/Windows 10 Home/4 GB Graphics/NVIDIA Geforce GTX 1050) GL553...,0.0,,0.0,,107990.0,4.3,107990.0,laptops,0.0,">₹1,00,000"
Dell G3 Series Core i5 8th Gen - (8 GB/1 TB HDD/128 GB SSD/Windows 10 Home/4 GB Graphics/NVIDIA Geforc...,18187.0,,23.0,,57990.0,4.4,76177.0,laptops,23.87,"₹50,001–₹1,00,000"
Asus ROG Strix Edition Core i7 7th Gen - (8 GB/1 TB HDD/128 GB SSD/Windows 10 Home/4 GB Graphics/NVIDI...,0.0,,0.0,,92990.0,4.0,92990.0,laptops,0.0,"₹50,001–₹1,00,000"
Acer Nitro 5 Core i7 9th Gen - (8 GB/1 TB HDD/256 GB SSD/Windows 10 Home/4 GB Graphics/NVIDIA Geforce ...,13295.0,,13.0,,85990.0,,99285.0,laptops,13.39,"₹50,001–₹1,00,000"
Asus X512FA Core i3 10th Gen - (4 GB/512 GB SSD/Windows 10 Home) X512FA-EJ372T Laptop,8000.0,,16.0,,40990.0,,48990.0,laptops,16.33,"₹25,001–₹50,000"
Lenovo Ideapad 520 Core i5 8th Gen - (4 GB/1 TB HDD/Windows 10 Home/2 GB Graphics) 520-15IKB Laptop,0.0,,0.0,,55139.0,,55139.0,laptops,0.0,"₹50,001–₹1,00,000"
HP 14q Core i5 8th Gen - (4 GB/1 TB HDD/Windows 10 Home) 14q-cs0007TU Laptop,3217.0,,6.0,,44990.0,3.3,48207.0,laptops,6.67,"₹25,001–₹50,000"
Lenovo Ideapad 500s Core i5 6th Gen - (4 GB/1 TB HDD/Windows 10 Home/2 GB Graphics) 500S-14ISK Laptop,0.0,,0.0,,53000.0,4.1,53000.0,laptops,0.0,"₹50,001–₹1,00,000"
Asus Core i5 8th Gen - (8 GB/1 TB HDD/Windows 10 Home/2 GB Graphics) R540UB-DM1197T Laptop,8620.0,,17.0,,39990.0,4.1,48610.0,laptops,17.73,"₹25,001–₹50,000"
Asus VivoBook 15 Core i3 7th Gen - (4 GB/1 TB HDD/Windows 10 Home) X543UA-DM342T Laptop,9601.0,,25.0,,27990.0,4.2,37591.0,laptops,25.54,"₹25,001–₹50,000"
HP 14 Core i5 8th Gen - (8 GB/256 GB SSD/Windows 10 Home) 14-bf120TU Laptop,15562.0,,21.0,,56998.0,,72560.0,laptops,21.45,"₹50,001–₹1,00,000"
Avita Liber Core i7 8th Gen - (8 GB/256 GB SSD/Windows 10 Home) NS14A2IN241P Thin and Light Laptop,4000.0,,5.0,,75990.0,,79990.0,laptops,5.0,"₹50,001–₹1,00,000"
Avita Liber Core i7 8th Gen - (8 GB/256 GB SSD/Windows 10 Home) NS14A2IN239P Thin and Light Laptop,4000.0,,5.0,,75990.0,,79990.0,laptops,5.0,"₹50,001–₹1,00,000"
Apple MacBook Core m3 7th Gen - (8 GB/256 GB SSD/Mac OS Sierra) MNYH2HN/A,7000.0,,5.0,,112990.0,,119990.0,laptops,5.83,">₹1,00,000"
Avita Liber Core i7 8th Gen - (8 GB/256 GB SSD/Windows 10 Home) NS14A2IN249P Thin and Light Laptop,4000.0,,5.0,,75990.0,,79990.0,laptops,5.0,"₹50,001–₹1,00,000"
Avita Liber Core i7 8th Gen - (8 GB/256 GB SSD/Windows 10 Home) NS14A2IN246P Thin and Light Laptop,4000.0,,5.0,,75990.0,,79990.0,laptops,5.0,"₹50,001–₹1,00,000"
Avita Liber Core i7 8th Gen - (8 GB/256 GB SSD/Windows 10 Home) NS14A2IN244P Thin and Light Laptop,4000.0,,5.0,,75990.0,,79990.0,laptops,5.0,"₹50,001–₹1,00,000"
HP G4 APU Dual Core A9 7th Gen - (4 GB/500 GB HDD/Windows 10 Home) 455 G4 Laptop,23800.0,,40.0,,35000.0,,58800.0,laptops,40.48,"₹25,001–₹50,000"
Dell Vostro 3000 Core i5 8th Gen - (8 GB/1 TB HDD/Windows 10 Home) 3480 Laptop,0.0,,0.0,,52174.0,4.0,52174.0,laptops,0.0,"₹50,001–₹1,00,000"
Lenovo 81N400EBIN Core i5 8th Gen - (8 GB/512 GB SSD/Windows 10 Home/2 GB Graphics) C340-14IWL Thin an...,29392.0,,26.0,,80498.0,,109890.0,laptops,26.75,"₹50,001–₹1,00,000"
Asus VivoBook 15 Core i7 8th Gen - (8 GB/1 TB HDD/256 GB SSD/Windows 10 Home/2 GB Graphics) X512FL-EJ2...,10000.0,,12.0,,69990.0,4.8,79990.0,laptops,12.5,"₹50,001–₹1,00,000"
Asus ROG Strix Hero II Core i7 8th Gen - (16 GB/1 TB HDD/256 GB SSD/Windows 10 Home/6 GB Graphics/NVID...,33000.0,,16.0,,164990.0,,197990.0,laptops,16.67,">₹1,00,000"
Avita Liber Core i7 8th Gen - (8 GB/256 GB SSD/Windows 10 Home) NS14A2IN247P Thin and Light Laptop,4000.0,,5.0,,75990.0,,79990.0,laptops,5.0,"₹50,001–₹1,00,000"
HP Chromebook x360 Core i3 8th Gen - (8 GB/64 GB EMMC Storage/Chrome OS) 14-da0003TU 2 in 1 Laptop,1891.0,,4.0,,44990.0,4.2,46881.0,laptops,4.03,"₹25,001–₹50,000"
Lenovo Ideapad 330 Core i3 8th Gen - (4 GB/1 TB HDD/Windows 10 Home) 330-15IKB Laptop,0.0,,0.0,,42490.0,,42490.0,laptops,0.0,"₹25,001–₹50,000"
Asus X Series Core i3 7th Gen - (4 GB/1 TB HDD/Endless) X540UA-GQ703 Laptop,8000.0,,23.0,,25990.0,4.1,33990.0,laptops,23.54,"₹25,001–₹50,000"
HP Spectre x360 Core i5 8th Gen - (8 GB/256 GB SSD/Windows 10 Pro) 13-ap0121TU 2 in 1 Laptop,0.0,,0.0,,151133.0,,151133.0,laptops,0.0,">₹1,00,000"
HP Spectre Folio x360 Core i7 8th Gen - (16 GB/512 GB SSD/Windows 10 Pro) 13-ak0040TU 2 in 1 Laptop,909.0,,0.0,,215000.0,,215909.0,laptops,0.42,">₹1,00,000"
HP Spectre x360 Core i7 8th Gen - (16 GB/512 GB SSD/Windows 10 Home) 13-ap0101TU 2 in 1 Laptop,0.0,,0.0,,172725.0,,172725.0,laptops,0.0,">₹1,00,000"
Acer Nitro 5 Core i5 9th Gen - (8 GB/1 TB HDD/Windows 10 Home/3 GB Graphics/NVIDIA Geforce GTX 1050) A...,22009.0,,26.0,,59990.0,,81999.0,laptops,26.84,"₹50,001–₹1,00,000"
HP CE Core i5 8th Gen - (8 GB/256 GB SSD/Windows 10 Home/2 GB Graphics) CE1000TX Thin and Light Laptop,12333.0,,15.0,,64990.0,,77323.0,laptops,15.95,"₹50,001–₹1,00,000"
Lenovo Ideapad 330 Ryzen 5 Quad Core - (4 GB/1 TB HDD/Windows 10 Home) 330-15ARR U Laptop,9587.0,,24.0,,29990.0,4.1,39577.0,laptops,24.22,"₹25,001–₹50,000"
HP Omen Core i5 7th Gen - (8 GB/1 TB HDD/128 GB SSD/Windows 10 Home/4 GB Graphics/NVIDIA Geforce GTX 1...,0.0,,0.0,,102551.0,,102551.0,laptops,0.0,">₹1,00,000"
Dell Core i5 5th Gen - (8 GB/1 TB HDD/Windows 10 Home/4 GB Graphics) 7548 Laptop,0.0,,0.0,,69500.0,1.6,69500.0,laptops,0.0,"₹50,001–₹1,00,000"
Dell Vostro 14 3000 Core i5 8th Gen - (8 GB/1 TB HDD/Windows 10 Home/2 GB Graphics) vos 3480 Laptop,10526.0,,19.0,,43990.0,4.1,54516.0,laptops,19.31,"₹25,001–₹50,000"
Acer Aspire 3 Celeron Dual Core - (2 GB/500 GB HDD/Linux) A315-31 Laptop,0.0,,0.0,,20500.0,3.9,20500.0,laptops,0.0,"₹10,001–₹25,000"
Avita Liber Core i3 8th Gen - (8 GB/128 GB SSD/Windows 10 Home) NS14A2IN190P Thin and Light Laptop,7000.0,,15.0,,38990.0,,45990.0,laptops,15.22,"₹25,001–₹50,000"
Microsoft Surface Go Pentium Gold - (8 GB/128 GB SSD/Windows 10 Home in S Mode) 1824 2 in 1 Laptop,1000.0,,1.0,,49999.0,4.4,50999.0,laptops,1.96,"₹25,001–₹50,000"
Alienware 15 Core i9 8th Gen - (32 GB/1 TB HDD/1 TB SSD/Windows 10 Home/8 GB Graphics/NVIDIA Geforce G...,619.0,,0.0,,320990.0,,321609.0,laptops,0.19,">₹1,00,000"
Dell Inspiron 14 3000 Series Core i3 7th Gen - (4 GB/1 TB HDD/Windows 10 Home) 3467 Laptop,2377.0,,7.0,,29990.0,3.8,32367.0,laptops,7.34,"₹25,001–₹50,000"
HP Pavilion 13 Core i5 8th Gen - (8 GB/256 GB SSD/Windows 10 Home) 13-an0046tu Thin and Light Laptop,0.0,,0.0,,79251.0,,79251.0,laptops,0.0,"₹50,001–₹1,00,000"
Dell Inspiron 15 7000 Series Core i5 8th Gen - (8 GB/1 TB HDD/128 GB SSD/Windows 10 Home/2 GB Graphics...,9086.0,,9.0,,81990.0,,91076.0,laptops,9.98,"₹50,001–₹1,00,000"
Apple Macbook Pro Core i7 8th Gen - (16 GB/512 GB SSD/Mac OS Mojave/4 GB Graphics) MR942HN/A,20000.0,,7.0,,239990.0,4.0,259990.0,laptops,7.69,">₹1,00,000"
Apple MacBook Pro Core i7 7th Gen - (16 GB/512 GB SSD/Mac OS Sierra/2 GB Graphics) MPTT2HN/A,15000.0,,6.0,,229990.0,,244990.0,laptops,6.12,">₹1,00,000"
HP Omen Core i5 7th Gen - (8 GB/1 TB HDD/128 GB SSD/Windows 10 Home/6 GB Graphics/NVIDIA Geforce GTX 1...,0.0,,0.0,,137098.0,,137098.0,laptops,0.0,">₹1,00,000"
Acer Swift 3 Core i5 8th Gen - (4 GB/256 GB SSD/Linux) SF314-52 Laptop,1000.0,,1.0,,49999.0,,50999.0,laptops,1.96,"₹25,001–₹50,000"
Avita Liber Core i5 8th Gen - (8 GB/256 GB SSD/Windows 10 Home) NS14A2IN206P Thin and Light Laptop,24000.0,,36.0,,41990.0,4.4,65990.0,laptops,36.37,"₹25,001–₹50,000"
Lenovo Ideapad S145 Core i3 10th Gen - (4 GB/1 TB HDD/Windows 10 Home) S145 Thin and Light Laptop,7292.0,,16.0,,35998.0,,43290.0,laptops,16.84,"₹25,001–₹50,000"
Smartron t.book flex Core m3 7th Gen - (4 GB/128 GB SSD/Windows 10 Home) T1223 2 in 1 Laptop,3500.0,,7.0,,42490.0,4.3,45990.0,laptops,7.61,"₹25,001–₹50,000"
HP 15q Ryzen 5 Quad Core - (4 GB/1 TB HDD/Windows 10 Home) 15q-dy0008AU Laptop,12422.0,,26.0,,33990.0,4.0,46412.0,laptops,26.76,"₹25,001–₹50,000"
Lenovo Ideapad S145 APU Dual Core A6 - (4 GB/1 TB HDD/Windows 10 Home) S145-14AST Thin and Light Lapto...,4090.0,,16.0,,20990.0,3.6,25080.0,laptops,16.31,"₹10,001–₹25,000"
Dell Inspiron 5000 Core i7 8th Gen - (8 GB/1 TB HDD/512 GB SSD/Windows 10 Home/4 GB Graphics) 5584 Lap...,6000.0,,6.0,,79990.0,4.4,85990.0,laptops,6.98,"₹50,001–₹1,00,000"
Dell Inspiron 5447 Notebook (4th Gen Ci5/ 4GB/ 1TB/ Win8.1/ 2GB Graph) (5447541TB2S),0.0,,0.0,,48300.0,3.9,48300.0,laptops,0.0,"₹25,001–₹50,000"
HP Chromebook Celeron Dual Core - (4 GB/64 GB EMMC Storage/Chrome OS) 14-ca003TU Laptop,6000.0,,20.0,,23990.0,4.0,29990.0,laptops,20.01,"₹10,001–₹25,000"
MSI GL Series Core i5 8th Gen - (8 GB/1 TB HDD/Windows 10 Home/4 GB Graphics/NVIDIA Geforce GTX 1050) ...,14000.0,,18.0,,60990.0,4.4,74990.0,laptops,18.67,"₹50,001–₹1,00,000"
Avita Liber Core i5 8th Gen - (8 GB/512 GB SSD/Windows 10 Home) NS14A2IN218P Thin and Light Laptop,4000.0,,5.0,,72990.0,,76990.0,laptops,5.2,"₹50,001–₹1,00,000"
Avita Liber Core i5 8th Gen - (8 GB/512 GB SSD/Windows 10 Home) NS14A2IN223P Thin and Light Laptop,4000.0,,5.0,,72990.0,,76990.0,laptops,5.2,"₹50,001–₹1,00,000"
Avita Liber Core i5 8th Gen - (8 GB/512 GB SSD/Windows 10 Home) NS14A2IN215P Thin and Light Laptop,4000.0,,5.0,,72990.0,,76990.0,laptops,5.2,"₹50,001–₹1,00,000"
Avita Liber Core i5 7th Gen - (8 GB/512 GB SSD/Windows 10 Home) NS13A1IN013P Thin and Light Laptop,6000.0,,7.0,,73990.0,,79990.0,laptops,7.5,"₹50,001–₹1,00,000"
Avita Liber Core i5 7th Gen - (8 GB/512 GB SSD/Windows 10 Home) NS13A1IN012P Thin and Light Laptop,6000.0,,7.0,,73990.0,,79990.0,laptops,7.5,"₹50,001–₹1,00,000"
Avita Liber Core i5 7th Gen - (8 GB/512 GB SSD/Windows 10 Home) NS13A1IN019P Thin and Light Laptop,6000.0,,7.0,,73990.0,,79990.0,laptops,7.5,"₹50,001–₹1,00,000"
MSI G Core i7 9th Gen - (16 GB/512 GB SSD/Windows 10 Home/6 GB Graphics/NVIDIA Geforce GTX 1660 Ti) GF...,0.0,,0.0,,104990.0,,104990.0,laptops,0.0,">₹1,00,000"
Dell Inspiron 3000 Core i7 9th Gen - (8 GB/1 TB HDD/512 GB SSD/Windows 10 Home/4 GB Graphics/NVIDIA Ge...,11000.0,,10.0,,96990.0,,107990.0,laptops,10.19,"₹50,001–₹1,00,000"
Asus VivoBook Ryzen 5 Quad Core - (8 GB/1 TB HDD/Windows 10 Home) X505ZA-EJ509TX505Z Thin and Light La...,7490.0,,17.0,,36500.0,4.2,43990.0,laptops,17.03,"₹25,001–₹50,000"
Lenovo Ideapad 330 Core i3 7th Gen - (4 GB/1 TB HDD/Windows 10 Home) 330-15IKB Laptop,0.0,,0.0,,43990.0,4.3,43990.0,laptops,0.0,"₹25,001–₹50,000"
HP 15 Core i5 8th Gen - (8 GB/1 TB HDD/Windows 10/2 GB Graphics) 15g-dr0006tx Laptop,10000.0,,15.0,,55990.0,4.1,65990.0,laptops,15.15,"₹50,001–₹1,00,000"
Lenovo Ideapad 330s Core i3 7th Gen - (4 GB/1 TB HDD/Windows 10 Home) 330S-15IKB Thin and Light Laptop,0.0,,0.0,,42309.0,4.0,42309.0,laptops,0.0,"₹25,001–₹50,000"
Dell Inspiron 13 5000 Core i7 8th Gen - (8 GB/256 GB SSD/Windows 10 Home/2 GB Graphics) 5370 Thin and ...,5674.0,,6.0,,78990.0,4.2,84664.0,laptops,6.7,"₹50,001–₹1,00,000"
HP Pavilion 13 Core i5 8th Gen - (8 GB/128 GB SSD/Windows 10 Home) 13-an0045tu Thin and Light Laptop,18022.0,,23.0,,57990.0,4.4,76012.0,laptops,23.71,"₹50,001–₹1,00,000"
Alienware 17 Core i9 8th Gen - (32 GB/1 TB HDD/1 TB SSD/Windows 10 Home/8 GB Graphics/NVIDIA Geforce G...,827.0,,0.0,,348990.0,,349817.0,laptops,0.24,">₹1,00,000"
Dell Inspiron 15 5000 Core i5 8th Gen - (8 GB/1 TB HDD/Windows 10 Home/2 GB Graphics) 5570 Laptop,19640.0,,28.0,,50350.0,3.9,69990.0,laptops,28.06,"₹50,001–₹1,00,000"
Asus Core i5 8th Gen - (4 GB/1 TB HDD/Windows 10 Home) X540UA-DM1027T Laptop,15000.0,,30.0,,33990.0,3.8,48990.0,laptops,30.62,"₹25,001–₹50,000"
Dell Inspiron 15 7000 Core i5 8th Gen - (8 GB/1 TB HDD/128 GB SSD/Windows 10 Home/4 GB Graphics) 7570 ...,3615.0,,4.0,,79990.0,4.6,83605.0,laptops,4.32,"₹50,001–₹1,00,000"
MSI Core i7 9th Gen - (16 GB/1 TB HDD/256 GB SSD/Windows 10 Home/6 GB Graphics/NVIDIA Geforce GTX 1660...,1000.0,,0.0,,133990.0,,134990.0,laptops,0.74,">₹1,00,000"
HP Pavilion Core i7 8th Gen - (8 GB/2 TB HDD/Windows 10 Home/4 GB Graphics) 15-CS1052TX Thin and Light...,5000.0,,5.0,,84990.0,,89990.0,laptops,5.56,"₹50,001–₹1,00,000"
Lenovo Legion Y530 Core i5 8th Gen - (8 GB/1 TB HDD/128 GB SSD/Windows 10 Home/4 GB Graphics/NVIDIA Ge...,17001.0,,17.0,,77999.0,4.3,95000.0,laptops,17.9,"₹50,001–₹1,00,000"
Dell Inspiron 5000 Core i7 8th Gen - (8 GB/256 GB SSD/Windows 10 Home/4 GB Graphics) 5370 Thin and Lig...,22542.0,,25.0,,65990.0,4.5,88532.0,laptops,25.46,"₹50,001–₹1,00,000"
HP 15 Ryzen 3 Dual Core - (4 GB/1 TB HDD/Windows 10 Home) 15-db0186AU Laptop,9000.0,,23.0,,28990.0,3.9,37990.0,laptops,23.69,"₹25,001–₹50,000"
Asus ZenBook 13 Core i5 8th Gen - (8 GB/512 GB SSD/Windows 10 Home) UX331FAL-EG003T Thin and Light Lap...,24000.0,,27.0,,61990.0,4.5,85990.0,laptops,27.91,"₹50,001–₹1,00,000"
Acer Aspire 3 Ryzen 5 Quad Core - (4 GB/1 TB HDD/Windows 10 Home) A315-41 Laptop,14115.0,,32.0,,28990.0,3.9,43105.0,laptops,32.75,"₹25,001–₹50,000"
Dell G3 Series Core i7 8th Gen - (8 GB/1 TB HDD/128 GB SSD/Windows 10 Home/4 GB Graphics/NVIDIA Geforc...,11151.0,,11.0,,86990.0,4.4,98141.0,laptops,11.36,"₹50,001–₹1,00,000"
iBall CompBook Pentium Quad Core - (4 GB/32 GB EMMC Storage/Windows 10 Home) Premio v3.0 Laptop,6009.0,,30.0,,13990.0,3.8,19999.0,laptops,30.05,"₹10,001–₹25,000"
Avita Liber Core i5 8th Gen - (8 GB/256 GB SSD/Windows 10 Home) NS14A2IN196P Thin and Light Laptop,24000.0,,36.0,,41990.0,4.4,65990.0,laptops,36.37,"₹25,001–₹50,000"
Lenovo Ideapad 320 APU Dual Core A6 - (4 GB/1 TB HDD/DOS) IP 320-15AST Laptop,3872.0,,15.0,,20990.0,3.9,24862.0,laptops,15.57,"₹10,001–₹25,000"
Apple MacBook Pro Core i9 8th Gen - (16 GB/512 GB SSD/Mac OS Mojave/4 GB Graphics) MV912HN,29910.0,,12.0,,209990.0,4.7,239900.0,laptops,12.47,">₹1,00,000"
MSI G Ryzen 7 Quad Core - (16 GB/1 TB HDD/256 GB SSD/Windows 10 Home/4 GB Graphics/AMD Radeon RX 5500M...,25000.0,,26.0,,69990.0,4.1,94990.0,laptops,26.32,"₹50,001–₹1,00,000"
Lenovo Ideapad 330 Core i5 8th Gen - (8 GB/1 TB HDD/Windows 10 Home/4 GB Graphics/NVIDIA Geforce GTX 1...,25700.0,,32.0,,53990.0,4.1,79690.0,laptops,32.25,"₹50,001–₹1,00,000"
Asus VivoBook 14 Core i5 8th Gen - (8 GB/512 GB SSD/Windows 10 Home) X412FA-EK295T Thin and Light Lapt...,15000.0,,22.0,,50990.0,4.4,65990.0,laptops,22.73,"₹50,001–₹1,00,000"
Apple MacBook Air Core i5 8th Gen - (8 GB/128 GB SSD/Mac OS Mojave) MRE82HN/A,7910.0,,6.0,,106990.0,4.7,114900.0,laptops,6.88,">₹1,00,000"
Asus TUF Core i5 8th Gen - (8 GB/1 TB HDD/128 GB SSD/Windows 10 Home/4 GB Graphics/NVIDIA Geforce GTX ...,16000.0,,19.0,,66990.0,4.5,82990.0,laptops,19.28,"₹50,001–₹1,00,000"
Acer NITRO 5 Core i5 9th Gen - (8 GB/1 TB HDD/256 GB SSD/Windows 10 Home/4 GB Graphics/NVIDIA Geforce ...,34009.0,,35.0,,62990.0,3.7,96999.0,laptops,35.06,"₹50,001–₹1,00,000"
Lenovo Ideapad S145 Core i3 7th Gen - (4 GB/1 TB HDD/Windows 10 Home) S145-15IKB Thin and Light Laptop,8300.0,,21.0,,29990.0,3.9,38290.0,laptops,21.68,"₹25,001–₹50,000"
Lenovo AMD Celeron Quad Core - (4 GB/1 TB HDD/Windows 10 Home) S145-15IGM Laptop,290.0,,1.0,,22500.0,3.7,22790.0,laptops,1.27,"₹10,001–₹25,000"
Dell Inspiron 7000 Core i5 6th Gen - (8 GB/1 TB HDD/8 GB SSD/Windows 10 Home/4 GB Graphics/NVIDIA Gefo...,0.0,,0.0,,88768.0,3.0,88768.0,laptops,0.0,"₹50,001–₹1,00,000"
HP DA Core i3 7th Gen - (4 GB/1 TB HDD/Windows 10 Home) 15-DA0410TU Laptop,2951.0,,8.0,,30499.0,4.3,33450.0,laptops,8.82,"₹25,001–₹50,000"
HP G7 Core i3 7th Gen - (4 GB/1 TB HDD/DOS) 250 G7 Laptop,2788.0,,8.0,,28499.0,4.1,31287.0,laptops,8.91,"₹25,001–₹50,000"
Asus ROG Strix Core i7 8th Gen - (8 GB/1 TB HDD/256 GB SSD/Windows 10 Home/4 GB Graphics/NVIDIA Geforc...,37000.0,,32.0,,76990.0,4.4,113990.0,laptops,32.46,"₹50,001–₹1,00,000"
Asus ROG Strix Core i5 8th Gen - (8 GB/1 TB HDD/256 GB SSD/Windows 10 Home/4 GB Graphics/NVIDIA Geforc...,4960.0,,5.0,,85990.0,4.5,90950.0,laptops,5.45,"₹50,001–₹1,00,000"
Lenovo Ideapad S340 Ryzen 3 Dual Core - (8 GB/1 TB HDD/128 GB SSD/Windows 10 Home) S340-14API Laptop,15400.0,,29.0,,36990.0,,52390.0,laptops,29.39,"₹25,001–₹50,000"
Asus 15.6 Ryzen 3 Dual Core - (4 GB/1 TB HDD/Windows 10 Home) X505ZA-EJ492TX505Z Laptop,2000.0,,5.0,,32990.0,3.6,34990.0,laptops,5.72,"₹25,001–₹50,000"
Dell Inspiron 15 5000 Core i5 8th Gen - (8 GB/2 TB HDD/Windows 10 Home/2 GB Graphics) 5570 Laptop,21500.0,,28.0,,52990.0,4.1,74490.0,laptops,28.86,"₹50,001–₹1,00,000"
Dell Vostro Core i3 6th Gen - (4 GB/1 TB HDD/Windows 10) 3568 Laptop,10090.0,,25.0,,29900.0,4.0,39990.0,laptops,25.23,"₹25,001–₹50,000"
Lenovo Ideapad S145 Pentium Gold - (4 GB/1 TB HDD/DOS) 81mvlenovo ideapad s145-15iwl u Laptop,7100.0,,22.0,,24990.0,3.6,32090.0,laptops,22.13,"₹10,001–₹25,000"
Acer Spin 3 Core i3 6th Gen - (4 GB/1 TB HDD/Windows 10 Home) SP315-51-3723 2 in 1 Laptop,13500.0,,28.0,,34490.0,3.5,47990.0,laptops,28.13,"₹25,001–₹50,000"
Asus X505ZA Ryzen 5 Quad Core 7th Gen - (4 GB/1 TB HDD/Windows 10 Home) X505ZA-EJ563T Laptop,8440.0,,20.0,,32550.0,,40990.0,laptops,20.59,"₹25,001–₹50,000"
MSI P Core i5 10th Gen - (8 GB/512 GB SSD/Windows 10 Home/2 GB Graphics) Prestige 14 A10RB-032IN Thin ...,10000.0,,11.0,,79990.0,4.3,89990.0,laptops,11.11,"₹50,001–₹1,00,000"
HP Pavilion 15 Core i5 8th Gen - (8 GB/1 TB HDD/Windows 10 Home/4 GB Graphics/NVIDIA Geforce GTX 1050)...,15697.0,,20.0,,59990.0,4.3,75687.0,laptops,20.74,"₹50,001–₹1,00,000"
Lenovo Ideapad S145 Core i3 8th Gen - (8 GB/1 TB HDD/Windows 10 Home/2 GB Graphics/NVIDIA Geforce NVID...,400.0,,0.0,,51990.0,,52390.0,laptops,0.76,"₹50,001–₹1,00,000"
Dell G3 15 3000 Series Core i5 8th Gen - (8 GB + 16 GB Optane/1 TB HDD/Windows 10 Home/4 GB Graphics/N...,11900.0,,15.0,,66590.0,4.4,78490.0,laptops,15.16,"₹50,001–₹1,00,000"
Dell Vostro 3000 Core i5 8th Gen - (4 GB/1 TB HDD/Linux) 3580 Laptop,2800.0,,5.0,,44990.0,,47790.0,laptops,5.86,"₹25,001–₹50,000"
Lenovo Ideapad S145 Core i3 7th Gen - (4 GB/1 TB HDD/Windows 10 Home) S145-15IKB Thin and Light Laptop,10890.0,,26.0,,30500.0,3.8,41390.0,laptops,26.31,"₹25,001–₹50,000"
Apple MacBook Air Core i5 8th Gen - (8 GB/128 GB SSD/Mac OS Mojave) MREE2HN/A,7910.0,,6.0,,106990.0,4.7,114900.0,laptops,6.88,">₹1,00,000"
Apple MacBook Air Core i5 5th Gen - (8 GB/128 GB SSD/Mac OS Sierra) A1466,6180.0,,7.0,,75990.0,4.6,82170.0,laptops,7.52,"₹50,001–₹1,00,000"
Apple MacBook Air Core i5 8th Gen - (8 GB/128 GB SSD/Mac OS Mojave) MREA2HN/A,8000.0,,6.0,,106990.0,4.7,114990.0,laptops,6.96,">₹1,00,000"
Microsoft Surface Pro 6 Core i7 8th Gen - (8 GB/256 GB SSD/Windows 10 Home) 1796 2 in 1 Laptop,31499.0,,22.0,,110500.0,,141999.0,laptops,22.18,">₹1,00,000"
Dell Inspiron 3000 Core i5 10th Gen - (4 GB/1 TB HDD/256 GB SSD/Windows 10 Home) 3593 Laptop,0.0,,0.0,,61844.0,5.0,61844.0,laptops,0.0,"₹50,001–₹1,00,000"
HP Pavilion x360 Core i3 8th Gen - (4 GB/256 GB SSD/Windows 10 Home) 14-dh0101TU 2 in 1 Laptop,3273.0,,6.0,,50490.0,4.4,53763.0,laptops,6.09,"₹50,001–₹1,00,000"
HP Pavilion x360 Core i7 8th Gen - (12 GB/512 GB SSD/Windows 10 Home/4 GB Graphics) 14-cd0056TX 2 in 1...,8958.0,,7.0,,109990.0,4.7,118948.0,laptops,7.53,">₹1,00,000"
Dell Inspiron 3000 Ryzen 5 Quad Core - (4 GB/1 TB HDD/Windows 10 Home) 3585 Laptop,0.0,,0.0,,37972.0,4.0,37972.0,laptops,0.0,"₹25,001–₹50,000"
HP Pavilion x360 Core i3 8th Gen - (4 GB/1 TB HDD/256 GB SSD/Windows 10 Home/2 GB Graphics) 14-dh0044T...,14005.0,,20.0,,55990.0,4.7,69995.0,laptops,20.01,"₹50,001–₹1,00,000"
MSI GL Core i7 7th Gen - (8 GB/1 TB HDD/Windows 10 Home/4 GB Graphics/NVIDIA Geforce GTX 1050) GL62 7R...,15000.0,,15.0,,79990.0,3.5,94990.0,laptops,15.79,"₹50,001–₹1,00,000"
HP DI Core i5 10th Gen - (8 GB/1 TB HDD/64 GB EMMC Storage/Windows 10 Home/2 GB Graphics) DI2001TX Lap...,922.0,,1.0,,67000.0,,67922.0,laptops,1.36,"₹50,001–₹1,00,000"
Acer Swift 3 Core i5 8th Gen - (8 GB + 16 GB Optane/1 TB HDD/Windows 10 Home/2 GB Graphics) SF315-52G-...,21991.0,,27.0,,57999.0,4.4,79990.0,laptops,27.49,"₹50,001–₹1,00,000"
Lenovo Thinpad E480 Core i3 7th Gen - (4 GB/500 GB HDD/Windows 10 Pro/512 MB Graphics) ThinkPad E480 L...,1806.0,,3.0,,55999.0,,57805.0,laptops,3.12,"₹50,001–₹1,00,000"
Lenovo Ideapad 520 Core i5 8th Gen - (8 GB/2 TB HDD/Windows 10 Home/2 GB Graphics) 520-15IKB Laptop,4000.0,,5.0,,75000.0,4.3,79000.0,laptops,5.06,"₹50,001–₹1,00,000"
Acer Aspire 3 APU Dual Core A4 - (4 GB/1 TB HDD/Windows 10 Home) A315-21 Laptop,5001.0,,16.0,,24999.0,4.0,30000.0,laptops,16.67,"₹10,001–₹25,000"
Dell Inspiron 5000 Core i5 7th Gen - (8 GB/1 TB HDD/Windows 10 Home) 5578 2 in 1 Laptop,2010.0,,2.0,,76990.0,4.2,79000.0,laptops,2.54,"₹50,001–₹1,00,000"
Dell Vostro 15 3000 Core i3 6th Gen - (4 GB/1 TB HDD/Windows 10 Home) 3568 Laptop,9000.0,,22.0,,30990.0,4.0,39990.0,laptops,22.51,"₹25,001–₹50,000"
Dell Inspiron 15 3000 Core i3 7th Gen - (4 GB/1 TB HDD/Windows 10 Home) 3567 Laptop,1.0,,0.0,,41209.0,3.8,41210.0,laptops,0.0,"₹25,001–₹50,000"
Asus VIVOBOOK APU Dual Core E2 - (4 GB/256 GB SSD/Windows 10 Home) E402YA-GA256T Thin and Light Laptop,11000.0,,35.0,,19990.0,3.9,30990.0,laptops,35.5,"₹10,001–₹25,000"
HP Pavilion Core i3 7th Gen - (8 GB/1 TB HDD/Windows 10 Home/2 GB Graphics) da0435tx Laptop,6334.0,,12.0,,44990.0,4.3,51324.0,laptops,12.34,"₹25,001–₹50,000"
HP Pavilion x360 Core i5 8th Gen - (8 GB + 16 GB Optane/1 TB HDD/Windows 10 Home/2 GB Graphics) 14-cd0...,6495.0,,7.0,,78990.0,4.3,85485.0,laptops,7.6,"₹50,001–₹1,00,000"
HP Pavilion Core i7 9th Gen - (8 GB/1 TB HDD/256 GB SSD/Windows 10 Home/4 GB Graphics/NVIDIA Geforce G...,6568.0,,6.0,,96990.0,4.9,103558.0,laptops,6.34,"₹50,001–₹1,00,000"
Dell Inspiron 15 5000 Core i3 6th Gen - (4 GB/1 TB HDD/Windows 10 Home) 5567 Laptop,10.0,,0.0,,36990.0,3.9,37000.0,laptops,0.03,"₹25,001–₹50,000"
HP G7 Ryzen 3 Dual Core - (4 GB/1 TB HDD/DOS) 245 G7 Laptop,4429.0,,16.0,,22490.0,3.9,26919.0,laptops,16.45,"₹10,001–₹25,000"
Dell Inspiron 15 5000 Core i5 8th Gen - (8 GB/2 TB HDD/Windows 10 Home/4 GB Graphics) 5570 Laptop,1010.0,,1.0,,76990.0,4.4,78000.0,laptops,1.29,"₹50,001–₹1,00,000"
Dell Inspiron 15 5000 Core i5 8th Gen - (8 GB/2 TB HDD/Windows 10 Home/2 GB Graphics) 5570 Laptop,6015.0,,8.0,,63985.0,4.2,70000.0,laptops,8.59,"₹50,001–₹1,00,000"
HP Pavilion x360 Core i7 10th Gen - (16 GB/512 GB SSD/Windows 10 Home/2 GB Graphics) 14-dh1026TX 2 in ...,5194.0,,4.0,,109900.0,,115094.0,laptops,4.51,">₹1,00,000"
HP 14q Core i3 7th Gen - (4 GB/1 TB HDD/Windows 10 Home) 14q-cs0014TU Laptop,0.0,,0.0,,36641.0,3.9,36641.0,laptops,0.0,"₹25,001–₹50,000"
HP Pavilion 15 Core i5 8th Gen - (8 GB/1 TB HDD/128 GB SSD/Windows 10 Home/4 GB Graphics/NVIDIA Geforc...,17134.0,,20.0,,65990.0,4.3,83124.0,laptops,20.61,"₹50,001–₹1,00,000"
HP Omen Core i7 8th Gen - (16 GB/1 TB HDD/256 GB SSD/Windows 10 Home/8 GB Graphics/NVIDIA Geforce RTX ...,4369.0,,2.0,,179990.0,4.0,184359.0,laptops,2.37,">₹1,00,000"
HP Pavilion Core i5 8th Gen - (8 GB/1 TB HDD/Windows 10 Home/4 GB Graphics/NVIDIA Geforce GTX 1050) 15...,18252.0,,21.0,,64990.0,,83242.0,laptops,21.93,"₹50,001–₹1,00,000"
Asus Ryzen 5 Quad Core - (8 GB/1 TB HDD/Windows 10 Home/4 GB Graphics/NVIDIA Geforce GTX 1050) F570ZD-...,14990.0,,23.0,,50000.0,4.2,64990.0,laptops,23.07,"₹25,001–₹50,000"
Dell Inspiron 13 7000 Core i5 8th Gen - (8 GB/256 GB SSD/Windows 10 Home) 7373 2 in 1 Laptop,7010.0,,8.0,,79990.0,,87000.0,laptops,8.06,"₹50,001–₹1,00,000"
HP Pavilion Core i5 7th Gen - (4 GB/1 TB HDD/Windows 10 Home/4 GB Graphics) 15-AU624TX Laptop,12569.0,,19.0,,50990.0,4.1,63559.0,laptops,19.78,"₹50,001–₹1,00,000"
HP Pavilion x360 Core i5 10th Gen - (8 GB/1 TB HDD/256 GB SSD/Windows 10 Home/2 GB Graphics) 14-dh1025...,9257.0,,9.0,,84799.0,,94056.0,laptops,9.84,"₹50,001–₹1,00,000"
HP 15 Core i5 8th Gen - (8 GB/1 TB HDD/DOS/2 GB Graphics) 15-da0077tx Laptop,7970.0,,13.0,,49929.0,4.3,57899.0,laptops,13.77,"₹25,001–₹50,000"
Lenovo Ideapad C340 Ryzen 3 Dual Core - (4 GB/256 GB SSD/Windows 10 Home) C340-14API 2 in 1 Laptop,16082.0,,27.0,,42608.0,,58690.0,laptops,27.4,"₹25,001–₹50,000"
Dell Core i3 6th Gen - (4 GB/1 TB HDD/Windows 10 Home) 5559 Laptop,510.0,,1.0,,45490.0,4.0,46000.0,laptops,1.11,"₹25,001–₹50,000"
HP Spectre X360 Core i7 8th Gen - (16 GB/512 GB SSD/Windows 10 Home) 13-AP0033DX 2 in 1 Laptop,53000.0,,26.0,,145990.0,,198990.0,laptops,26.63,">₹1,00,000"
Lenovo Ideapad C340 Ryzen 5 Quad Core - (8 GB/1 TB SSD/Windows 10 Home) C340-14API 2 in 1 Laptop,4000.0,,5.0,,66000.0,,70000.0,laptops,5.71,"₹50,001–₹1,00,000"
HP 200 APU Dual Core A6 7th Gen - (4 GB/1 TB HDD/DOS) 245 G7 Notebook Laptop,1990.0,,8.0,,20499.0,3.7,22489.0,laptops,8.85,"₹10,001–₹25,000"
Lenovo Ideapad S145 APU Dual Core A9 - (4 GB/1 TB HDD/Windows 10 Home) S145-15AST Laptop,7900.0,,26.0,,21990.0,,29890.0,laptops,26.43,"₹10,001–₹25,000"
Asus VIVOBOOK Core i3 7th Gen - (4 GB/1 TB HDD/DOS) X441UA-GA508 Laptop,8690.0,,26.0,,24300.0,3.9,32990.0,laptops,26.34,"₹10,001–₹25,000"
HP Pavilion 15 Core i5 8th Gen - (8 GB/1 TB HDD/8 GB SSD/Windows 10 Home/2 GB Graphics) 15-CC129TX Lap...,73.0,,0.0,,65390.0,4.4,65463.0,laptops,0.11,"₹50,001–₹1,00,000"
Dell Inspiron Core i5 7th Gen - (8 GB/1 TB HDD/Windows 10 Home/2 GB Graphics) 5567 Laptop,10.0,,0.0,,64990.0,4.1,65000.0,laptops,0.02,"₹50,001–₹1,00,000"
HP Pavilion x360 Core i5 8th Gen - (8 GB/1 TB HDD/128 GB SSD/Windows 10 Home) 14-cd0087TU 2 in 1 Lapto...,8795.0,,10.0,,74990.0,4.5,83785.0,laptops,10.5,"₹50,001–₹1,00,000"
Lenovo Ideapad 330 Core i5 8th Gen - (4 GB + 16 GB Optane/1 TB HDD/Windows 10 Home/4 GB Graphics) Idea...,1491.0,,2.0,,58499.0,,59990.0,laptops,2.49,"₹50,001–₹1,00,000"
AGB Orion Core i7 7th Gen - (16 GB/1 TB HDD/1 TB SSD/Windows 10/2 GB Graphics/Intel Integrated HD620) ...,22701.0,,22.0,,79299.0,,102000.0,laptops,22.26,"₹50,001–₹1,00,000"
HP Spectre x360 Core i5 8th Gen - (8 GB/256 GB SSD/Windows 10 Home) 13-ap0100TU 2 in 1 Laptop,30134.0,,22.0,,104990.0,,135124.0,laptops,22.3,">₹1,00,000"
Dell Inspiron 5000 Core i5 10th Gen - (8 GB/512 GB SSD/Windows 10 Home) 5491 Laptop,7344.0,,9.0,,71990.0,,79334.0,laptops,9.26,"₹50,001–₹1,00,000"
Dell Inspiron 5000 Core i7 6th Gen - (16 GB/2 TB HDD/Windows 10 Home/4 GB Graphics) 5559 Laptop,600.0,,0.0,,91400.0,3.7,92000.0,laptops,0.65,"₹50,001–₹1,00,000"
Lenovo Yoga S940 Core i7 8th Gen - (16 GB/1 TB SSD/Windows 10 Home) S940-14IWL Thin and Light Laptop,0.0,,0.0,,199999.0,,199999.0,laptops,0.0,">₹1,00,000"
Dell Inspiron 5000 Core i5 6th Gen - (8 GB/1 TB HDD/Windows 10 Home/4 GB Graphics) 5559 Laptop,1010.0,,1.0,,67990.0,3.8,69000.0,laptops,1.46,"₹50,001–₹1,00,000"
HP 240 G7 Core i3 7th Gen - (4 GB/256 GB SSD/DOS) 240 G7 Laptop,914.0,,3.0,,29449.0,4.3,30363.0,laptops,3.01,"₹25,001–₹50,000"
Lenovo V145 APU Dual Core A6 7th Gen - (4 GB/1 TB HDD/DOS) V145-15AST U Thin and Light Laptop,6201.0,,22.0,,20799.0,3.8,27000.0,laptops,22.97,"₹10,001–₹25,000"
Dell Core i5 6th Gen - (4 GB/1 TB HDD/Windows 10 Home/2 GB Graphics) 5559 Laptop,5010.0,,7.0,,63990.0,,69000.0,laptops,7.26,"₹50,001–₹1,00,000"
Dell Inspiron 5000 Core i5 7th Gen - (8 GB/2 TB HDD/Windows 10 Home/4 GB Graphics) 5567 Laptop,1000.0,,1.0,,84000.0,4.0,85000.0,laptops,1.18,"₹50,001–₹1,00,000"
Dell Inspiron Core i5 7th Gen - (8 GB/1 TB HDD/Windows 10 Home/2 GB Graphics) 5567 Laptop,1010.0,,1.0,,70990.0,4.1,72000.0,laptops,1.4,"₹50,001–₹1,00,000"
HP 14 Core i5 8th Gen - (8 GB/256 GB SSD/Windows 10 Home) 14-ce1000TU Laptop,15090.0,,21.0,,55900.0,3.0,70990.0,laptops,21.26,"₹50,001–₹1,00,000"
Dell Inspiron 15 7000 Core i7 8th Gen - (8 GB/1 TB HDD/256 GB SSD/Windows 10 Home/4 GB Graphics) 7570 ...,1000.0,,0.0,,109000.0,4.6,110000.0,laptops,0.91,">₹1,00,000"
Dell 3000 Core i5 7th Gen - (8 GB/1 TB HDD/Windows 10/2 GB Graphics) 3567 Laptop,2010.0,,2.0,,65990.0,3.6,68000.0,laptops,2.96,"₹50,001–₹1,00,000"
Dell 5000 Core i5 6th Gen - (8 GB/1 TB HDD/Windows 10 Home) 5568 2 in 1 Laptop,4050.0,,5.0,,71950.0,,76000.0,laptops,5.33,"₹50,001–₹1,00,000"
Dell 5000 Core i3 6th Gen - (4 GB/1 TB HDD/Windows 10 Home) 5368 2 in 1 Laptop,2010.0,,3.0,,60990.0,3.9,63000.0,laptops,3.19,"₹50,001–₹1,00,000"
HP ProBook Core i5 7th Gen - (4 GB/1 TB HDD/Windows 10 Pro) 440 Business Laptop,0.0,,0.0,,71060.0,,71060.0,laptops,0.0,"₹50,001–₹1,00,000"
HP G6 APU Dual Core A9 - (4 GB/1 TB HDD/DOS) 245-G6 Laptop,5470.0,,21.0,,19599.0,3.7,25069.0,laptops,21.82,"₹10,001–₹25,000"
Lenovo Ideapad 330S Core i5 8th Gen - (4 GB + 16 GB Optane/1 TB HDD/Windows 10 Home/512 MB Graphics) 8...,0.0,,0.0,,58000.0,,58000.0,laptops,0.0,"₹50,001–₹1,00,000"
Dell Inspiron 5000 Core i5 7th Gen - (8 GB/1 TB HDD/Windows 10 Home/4 GB Graphics) 5567 Laptop,6010.0,,8.0,,68990.0,4.0,75000.0,laptops,8.01,"₹50,001–₹1,00,000"
Dell Inspiron 5000 Core i5 10th Gen - (8 GB/512 GB SSD/Windows 10 Home/2 GB Graphics) 5491 Laptop,7537.0,,8.0,,81990.0,,89527.0,laptops,8.42,"₹50,001–₹1,00,000"
Lenovo Core i7-8550U Core i7 7th Gen - (16 GB/500 GB HDD/500 GB SSD/Windows 10/16 GB Graphics) ThinkPa...,0.0,,0.0,,225000.0,,225000.0,laptops,0.0,">₹1,00,000"
HP Core i5 6th Gen - (4 GB/500 GB HDD/DOS) 240 G5 Laptop,4000.0,,8.0,,43000.0,3.5,47000.0,laptops,8.51,"₹25,001–₹50,000"
HP Core i5 7th Gen - (4 GB/1 TB HDD/Windows 10 Home) 250 G6 Laptop,101.0,,0.0,,44498.0,4.2,44599.0,laptops,0.23,"₹25,001–₹50,000"
Asus VivoBook 15 Core i3 8th Gen - (4 GB/1 TB HDD/Windows 10 Home) X540UA-GQ2113T Laptop,11000.0,,26.0,,30990.0,4.1,41990.0,laptops,26.2,"₹25,001–₹50,000"
Smartron t.book flex Core m3 7th Gen - (4 GB/128 GB SSD/Windows 10 Home) T1223 2 in 1 Laptop,3000.0,,6.0,,42990.0,3.9,45990.0,laptops,6.52,"₹25,001–₹50,000"
HP 15 Athlon Dual Core - (4 GB/1 TB HDD/Windows 10 Home) 15-db1066AU Laptop,1086.0,,4.0,,23990.0,3.1,25076.0,laptops,4.33,"₹10,001–₹25,000"
Lenovo Ideapad 130 APU Dual Core A9 - (4 GB/1 TB HDD/Windows 10 Home/2 GB Graphics) 130-15AST Laptop,0.0,,0.0,,37690.0,3.8,37690.0,laptops,0.0,"₹25,001–₹50,000"
Acer Predator Triton 700 Core i7 7th Gen - (16 GB/1 TB SSD/Windows 10 Home/6 GB Graphics/NVIDIA Geforc...,90009.0,,47.0,,99990.0,3.0,189999.0,laptops,47.37,"₹50,001–₹1,00,000"
Lenovo Ideapad 330 Core i5 8th Gen - (4 GB + 16 GB Optane/1 TB HDD/Windows 10 Home/4 GB Graphics) 330-...,3450.0,,6.0,,49990.0,3.9,53440.0,laptops,6.46,"₹25,001–₹50,000"
Avita Magus Celeron Dual Core - (4 GB/64 GB EMMC Storage/Windows 10 Home) NS12T5IN003P 2 in 1 Laptop,1000.0,,4.0,,20490.0,3.5,21490.0,laptops,4.65,"₹10,001–₹25,000"
HP 15q Core i5 7th Gen - (4 GB/1 TB HDD/Windows 10 Home) 15q-ds0028TU Laptop,0.0,,0.0,,48571.0,4.1,48571.0,laptops,0.0,"₹25,001–₹50,000"
Asus ROG Strix Edition Core i7 8th Gen - (16 GB/1 TB HDD/256 GB SSD/Windows 10 Home/4 GB Graphics/NVID...,47000.0,,34.0,,90990.0,4.5,137990.0,laptops,34.06,"₹50,001–₹1,00,000"
Lenovo ideapad APU Quad Core A4 - (4 GB/1 TB HDD/Windows 10 Home) 130 Laptop,1790.0,,7.0,,21000.0,2.9,22790.0,laptops,7.85,"₹10,001–₹25,000"
HP G6 Core i3 7th Gen - (4 GB/1 TB HDD/DOS) 250-G6 Laptop,900.0,,2.0,,31899.0,,32799.0,laptops,2.74,"₹25,001–₹50,000"
Asus Vivobook Core i7 8th Gen - (8 GB/1 TB HDD/Windows 10 Home/2 GB Graphics) X510UN-EJ329T Laptop,7500.0,,10.0,,62000.0,3.6,69500.0,laptops,10.79,"₹50,001–₹1,00,000"
HP 14q Core i3 7th Gen - (8 GB/256 GB SSD/Windows 10 Home) 14q-cs0023TU Thin and Light Laptop,4178.0,,10.0,,34990.0,4.3,39168.0,laptops,10.67,"₹25,001–₹50,000"
HP Pavilion Ryzen 7 Quad Core - (8 GB/1 TB HDD/256 GB SSD/Windows 10 Home/6 GB Graphics/NVIDIA Geforce...,12403.0,,12.0,,84990.0,,97393.0,laptops,12.74,"₹50,001–₹1,00,000"
Lenovo Ideapad 520 Core i5 8th Gen - (8 GB/2 TB HDD/Windows 10 Home/4 GB Graphics) 520-15IKB Laptop,0.0,,0.0,,79090.0,,79090.0,laptops,0.0,"₹50,001–₹1,00,000"
Acer Swift 3 Core i5 8th Gen - (8 GB/1 TB HDD/Windows 10 Home) SF315-51 Laptop,22009.0,,31.0,,47990.0,3.4,69999.0,laptops,31.44,"₹25,001–₹50,000"
Lenovo Ideapad 120s Pentium Quad Core - (4 GB/128 GB SSD/Windows 10 Home) 120S-14IAP Thin and Light La...,5500.0,,15.0,,28990.0,,34490.0,laptops,15.95,"₹25,001–₹50,000"
Avita Liber Core i5 7th Gen - (8 GB/256 GB SSD/Windows 10 Home) NS14A1IN007P Thin and Light Laptop,36000.0,,47.0,,39990.0,4.3,75990.0,laptops,47.37,"₹25,001–₹50,000"
Acer Swift 3 Core i5 8th Gen - (8 GB/1 TB HDD/Windows 10 Home) SF315-51-50b5 Laptop,0.0,,0.0,,50999.0,,50999.0,laptops,0.0,"₹50,001–₹1,00,000"
Dell Inspiron 15 3000 Core i3 7th Gen - (4 GB/1 TB HDD/Windows 10/2 GB Graphics) 15 3576 Laptop,8000.0,,17.0,,36990.0,3.9,44990.0,laptops,17.78,"₹25,001–₹50,000"
Solid Men Black Track Pants,610.0,Wildcraft,38.0,wildcraft,989.0,,1599.0,mens_westernwear,38.15,"₹501–₹1,000"
Men Printed Casual Shirt,285.0,Louis Philippe Jeans,15.0,louis philippe jeans,1614.0,,1899.0,mens_westernwear,15.01,"₹1,001–₹5,000"
Men & Women Solid Ankle Length,262.0,ADIDAS,59.0,adidas,177.0,,439.0,mens_westernwear,59.68,<=₹500
Men & Women Solid Ankle Length,250.0,Jockey,55.0,jockey,199.0,,449.0,mens_westernwear,55.68,<=₹500
Men & Women Color Block Ankle Length,376.0,APPALON,62.0,appalon,223.0,,599.0,mens_westernwear,62.77,<=₹500
Men & Women Solid Ankle Length,451.0,PRAHARD,64.0,prahard,248.0,,699.0,mens_westernwear,64.52,<=₹500
Men & Women Ankle Length,294.0,ADIDAS,60.0,adidas,196.0,,490.0,mens_westernwear,60.0,<=₹500
Men Solid Ankle Length,687.0,Puma,68.0,puma,312.0,,999.0,mens_westernwear,68.77,<=₹500
"Color Block Men Round Neck White, Black T-Shirt",1600.0,FastColors,80.0,fastcolors,399.0,,1999.0,mens_westernwear,80.04,<=₹500
"Color Block Men Round Neck White, Maroon T-Shirt",1600.0,FastColors,80.0,fastcolors,399.0,,1999.0,mens_westernwear,80.04,<=₹500
"Solid Men Round Neck White, Blue, Yellow T-Shirt",2310.0,FastColors,77.0,fastcolors,689.0,,2999.0,mens_westernwear,77.03,"₹501–₹1,000"
Men Solid Ankle Length,220.0,Navy Sport,44.0,navy sport,279.0,,499.0,mens_westernwear,44.09,<=₹500
"Color Block Men Round Neck Dark Blue, White, Yellow T-S...",1600.0,FastColors,80.0,fastcolors,399.0,,1999.0,mens_westernwear,80.04,<=₹500
Men & Women Geometric Print Mid-Calf/Crew,280.0,HICODE,56.0,hicode,219.0,,499.0,mens_westernwear,56.11,<=₹500
"Men & Women Solid Low Cut, Peds/Footie/No-Show, Ankle L...",230.0,Sky World,57.0,sky world,169.0,,399.0,mens_westernwear,57.64,<=₹500
Abstract Men Hooded Neck Dark Blue T-Shirt,520.0,Tripr,57.0,tripr,379.0,,899.0,mens_westernwear,57.84,<=₹500
"Men Solid Peds/Footie/No-Show, Low Cut, Ankle Length",360.0,ME Stores,60.0,me stores,239.0,,599.0,mens_westernwear,60.1,<=₹500
"Men, Women Shapewear",359.0,Shivaay Trading Co.,71.0,shivaay trading co.,140.0,,499.0,mens_westernwear,71.94,<=₹500
Printed Men Boxer,1.0,Van Heusen,0.0,van heusen,478.0,,479.0,mens_westernwear,0.21,<=₹500
Printed Men Round Neck Black T-Shirt,715.0,Smartees,71.0,smartees,284.0,,999.0,mens_westernwear,71.57,<=₹500
"Solid Men Polo Neck White, Black T-Shirt",903.0,Try This,69.0,try this,396.0,,1299.0,mens_westernwear,69.52,<=₹500
"Solid Men s White, Black, Yellow T-Shirt",570.0,Maniac,59.0,maniac,389.0,,959.0,mens_westernwear,59.44,<=₹500
Men Color Block Mid-Calf/Crew,374.0,Slim Shine,62.0,slim shine,225.0,,599.0,mens_westernwear,62.44,<=₹500
Men & Women Self Design Ankle Length,260.0,hicode,52.0,hicode,239.0,,499.0,mens_westernwear,52.1,<=₹500
"Color Block Men Round Neck White, Black T-Shirt",1100.0,Aelomart,73.0,aelomart,399.0,,1499.0,mens_westernwear,73.38,<=₹500
Tripr Men Vest,670.0,,74.0,,229.0,,899.0,mens_westernwear,74.53,<=₹500
"Solid Men Mandarin Collar White, Black T-Shirt",1600.0,FastColors,80.0,fastcolors,399.0,,1999.0,mens_westernwear,80.04,<=₹500
"Solid Men Round Neck Green, Black T-Shirt",1899.0,London Hills,73.0,london hills,699.0,,2598.0,mens_westernwear,73.09,"₹501–₹1,000"
"Men & Women Solid, Self Design Mid-Calf/Crew",300.0,hicode,60.0,hicode,199.0,,499.0,mens_westernwear,60.12,<=₹500
Men Brief,1.0,Jockey,0.0,jockey,188.0,,189.0,mens_westernwear,0.53,<=₹500
"Striped Men Round Neck White, Blue T-Shirt",1601.0,FastColors,80.0,fastcolors,398.0,,1999.0,mens_westernwear,80.09,<=₹500
JUGULAR Men Vest,668.0,,75.0,,220.0,,888.0,mens_westernwear,75.23,<=₹500
"Men & Women Self Design, Solid Ankle Length",749.0,hicode,75.0,hicode,249.0,,998.0,mens_westernwear,75.05,<=₹500
Solid Men Multicolor Regular Shorts,174.0,BKS,29.0,bks,425.0,,599.0,mens_westernwear,29.05,<=₹500
"Men & Women Solid, Self Design Low Cut",346.0,LealDealz,63.0,lealdealz,199.0,,545.0,mens_westernwear,63.49,<=₹500
Men & Women Printed Ankle Length,169.0,YJ FASHION,33.0,yj fashion,330.0,,499.0,mens_westernwear,33.87,<=₹500
Color Block Men Round Neck Black T-Shirt,654.0,Try This,65.0,try this,345.0,,999.0,mens_westernwear,65.47,<=₹500
Graphic Print Men Round Neck Yellow T-Shirt,705.0,COBIO MAN,70.0,cobio man,294.0,,999.0,mens_westernwear,70.57,<=₹500
"Solid Men Blue, Black Sports Shorts",420.0,Wildcraft,35.0,wildcraft,779.0,,1199.0,mens_westernwear,35.03,"₹501–₹1,000"
Men Mid-Calf/Crew,275.0,Puma,58.0,puma,199.0,,474.0,mens_westernwear,58.02,<=₹500
Men & Women Printed Mid-Calf/Crew,300.0,ADIDAS,60.0,adidas,199.0,,499.0,mens_westernwear,60.12,<=₹500
Men Ankle Length,147.0,Jockey,40.0,jockey,220.0,,367.0,mens_westernwear,40.05,<=₹500
Men & Women Self Design Ankle Length,233.0,ADIDAS,55.0,adidas,190.0,,423.0,mens_westernwear,55.08,<=₹500
Color Block Men Round Neck Black T-Shirt,960.0,Seven Rocks,73.0,seven rocks,339.0,,1299.0,mens_westernwear,73.9,<=₹500
Striped Men Round Neck Dark Blue T-Shirt,550.0,Dillinger,61.0,dillinger,349.0,,899.0,mens_westernwear,61.18,<=₹500
Men Solid Mid-Calf/Crew,300.0,Navy Sport,50.0,navy sport,299.0,,599.0,mens_westernwear,50.08,<=₹500
"Printed Men Green, Beige Regular Shorts",625.0,Highlander,50.0,highlander,624.0,,1249.0,mens_westernwear,50.04,"₹501–₹1,000"
Slim Men Blue Jeans,850.0,Metronaut,56.0,metronaut,649.0,,1499.0,mens_westernwear,56.7,"₹501–₹1,000"
"Color Block Men Hooded Neck White, Blue, Yellow T-Shirt",1540.0,LEWEL,77.0,lewel,459.0,,1999.0,mens_westernwear,77.04,<=₹500
Solid Men Collared Neck Blue T-Shirt,198.0,JORKK,39.0,jorkk,299.0,,497.0,mens_westernwear,39.84,<=₹500
"Color Block Men Round Neck White, Black, Grey T-Shirt",2238.0,SCATCHITE,74.0,scatchite,759.0,,2997.0,mens_westernwear,74.67,"₹501–₹1,000"
Solid Men Light Blue Sports Shorts,1650.0,FastColors,82.0,fastcolors,349.0,,1999.0,mens_westernwear,82.54,<=₹500
Men Low Cut,242.0,ADIDAS,55.0,adidas,197.0,,439.0,mens_westernwear,55.13,<=₹500
"Typography Men Round or Crew Black, Orange T-Shirt",615.0,Young Trendz,68.0,young trendz,284.0,,899.0,mens_westernwear,68.41,<=₹500
Color Block Men Round Neck Blue T-Shirt,715.0,Diwazzo,71.0,diwazzo,284.0,,999.0,mens_westernwear,71.57,<=₹500
Solid Men V Neck Multicolor T-Shirt,1300.0,WEFT,72.0,weft,499.0,,1799.0,mens_westernwear,72.26,<=₹500
Solid Men Round Neck Dark Blue T-Shirt,300.0,Metronaut,50.0,metronaut,299.0,,599.0,mens_westernwear,50.08,<=₹500
Printed Men Black Regular Shorts,500.0,Tripr,55.0,tripr,399.0,,899.0,mens_westernwear,55.62,<=₹500
Typography Men Hooded Neck Multicolor T-Shirt,1000.0,Tripr,71.0,tripr,399.0,,1399.0,mens_westernwear,71.48,<=₹500
Men & Women Printed Bandana,340.0,ashirwad,56.0,ashirwad,259.0,,599.0,mens_westernwear,56.76,<=₹500
Men's & Women's Solid Peds/Footie/No-Show,341.0,Vectora,66.0,vectora,170.0,,511.0,mens_westernwear,66.73,<=₹500
"Printed Men Dark Blue, White Regular Shorts",500.0,Tripr,55.0,tripr,399.0,,899.0,mens_westernwear,55.62,<=₹500
Wearza Men Vest,600.0,,60.0,,399.0,,999.0,mens_westernwear,60.06,<=₹500
"Striped Men Round Neck Black, Light Green T-Shirt",1073.0,Aelomart,71.0,aelomart,426.0,,1499.0,mens_westernwear,71.58,<=₹500
Slim Men Black Jeans,630.0,Urbano Fashion,52.0,urbano fashion,569.0,,1199.0,mens_westernwear,52.54,"₹501–₹1,000"
"Color Block Men Round or Crew White, Blue T-Shirt",640.0,Try This,64.0,try this,359.0,,999.0,mens_westernwear,64.06,<=₹500
"Solid Men Round Neck Blue, Grey T-Shirt",1600.0,FastColors,80.0,fastcolors,399.0,,1999.0,mens_westernwear,80.04,<=₹500
"Checkered Men Black, Grey Regular Shorts",1040.0,Tripr,74.0,tripr,359.0,,1399.0,mens_westernwear,74.34,<=₹500
Men & Women Printed Ankle Length,320.0,hicode,64.0,hicode,179.0,,499.0,mens_westernwear,64.13,<=₹500
Printed Men Round Neck Reversible White T-Shirt,801.0,NB NICKY BOY,72.0,nb nicky boy,299.0,,1100.0,mens_westernwear,72.82,<=₹500
Skinny Men Blue Jeans,1078.0,Wrangler 20X,45.0,wrangler 20x,1317.0,,2395.0,mens_westernwear,45.01,"₹1,001–₹5,000"
Printed Men Hooded Neck Black T-Shirt,763.0,Vimal Jonney,76.0,vimal jonney,236.0,,999.0,mens_westernwear,76.38,<=₹500
Color Block Men Round Neck Red T-Shirt,501.0,The EG Store,62.0,the eg store,298.0,,799.0,mens_westernwear,62.7,<=₹500
Applique Men Dark Blue Track Pants,454.0,Metronaut,41.0,metronaut,645.0,,1099.0,mens_westernwear,41.31,"₹501–₹1,000"
Printed Men Round Neck Yellow T-Shirt,726.0,Smartees,72.0,smartees,273.0,,999.0,mens_westernwear,72.67,<=₹500
Color Block Men Round Neck Red T-Shirt,650.0,Try This,65.0,try this,349.0,,999.0,mens_westernwear,65.07,<=₹500
ST-100 Solid Men Raincoat,105.0,HighLands,21.0,highlands,394.0,,499.0,mens_westernwear,21.04,<=₹500
"Color Block Men Hooded Neck White, Blue, Orange T-Shirt",1540.0,LEWEL,77.0,lewel,459.0,,1999.0,mens_westernwear,77.04,<=₹500
Men Printed Ankle Length,624.0,YJ FASHION,69.0,yj fashion,275.0,,899.0,mens_westernwear,69.41,<=₹500
Color Block Men Asymmetric Neck Maroon T-Shirt,670.0,Try This,67.0,try this,329.0,,999.0,mens_westernwear,67.07,<=₹500
Men & Women Solid Ankle Length,120.0,ADIDAS,40.0,adidas,179.0,,299.0,mens_westernwear,40.13,<=₹500
"Solid Men Round Neck Dark Blue, Black, Yellow T-Shirt",1600.0,FastColors,80.0,fastcolors,399.0,,1999.0,mens_westernwear,80.04,<=₹500
Men Self Design Casual Button Down Shirt,1350.0,IndoPrimo,67.0,indoprimo,649.0,,1999.0,mens_westernwear,67.53,"₹501–₹1,000"
Checkered Men Boxer,669.0,Joven,55.0,joven,530.0,,1199.0,mens_westernwear,55.8,"₹501–₹1,000"
"Solid Men Black, Grey Regular Shorts",540.0,Tripr,60.0,tripr,359.0,,899.0,mens_westernwear,60.07,<=₹500
Checkered Men Polo Neck Blue T-Shirt,550.0,Try This,55.0,try this,449.0,,999.0,mens_westernwear,55.06,<=₹500
"Solid Men Round Neck White, Black, Grey T-Shirt",1101.0,Young Trendz,61.0,young trendz,698.0,,1799.0,mens_westernwear,61.2,"₹501–₹1,000"
Solid Men Grey Track Pants,975.0,Mountain colours,54.0,mountain colours,825.0,,1800.0,mens_westernwear,54.17,"₹501–₹1,000"
Men & Women Striped Ankle Length,699.0,HICODE,70.0,hicode,299.0,,998.0,mens_westernwear,70.04,<=₹500
Men's Ankle Length,376.0,kit king,62.0,kit king,223.0,,599.0,mens_westernwear,62.77,<=₹500
Solid Men Round Neck Black T-Shirt,300.0,Metronaut,50.0,metronaut,299.0,,599.0,mens_westernwear,50.08,<=₹500
Jockey Men Vest,1.0,,0.0,,536.0,,537.0,mens_westernwear,0.19,"₹501–₹1,000"
Solid Men Round Neck Multicolor T-Shirt,750.0,Try This,75.0,try this,249.0,,999.0,mens_westernwear,75.08,<=₹500
"Solid Men Round Neck White, Blue T-Shirt",1600.0,FastColors,80.0,fastcolors,399.0,,1999.0,mens_westernwear,80.04,<=₹500
"Color Block Men Round Neck Green, Black T-Shirt",1110.0,Wrath,74.0,wrath,389.0,,1499.0,mens_westernwear,74.05,<=₹500
Tripr Men Vest,998.0,,66.0,,501.0,,1499.0,mens_westernwear,66.58,"₹501–₹1,000"
Checkered Men Boxer,340.0,Joven,48.0,joven,359.0,,699.0,mens_westernwear,48.64,<=₹500
"Solid Men Polo Neck White, Black T-Shirt",930.0,Seven Rocks,71.0,seven rocks,369.0,,1299.0,mens_westernwear,71.59,<=₹500
Men & Women Self Design Ankle Length,384.0,Beardland,76.0,beardland,115.0,,499.0,mens_westernwear,76.95,<=₹500
Men & Women Ankle Length,169.0,ADIDAS,48.0,adidas,183.0,,352.0,mens_westernwear,48.01,<=₹500
"Solid Men Round Neck Dark Blue, Red, Black T-Shirt",1600.0,FastColors,80.0,fastcolors,399.0,,1999.0,mens_westernwear,80.04,<=₹500
Black Polo Baseball Cap,300.0,Huntsman Era,50.0,huntsman era,299.0,,599.0,mens_westernwear,50.08,<=₹500
"Solid Men Black, Grey Sports Shorts",1772.0,Checkersbay,65.0,checkersbay,928.0,,2700.0,mens_westernwear,65.63,"₹501–₹1,000"
Solid Men Mandarin Collar Dark Blue T-Shirt,670.0,Try This,67.0,try this,329.0,,999.0,mens_westernwear,67.07,<=₹500
"Color Block Men Round Neck White, Blue, Grey T-Shirt",705.0,AUSK,70.0,ausk,294.0,,999.0,mens_westernwear,70.57,<=₹500
Solid Men Round or Crew Black T-Shirt,700.0,UZEE,70.0,uzee,299.0,,999.0,mens_westernwear,70.07,<=₹500
Men Striped Casual Slim Shirt,1800.0,Dennis Lingo,72.0,dennis lingo,699.0,,2499.0,mens_westernwear,72.03,"₹501–₹1,000"
"Solid Men Round Neck Blue, Grey T-Shirt",1754.0,FastColors,73.0,fastcolors,645.0,,2399.0,mens_westernwear,73.11,"₹501–₹1,000"
Self Design Men Henley Black T-Shirt,670.0,Try This,67.0,try this,329.0,,999.0,mens_westernwear,67.07,<=₹500
Solid Men Round Neck Grey T-Shirt,715.0,SCATCHITE,71.0,scatchite,284.0,,999.0,mens_westernwear,71.57,<=₹500
Solid Men Black Track Pants,1500.0,FastColors,75.0,fastcolors,499.0,,1999.0,mens_westernwear,75.04,<=₹500
Men & Women Printed Bandana,230.0,Aantic,57.0,aantic,169.0,,399.0,mens_westernwear,57.64,<=₹500
Striped Men Round Neck Yellow T-Shirt,1094.0,Roden,72.0,roden,405.0,,1499.0,mens_westernwear,72.98,<=₹500
Printed Men Round or Crew Orange T-Shirt,565.0,Young Trendz,66.0,young trendz,284.0,,849.0,mens_westernwear,66.55,<=₹500
"Printed Men Round or Crew Maroon, Black T-Shirt",415.0,Young Trendz,59.0,young trendz,284.0,,699.0,mens_westernwear,59.37,<=₹500
"Striped Men Round Neck White, Maroon T-Shirt",1073.0,Aelomart,71.0,aelomart,426.0,,1499.0,mens_westernwear,71.58,<=₹500
Solid Men Turtle Neck Black T-Shirt,549.0,Black Collection,49.0,black collection,550.0,,1099.0,mens_westernwear,49.95,"₹501–₹1,000"
"Men, Women Shapewear",730.0,Svello,73.0,svello,269.0,,999.0,mens_westernwear,73.07,<=₹500
"Self Design Men Red, Blue, Yellow Regular Shorts",410.0,BIS Creations,51.0,bis creations,389.0,,799.0,mens_westernwear,51.31,<=₹500
Men Brief,0.0,Jockey,0.0,jockey,259.0,,259.0,mens_westernwear,0.0,<=₹500
Printed Men Round Neck Reversible White T-Shirt,751.0,NB NICKY BOY,68.0,nb nicky boy,349.0,,1100.0,mens_westernwear,68.27,<=₹500
Printed Men Polo Neck Yellow T-Shirt,600.0,Louis Philippe Jeans,40.0,louis philippe jeans,899.0,,1499.0,mens_westernwear,40.03,"₹501–₹1,000"
Men & Women Printed Ankle Length,200.0,RaaX,50.0,raax,199.0,,399.0,mens_westernwear,50.13,<=₹500
Men & Women Printed Mid-Calf/Crew,351.0,Rc. Royal Class,54.0,rc. royal class,299.0,,650.0,mens_westernwear,54.0,<=₹500
Checkered Men Polo Neck Black T-Shirt,560.0,Try This,56.0,try this,439.0,,999.0,mens_westernwear,56.06,<=₹500
Men & Women Printed Ankle Length,252.0,ADIDAS,57.0,adidas,187.0,,439.0,mens_westernwear,57.4,<=₹500
"Color Block Men V Neck Dark Blue, Grey T-Shirt",550.0,Tripr,61.0,tripr,349.0,,899.0,mens_westernwear,61.18,<=₹500
"Women, Men Shapewear",454.0,Shopeleven,75.0,shopeleven,145.0,,599.0,mens_westernwear,75.79,<=₹500
"Checkered Men Blue, Black Track Pants",898.0,Tripr,64.0,tripr,501.0,,1399.0,mens_westernwear,64.19,"₹501–₹1,000"
"Color Block Men Red, Black Track Pants",1500.0,FastColors,75.0,fastcolors,499.0,,1999.0,mens_westernwear,75.04,<=₹500
Geometric Print Men Round Neck Blue T-Shirt,654.0,Try This,65.0,try this,345.0,,999.0,mens_westernwear,65.47,<=₹500
Printed Men Dark Blue Track Pants,898.0,Tripr,64.0,tripr,501.0,,1399.0,mens_westernwear,64.19,"₹501–₹1,000"
Zone Stretch Men Trunk,1.0,Jockey,0.0,jockey,278.0,,279.0,mens_westernwear,0.36,<=₹500
Printed Men Round Neck White T-Shirt,500.0,Maniac,57.0,maniac,369.0,,869.0,mens_westernwear,57.54,<=₹500
"Striped Men Round Neck White, Maroon T-Shirt",1600.0,FastColors,80.0,fastcolors,399.0,,1999.0,mens_westernwear,80.04,<=₹500
"Striped Men Polo Neck Dark Blue, Red, Grey T-Shirt",135.0,Duke,15.0,duke,760.0,,895.0,mens_westernwear,15.08,"₹501–₹1,000"
"Solid Men Round Neck Dark Blue, Grey T-Shirt",535.0,Maniac,63.0,maniac,314.0,,849.0,mens_westernwear,63.02,<=₹500
Graphic Print Men Black Basic Shorts,200.0,Hotfits,40.0,hotfits,299.0,,499.0,mens_westernwear,40.08,<=₹500
"Color Block Men Round Neck Green, Black T-Shirt",1100.0,Wrath,73.0,wrath,399.0,,1499.0,mens_westernwear,73.38,<=₹500
Tapered Men Dark Green Lycra Blend Trousers,855.0,CHROME & CORAL,60.0,chrome & coral,570.0,,1425.0,mens_westernwear,60.0,"₹501–₹1,000"
Solid Men V-neck Grey T-Shirt,300.0,Metronaut,50.0,metronaut,299.0,,599.0,mens_westernwear,50.08,<=₹500
Striped Men Round Neck Maroon T-Shirt,1730.0,UZEE,86.0,uzee,269.0,,1999.0,mens_westernwear,86.54,<=₹500
Solid Men Round Neck Dark Green T-Shirt,300.0,Metronaut,50.0,metronaut,299.0,,599.0,mens_westernwear,50.08,<=₹500
Men Solid Ankle Length,200.0,Navy Sport,40.0,navy sport,299.0,,499.0,mens_westernwear,40.08,<=₹500
Solid Men High Neck Black T-Shirt,549.0,Black Collection,49.0,black collection,550.0,,1099.0,mens_westernwear,49.95,"₹501–₹1,000"
Solid Men & Women Raincoat,1604.0,AMEXTRIAN,80.0,amextrian,395.0,,1999.0,mens_westernwear,80.24,<=₹500
Slim Men Blue Jeans,950.0,Highlander,50.0,highlander,949.0,,1899.0,mens_westernwear,50.03,"₹501–₹1,000"
"Color Block Men Round Neck White, Maroon T-Shirt",1073.0,Aelomart,71.0,aelomart,426.0,,1499.0,mens_westernwear,71.58,<=₹500
Men & Women Self Design Ankle Length,300.0,ADIDAS,60.0,adidas,199.0,,499.0,mens_westernwear,60.12,<=₹500
Solid Protective Men Gloves,229.0,Alexa India,65.0,alexa india,120.0,,349.0,mens_westernwear,65.62,<=₹500
"Color Block Men Red, Blue Track Pants",1500.0,FastColors,75.0,fastcolors,499.0,,1999.0,mens_westernwear,75.04,<=₹500
Solid Men Hooded Black T-Shirt,550.0,Gritstones,61.0,gritstones,349.0,,899.0,mens_westernwear,61.18,<=₹500
Solid Men Round Neck Multicolor T-Shirt,1600.0,FastColors,80.0,fastcolors,399.0,,1999.0,mens_westernwear,80.04,<=₹500
Men Color Block Casual Shirt,810.0,Tripr,57.0,tripr,589.0,,1399.0,mens_westernwear,57.9,"₹501–₹1,000"
"Solid Men Red, Blue Regular Shorts",1650.0,FastColors,82.0,fastcolors,349.0,,1999.0,mens_westernwear,82.54,<=₹500
Solid Men Round Neck Grey T-Shirt,1200.0,Wrath,80.0,wrath,299.0,,1499.0,mens_westernwear,80.05,<=₹500
Men Solid Ankle Length,440.0,Jockey,63.0,jockey,249.0,,689.0,mens_westernwear,63.86,<=₹500
Solid Men Black Sports Shorts,450.0,Highlander,50.0,highlander,449.0,,899.0,mens_westernwear,50.06,<=₹500
Slim Men Black Jeans,1017.0,Highlander,55.0,highlander,832.0,,1849.0,mens_westernwear,55.0,"₹501–₹1,000"
Printed Men Round Neck Dark Blue T-Shirt,725.0,Smartees,72.0,smartees,274.0,,999.0,mens_westernwear,72.57,<=₹500
Solid Men Collared Neck Red T-Shirt,830.0,Black Collection,59.0,black collection,569.0,,1399.0,mens_westernwear,59.33,"₹501–₹1,000"
"Solid Men Dark Blue, Grey Sports Shorts",1713.0,Checkersbay,63.0,checkersbay,987.0,,2700.0,mens_westernwear,63.44,"₹501–₹1,000"
Men & Women Ankle Length,224.0,CALVADOR,44.0,calvador,275.0,,499.0,mens_westernwear,44.89,<=₹500
Solid Men Turtle Neck Black T-Shirt,640.0,Try This,64.0,try this,359.0,,999.0,mens_westernwear,64.06,<=₹500
Striped Men Polo Neck Multicolor T-Shirt,1334.0,SCATCHITE,66.0,scatchite,664.0,,1998.0,mens_westernwear,66.77,"₹501–₹1,000"
Slim Fit Men Blue Cotton Blend Trousers,806.0,Highlander,52.0,highlander,743.0,,1549.0,mens_westernwear,52.03,"₹501–₹1,000"
Printed Men Round Neck White T-Shirt,715.0,Smartees,71.0,smartees,284.0,,999.0,mens_westernwear,71.57,<=₹500
Printed Men Hooded Neck Black T-Shirt,1020.0,Tripr,72.0,tripr,379.0,,1399.0,mens_westernwear,72.91,<=₹500
Men's Solid Ankle Length,400.0,Glinto,57.0,glinto,299.0,,699.0,mens_westernwear,57.22,<=₹500
FastColors Men Vest,1760.0,,88.0,,239.0,,1999.0,mens_westernwear,88.04,<=₹500
Solid Men Hooded Black T-Shirt,251.0,hero & piyush,54.0,hero & piyush,208.0,,459.0,mens_westernwear,54.68,<=₹500
"Solid Men Round Neck Red, White, Blue T-Shirt",2311.0,FastColors,77.0,fastcolors,688.0,,2999.0,mens_westernwear,77.06,"₹501–₹1,000"
Men Argyle Mid-Calf/Crew,300.0,Arkyle,50.0,arkyle,299.0,,599.0,mens_westernwear,50.08,<=₹500
Solid Men Collared Neck Black T-Shirt,198.0,JORKK,39.0,jorkk,299.0,,497.0,mens_westernwear,39.84,<=₹500
Solid Men Henley Neck Light Blue T-Shirt,323.0,Campus Sutra,43.0,campus sutra,426.0,,749.0,mens_westernwear,43.12,<=₹500
Solid Protective Men Gloves,600.0,Cotson,66.0,cotson,299.0,,899.0,mens_westernwear,66.74,<=₹500
Solid Men Mandarin Collar Dark Green T-Shirt,550.0,Metronaut,50.0,metronaut,549.0,,1099.0,mens_westernwear,50.05,"₹501–₹1,000"
Self Design Men V-neck Blue T-Shirt,660.0,Try This,66.0,try this,339.0,,999.0,mens_westernwear,66.07,<=₹500
Men & Women Striped Peds/Footie/No-Show,479.0,ME Stores,63.0,me stores,270.0,,749.0,mens_westernwear,63.95,<=₹500
Men Military Camouflage Casual Spread Shirt,610.0,BASE 41,55.0,base 41,489.0,,1099.0,mens_westernwear,55.51,<=₹500
Men & Women Solid Mid-Calf/Crew,310.0,ADIDAS,62.0,adidas,189.0,,499.0,mens_westernwear,62.12,<=₹500
Solid Men Round Neck Blue T-Shirt,668.0,GHPC,66.0,ghpc,331.0,,999.0,mens_westernwear,66.87,<=₹500
"Solid Men s Red, White, Black T-Shirt",570.0,Maniac,59.0,maniac,389.0,,959.0,mens_westernwear,59.44,<=₹500
Men & Women Solid Mid-Calf/Crew,249.0,ADIDAS,56.0,adidas,190.0,,439.0,mens_westernwear,56.72,<=₹500
Solid Men Black Track Pants,800.0,JUGULAR,57.0,jugular,599.0,,1399.0,mens_westernwear,57.18,"₹501–₹1,000"
"Self Design Men Round Neck Maroon, Black T-Shirt",1050.0,Aelomart,70.0,aelomart,449.0,,1499.0,mens_westernwear,70.05,<=₹500
Striped Men s Yellow T-Shirt,900.0,Seven Rocks,69.0,seven rocks,399.0,,1299.0,mens_westernwear,69.28,<=₹500
Men & Women Solid Mid-Calf/Crew,252.0,ADIDAS,57.0,adidas,187.0,,439.0,mens_westernwear,57.4,<=₹500
Regular Fit Men Black Polyester Blend Trousers,1445.0,AD & AV,72.0,ad & av,554.0,,1999.0,mens_westernwear,72.29,"₹501–₹1,000"
"Men's, Women's Shapewear",1030.0,Svello,79.0,svello,269.0,,1299.0,mens_westernwear,79.29,<=₹500
Skinny Men Blue Jeans,1050.0,Flying Machine,47.0,flying machine,1149.0,,2199.0,mens_westernwear,47.75,"₹1,001–₹5,000"
"Solid Men Dark Blue, Black, Grey Sports Shorts",1713.0,Checkersbay,63.0,checkersbay,987.0,,2700.0,mens_westernwear,63.44,"₹501–₹1,000"
Men Brief,0.0,Jockey,0.0,jockey,289.0,,289.0,mens_westernwear,0.0,<=₹500
Typography Men Round Neck White T-Shirt,732.0,BFB,73.0,bfb,267.0,,999.0,mens_westernwear,73.27,<=₹500
Solid Protective Men & Women Gloves,200.0,Bsquare,50.0,bsquare,199.0,,399.0,mens_westernwear,50.13,<=₹500
Regular Men Black Jeans,715.0,Highlander,55.0,highlander,584.0,,1299.0,mens_westernwear,55.04,"₹501–₹1,000"
Men Calf Length,290.0,Navy Sport,48.0,navy sport,309.0,,599.0,mens_westernwear,48.41,<=₹500
Typography Men Round or Crew Multicolor T-Shirt,130.0,Duke,15.0,duke,735.0,,865.0,mens_westernwear,15.03,"₹501–₹1,000"
Solid Men Blue Track Pants,1500.0,FastColors,75.0,fastcolors,499.0,,1999.0,mens_westernwear,75.04,<=₹500
Men Solid Formal Slim Shirt,600.0,FabTag - Deeksha,60.0,fabtag - deeksha,399.0,,999.0,mens_westernwear,60.06,<=₹500
Printed Men Round Neck Yellow T-Shirt,700.0,MoochSingh,70.0,moochsingh,299.0,,999.0,mens_westernwear,70.07,<=₹500
Slim Fit Men Multicolor Polycotton Trousers,1265.0,CLASSIO FASHION,57.0,classio fashion,934.0,,2199.0,mens_westernwear,57.53,"₹501–₹1,000"
HAP Men Vest,318.0,,38.0,,502.0,,820.0,mens_westernwear,38.78,"₹501–₹1,000"
"Men's Ankle Length, Low Cut",374.0,SLIMSHINE,53.0,slimshine,325.0,,699.0,mens_westernwear,53.51,<=₹500
Printed Men Round Neck Multicolor T-Shirt,430.0,Smartees,43.0,smartees,569.0,,999.0,mens_westernwear,43.04,"₹501–₹1,000"
Abstract Men Hooded Neck Grey T-Shirt,530.0,Tripr,58.0,tripr,369.0,,899.0,mens_westernwear,58.95,<=₹500
"Striped Men Round Neck Black, Grey T-Shirt",1024.0,Tripr,73.0,tripr,375.0,,1399.0,mens_westernwear,73.2,<=₹500
Slim Men Dark Blue Jeans,850.0,Metronaut,56.0,metronaut,649.0,,1499.0,mens_westernwear,56.7,"₹501–₹1,000"
Washed Men Blue Denim Shorts,750.0,Highlander,50.0,highlander,749.0,,1499.0,mens_westernwear,50.03,"₹501–₹1,000"
Striped Men Round Neck White T-Shirt,715.0,Smartees,71.0,smartees,284.0,,999.0,mens_westernwear,71.57,<=₹500
Striped Men Round Neck Red T-Shirt,1600.0,FastColors,80.0,fastcolors,399.0,,1999.0,mens_westernwear,80.04,<=₹500
Men & Women Solid Ankle Length,600.0,REEBOK,60.0,reebok,399.0,,999.0,mens_westernwear,60.06,<=₹500
Printed Men Boxer,1290.0,Joven,67.0,joven,609.0,,1899.0,mens_westernwear,67.93,"₹501–₹1,000"
Slim Men Grey Jeans,1000.0,Metronaut,55.0,metronaut,799.0,,1799.0,mens_westernwear,55.59,"₹501–₹1,000"
Men Brief,0.0,Amul Macho,0.0,amul macho,508.0,,508.0,mens_westernwear,0.0,"₹501–₹1,000"
Color Block Men Henley Neck Dark Blue T-Shirt,753.0,Fenoix,75.0,fenoix,246.0,,999.0,mens_westernwear,75.38,<=₹500
Men & Women Printed Ankle Length,263.0,ADIDAS,58.0,adidas,186.0,,449.0,mens_westernwear,58.57,<=₹500
Jockey Men Vest,1.0,,0.0,,398.0,,399.0,mens_westernwear,0.25,<=₹500
Solid Men Round Neck White T-Shirt,955.0,Tap in,79.0,tap in,240.0,,1195.0,mens_westernwear,79.92,<=₹500
Men & Women Solid Ankle Length,294.0,ADIDAS,60.0,adidas,196.0,,490.0,mens_westernwear,60.0,<=₹500
Men & Women Printed Bandana,520.0,Yashinika,65.0,yashinika,279.0,,799.0,mens_westernwear,65.08,<=₹500
"Color Block Men Round Neck White, Blue, Grey T-Shirt",605.0,AUSK,60.0,ausk,394.0,,999.0,mens_westernwear,60.56,<=₹500
Color Block Men Multicolor Basic Shorts,600.0,Tripr,66.0,tripr,299.0,,899.0,mens_westernwear,66.74,<=₹500
Color Block Men Round Neck Yellow T-Shirt,715.0,Diwazzo,71.0,diwazzo,284.0,,999.0,mens_westernwear,71.57,<=₹500
Men Brief,20.0,Jockey,4.0,jockey,418.0,,438.0,mens_westernwear,4.57,<=₹500
Men & Women Ankle Length,443.0,Jockey,55.0,jockey,351.0,,794.0,mens_westernwear,55.79,<=₹500
"Striped Men Round Neck Green, Black T-Shirt",950.0,Tripr,67.0,tripr,449.0,,1399.0,mens_westernwear,67.91,<=₹500
Solid Men Round Neck Green T-Shirt,700.0,Diwazzo,70.0,diwazzo,299.0,,999.0,mens_westernwear,70.07,<=₹500
Solid Men Polo Neck Light Blue T-Shirt,800.0,EPG,61.0,epg,499.0,,1299.0,mens_westernwear,61.59,<=₹500
Printed Men Green Chino Shorts,650.0,Highlander,50.0,highlander,649.0,,1299.0,mens_westernwear,50.04,"₹501–₹1,000"
Solid Men Round Neck Grey T-Shirt,1100.0,Wrath,73.0,wrath,399.0,,1499.0,mens_westernwear,73.38,<=₹500
Solid Men Blue Basic Shorts,536.0,HAP,63.0,hap,313.0,,849.0,mens_westernwear,63.13,<=₹500
Slim Men Light Blue Jeans,815.0,Urbano Fashion,54.0,urbano fashion,684.0,,1499.0,mens_westernwear,54.37,"₹501–₹1,000"
Solid Men Dark Green Track Pants,800.0,JUGULAR,57.0,jugular,599.0,,1399.0,mens_westernwear,57.18,"₹501–₹1,000"
Printed Men Black Track Pants,898.0,Tripr,64.0,tripr,501.0,,1399.0,mens_westernwear,64.19,"₹501–₹1,000"
Men Kurta and Pyjama Set Cotton Blend,770.0,RG Designers,43.0,rg designers,999.0,,1769.0,mens_westernwear,43.53,"₹501–₹1,000"
"Checkered Men Hooded Neck Black, Grey T-Shirt",1060.0,Tripr,75.0,tripr,339.0,,1399.0,mens_westernwear,75.77,<=₹500
Slim Fit Men Black Polyester Viscose Blend Trousers,711.0,Classio,54.0,classio,588.0,,1299.0,mens_westernwear,54.73,"₹501–₹1,000"
Solid Men Dark Blue Track Pants,550.0,Metronaut,50.0,metronaut,549.0,,1099.0,mens_westernwear,50.05,"₹501–₹1,000"
Men Trunks,1.0,Jockey,0.0,jockey,228.0,,229.0,mens_westernwear,0.44,<=₹500
Men Checkered Casual Regular Shirt,500.0,Highlander,50.0,highlander,499.0,,999.0,mens_westernwear,50.05,<=₹500
Men & Women Ankle Length,264.0,ADIDAS,60.0,adidas,175.0,,439.0,mens_westernwear,60.14,<=₹500
Color Block Men Round Neck Blue T-Shirt,900.0,Seven Rocks,69.0,seven rocks,399.0,,1299.0,mens_westernwear,69.28,<=₹500
Men Brief,1.0,Van Heusen,0.0,van heusen,588.0,,589.0,mens_westernwear,0.17,"₹501–₹1,000"
Striped Men Round Neck Blue T-Shirt,1050.0,Roden,70.0,roden,449.0,,1499.0,mens_westernwear,70.05,<=₹500
"Color Block Men Henley Neck Green, Black T-Shirt",1120.0,DAGCROS,74.0,dagcros,379.0,,1499.0,mens_westernwear,74.72,<=₹500
"Solid HipHop, Snapback Cap",283.0,BnB,58.0,bnb,199.0,,482.0,mens_westernwear,58.71,<=₹500
HAP Men Vest,426.0,,42.0,,569.0,,995.0,mens_westernwear,42.81,"₹501–₹1,000"
Color Block Men Henley Neck Multicolor T-Shirt,715.0,Fenoix,71.0,fenoix,284.0,,999.0,mens_westernwear,71.57,<=₹500
Full Sleeve Printed Men Sweatshirt,813.0,Puma,32.0,puma,1686.0,,2499.0,mens_westernwear,32.53,"₹1,001–₹5,000"
Solid Men Grey Bermuda Shorts,1.0,Van Heusen,0.0,van heusen,648.0,,649.0,mens_westernwear,0.15,"₹501–₹1,000"
"Solid Men Dark Blue, Black, Grey Sports Shorts",1766.0,Checkersbay,65.0,checkersbay,934.0,,2700.0,mens_westernwear,65.41,"₹501–₹1,000"
Men Trunks,1.0,Van Heusen,0.0,van heusen,489.0,,490.0,mens_westernwear,0.2,<=₹500
Color Block Men Hooded Neck Multicolor T-Shirt,1540.0,LEWEL,77.0,lewel,459.0,,1999.0,mens_westernwear,77.04,<=₹500
Self Design Men Round Neck Gold T-Shirt,800.0,Road Trip Fashions,80.0,road trip fashions,199.0,,999.0,mens_westernwear,80.08,<=₹500
Striped Men Round Neck Green T-Shirt,649.0,GHPC,64.0,ghpc,350.0,,999.0,mens_westernwear,64.96,<=₹500
Men Ankle Length,363.0,ADIDAS,66.0,adidas,186.0,,549.0,mens_westernwear,66.12,<=₹500
Men Brief,1.0,Jockey,0.0,jockey,329.0,,330.0,mens_westernwear,0.3,<=₹500
Men & Women Solid Ankle Length,300.0,Puma,60.0,puma,199.0,,499.0,mens_westernwear,60.12,<=₹500
Self Design Men Round Neck Black T-Shirt,740.0,Rezalia,77.0,rezalia,209.0,,949.0,mens_westernwear,77.98,<=₹500
"Men Self Design Peds/Footie/No-Show, Low Cut, Ankle Len...",460.0,ME Stores,61.0,me stores,289.0,,749.0,mens_westernwear,61.42,<=₹500
"Solid Men Hooded Neck Red, Black T-Shirt",650.0,LIFEIDEA,68.0,lifeidea,299.0,,949.0,mens_westernwear,68.49,<=₹500
Checkered Men Red Regular Shorts,540.0,Tripr,60.0,tripr,359.0,,899.0,mens_westernwear,60.07,<=₹500
"Checkered Men Polo Neck Light Blue, Blue T-Shirt",860.0,Seven Rocks,66.0,seven rocks,439.0,,1299.0,mens_westernwear,66.2,<=₹500
"Color Block Men Round Neck White, Black T-Shirt",390.0,Puma,30.0,puma,909.0,,1299.0,mens_westernwear,30.02,"₹501–₹1,000"
Printed Men Multicolor Regular Shorts,650.0,Handgrip,65.0,handgrip,349.0,,999.0,mens_westernwear,65.07,<=₹500
Animal Print Men Round or Crew Yellow T-Shirt,534.0,Young Trendz,62.0,young trendz,315.0,,849.0,mens_westernwear,62.9,<=₹500
Solid Men Grey Chino Shorts,625.0,Highlander,50.0,highlander,624.0,,1249.0,mens_westernwear,50.04,"₹501–₹1,000"
"Striped Men White, Black Track Pants",800.0,Maniac,60.0,maniac,529.0,,1329.0,mens_westernwear,60.2,"₹501–₹1,000"
Amul comfy Men Vest,0.0,,0.0,,395.0,,395.0,mens_westernwear,0.0,<=₹500
Men Trunk,1.0,Jockey,0.0,jockey,288.0,,289.0,mens_westernwear,0.35,<=₹500
Men Solid Casual Mandarin Shirt,1300.0,Dennis Lingo,70.0,dennis lingo,549.0,,1849.0,mens_westernwear,70.31,"₹501–₹1,000"
Printed Men Round Neck Pink T-Shirt,741.0,UZEE,74.0,uzee,258.0,,999.0,mens_westernwear,74.17,<=₹500
Slim Men Blue Jeans,550.0,Billion,50.0,billion,549.0,,1099.0,mens_westernwear,50.05,"₹501–₹1,000"
"Striped Men Round Neck Reversible Dark Blue, Grey T-Shi...",420.0,Jump Cuts,61.0,jump cuts,259.0,,679.0,mens_westernwear,61.86,<=₹500
Solid Men Round Neck Yellow T-Shirt,955.0,Tap in,79.0,tap in,240.0,,1195.0,mens_westernwear,79.92,<=₹500
Typography Men Hooded Neck Red T-Shirt,900.0,Kay Dee,75.0,kay dee,299.0,,1199.0,mens_westernwear,75.06,<=₹500
Van Heusen Men Vest,1.0,,0.0,,558.0,,559.0,mens_westernwear,0.18,"₹501–₹1,000"
Solid Men Round Neck Multicolor T-Shirt,1608.0,FastColors,80.0,fastcolors,391.0,,1999.0,mens_westernwear,80.44,<=₹500
Slim Fit Men Blue Cotton Lycra Blend Trousers,935.0,Highlander,55.0,highlander,764.0,,1699.0,mens_westernwear,55.03,"₹501–₹1,000"
Solid Men Brown Track Pants,1574.0,Mountain colours,65.0,mountain colours,825.0,,2399.0,mens_westernwear,65.61,"₹501–₹1,000"
Solid Men Dark Blue Track Pants,1301.0,Young Trendz,72.0,young trendz,498.0,,1799.0,mens_westernwear,72.32,<=₹500
Solid Men Asymmetric Maroon T-Shirt,600.0,Try This,60.0,try this,399.0,,999.0,mens_westernwear,60.06,<=₹500
Printed Men Round Neck White T-Shirt,700.0,SCATCHITE,70.0,scatchite,299.0,,999.0,mens_westernwear,70.07,<=₹500
Solid Men Turtle Neck Blue T-Shirt,830.0,Black Collection,59.0,black collection,569.0,,1399.0,mens_westernwear,59.33,"₹501–₹1,000"
Striped Men Round Neck Dark Blue T-Shirt,620.0,GHPC,62.0,ghpc,379.0,,999.0,mens_westernwear,62.06,<=₹500
Men Checkered Casual Spread Shirt,1100.0,BASE 41,68.0,base 41,499.0,,1599.0,mens_westernwear,68.79,<=₹500
Men Solid Casual Mandarin Shirt,650.0,PROTOCOL,54.0,protocol,549.0,,1199.0,mens_westernwear,54.21,"₹501–₹1,000"
Solid Men Beige Track Pants,1393.0,Mountain colours,63.0,mountain colours,806.0,,2199.0,mens_westernwear,63.35,"₹501–₹1,000"
"Solid Men Grey, Yellow Regular Shorts",1650.0,FastColors,82.0,fastcolors,349.0,,1999.0,mens_westernwear,82.54,<=₹500
Solid Men Black Basic Shorts,1.0,Van Heusen,0.0,van heusen,648.0,,649.0,mens_westernwear,0.15,"₹501–₹1,000"
Solid Men Asymmetric Neck Black T-Shirt,850.0,Tees Collection,65.0,tees collection,449.0,,1299.0,mens_westernwear,65.43,<=₹500
"Color Block Men Henley Neck Black, Yellow T-Shirt",1120.0,DAGCROS,74.0,dagcros,379.0,,1499.0,mens_westernwear,74.72,<=₹500
Washed Men Denim Light Blue Denim Shorts,683.0,VROJASS,52.0,vrojass,616.0,,1299.0,mens_westernwear,52.58,"₹501–₹1,000"
"Men & Women Color Block, Striped Mid-Calf/Crew",364.0,Rc. Royal Class,52.0,rc. royal class,335.0,,699.0,mens_westernwear,52.07,<=₹500
"Solid Men Black, Grey Sports Shorts",1713.0,Checkersbay,63.0,checkersbay,987.0,,2700.0,mens_westernwear,63.44,"₹501–₹1,000"
Solid Men Grey Basic Shorts,1.0,Van Heusen,0.0,van heusen,648.0,,649.0,mens_westernwear,0.15,"₹501–₹1,000"
Color Block Men Round Neck Multicolor T-Shirt,430.0,Smartees,43.0,smartees,569.0,,999.0,mens_westernwear,43.04,"₹501–₹1,000"
"Checkered Men Polo Neck Red, Black T-Shirt",1030.0,Tripr,73.0,tripr,369.0,,1399.0,mens_westernwear,73.62,<=₹500
"Checkered Men Round Neck Dark Green, Black T-Shirt",620.0,Maniac,57.0,maniac,449.0,,1069.0,mens_westernwear,58.0,<=₹500
Striped Men Polo Neck Multicolor T-Shirt,381.0,Wexford,47.0,wexford,418.0,,799.0,mens_westernwear,47.68,<=₹500
Men Printed Ankle Length,214.0,Maanja,53.0,maanja,185.0,,399.0,mens_westernwear,53.63,<=₹500
Sleeveless Solid Men Jacket,520.0,Gritstones,57.0,gritstones,379.0,,899.0,mens_westernwear,57.84,<=₹500
Solid Men Turtle Neck White T-Shirt,549.0,Black Collection,49.0,black collection,550.0,,1099.0,mens_westernwear,49.95,"₹501–₹1,000"
Men Self Design Ankle Length,294.0,ADIDAS,60.0,adidas,196.0,,490.0,mens_westernwear,60.0,<=₹500
Printed Men Round or Crew Multicolor T-Shirt,0.0,Duke,0.0,duke,895.0,,895.0,mens_westernwear,0.0,"₹501–₹1,000"
Military Camouflage Men Round Neck Dark Green T-Shirt,600.0,Unisopent Designs,60.0,unisopent designs,399.0,,999.0,mens_westernwear,60.06,<=₹500
Slim Men Grey Jeans,1235.0,Highlander,65.0,highlander,664.0,,1899.0,mens_westernwear,65.03,"₹501–₹1,000"
Printed Men Hooded Neck Red T-Shirt,1020.0,Tripr,72.0,tripr,379.0,,1399.0,mens_westernwear,72.91,<=₹500
Checkered Men Grey Regular Shorts,540.0,Tripr,60.0,tripr,359.0,,899.0,mens_westernwear,60.07,<=₹500
Checkered Men Boxer,566.0,Metronaut,51.0,metronaut,533.0,,1099.0,mens_westernwear,51.5,"₹501–₹1,000"
"Striped Men Round Neck Reversible White, Black, Yellow ...",410.0,Jump Cuts,60.0,jump cuts,269.0,,679.0,mens_westernwear,60.38,<=₹500
Men Solid Calf Length,400.0,Glinto,57.0,glinto,299.0,,699.0,mens_westernwear,57.22,<=₹500
Men & Women Ankle Length,196.0,Jockey,49.0,jockey,201.0,,397.0,mens_westernwear,49.37,<=₹500
Printed Men Dark Blue Cargo Shorts,589.0,JUGULAR,66.0,jugular,299.0,,888.0,mens_westernwear,66.33,<=₹500
Rupa Men Vest,1.0,,0.0,,279.0,,280.0,mens_westernwear,0.36,<=₹500
Typography Men Hooded Neck Dark Blue T-Shirt,1050.0,Tripr,75.0,tripr,349.0,,1399.0,mens_westernwear,75.05,<=₹500
Men Trunks,1.0,Jockey,0.0,jockey,238.0,,239.0,mens_westernwear,0.42,<=₹500
Graphic Print Men Multicolor Bermuda Shorts,50.0,Bumchums,5.0,bumchums,799.0,,849.0,mens_westernwear,5.89,"₹501–₹1,000"
Solid Men Dark Blue Regular Shorts,144.0,U.S. Polo Assn,20.0,u.s. polo assn,575.0,,719.0,mens_westernwear,20.03,"₹501–₹1,000"
"Typography Men Round Neck Dark Blue, Black T-Shirt",1900.0,London HILLS,73.0,london hills,699.0,,2599.0,mens_westernwear,73.11,"₹501–₹1,000"
"Solid Men Round Neck White, Blue T-Shirt",1050.0,Aelomart,70.0,aelomart,449.0,,1499.0,mens_westernwear,70.05,<=₹500
Men & Women Printed Low Cut,430.0,Jockey,61.0,jockey,269.0,,699.0,mens_westernwear,61.52,<=₹500
Men & Women Solid Ankle Length,500.0,Jockey,71.0,jockey,199.0,,699.0,mens_westernwear,71.53,<=₹500
"Solid Men Blue, Grey Regular Shorts",2050.0,FastColors,85.0,fastcolors,349.0,,2399.0,mens_westernwear,85.45,<=₹500
Embroidered NY Hip Hop Cap Cap,27.0,Classic,11.0,classic,199.0,,226.0,mens_westernwear,11.95,<=₹500
Striped Men Round Neck Multicolor T-Shirt,535.0,Maniac,63.0,maniac,314.0,,849.0,mens_westernwear,63.02,<=₹500
"Solid Men Round Neck White, Grey T-Shirt",2479.0,FastColors,77.0,fastcolors,720.0,,3199.0,mens_westernwear,77.49,"₹501–₹1,000"
Self Design Men Polo Neck Grey T-Shirt,400.0,Metronaut,50.0,metronaut,399.0,,799.0,mens_westernwear,50.06,<=₹500
Solid Men Turtle Neck Blue T-Shirt,600.0,Try This,60.0,try this,399.0,,999.0,mens_westernwear,60.06,<=₹500
Regular Fit Men Blue Lycra Blend Trousers,935.0,AD & AV,58.0,ad & av,664.0,,1599.0,mens_westernwear,58.47,"₹501–₹1,000"
Men Brief,147.0,Rupa,29.0,rupa,353.0,,500.0,mens_westernwear,29.4,<=₹500
Men Brief,351.0,Nestos,46.0,nestos,399.0,,750.0,mens_westernwear,46.8,<=₹500
Slim Fit Men Black Pure Cotton Trousers,520.0,Peter England,40.0,peter england,779.0,,1299.0,mens_westernwear,40.03,"₹501–₹1,000"
"Color Block Men Round Neck Maroon, Black T-Shirt",1419.0,Rezalia,74.0,rezalia,479.0,,1898.0,mens_westernwear,74.76,<=₹500
"Solid Men Round Neck Green, Blue, Black T-Shirt",850.0,Metronaut,50.0,metronaut,849.0,,1699.0,mens_westernwear,50.03,"₹501–₹1,000"
Printed Men Three Fourths,1264.0,Mountain Colours,63.0,mountain colours,735.0,,1999.0,mens_westernwear,63.23,"₹501–₹1,000"
Men Solid Casual Spread Shirt,1300.0,Dennis Lingo,70.0,dennis lingo,549.0,,1849.0,mens_westernwear,70.31,"₹501–₹1,000"
"Solid Men s White, Black T-Shirt",820.0,Maniac,60.0,maniac,529.0,,1349.0,mens_westernwear,60.79,"₹501–₹1,000"
Solid Men V Neck Black T-Shirt,740.0,Rezalia,77.0,rezalia,209.0,,949.0,mens_westernwear,77.98,<=₹500
Solid Men Round Neck White T-Shirt,715.0,GHPC,71.0,ghpc,284.0,,999.0,mens_westernwear,71.57,<=₹500
Printed Men Black Sports Shorts,450.0,Highlander,50.0,highlander,449.0,,899.0,mens_westernwear,50.06,<=₹500
Men Brief,1.0,Jockey,0.0,jockey,208.0,,209.0,mens_westernwear,0.48,<=₹500
Gritstones Men Vest,441.0,,58.0,,308.0,,749.0,mens_westernwear,58.88,<=₹500
Cotton Colors Self Design Multicolor Lungi,1077.0,,71.0,,423.0,,1500.0,mens_westernwear,71.8,<=₹500
Solid Men Mandarin Collar Dark Blue T-Shirt,930.0,Seven Rocks,71.0,seven rocks,369.0,,1299.0,mens_westernwear,71.59,<=₹500
Sleeveless Solid Men Sweatshirt,502.0,Gritstones,67.0,gritstones,247.0,,749.0,mens_westernwear,67.02,<=₹500
"Color Block Men Round Neck Black, Grey T-Shirt",600.0,Tripr,66.0,tripr,299.0,,899.0,mens_westernwear,66.74,<=₹500
Solid Men Dark Blue Basic Shorts,1.0,Van Heusen,0.0,van heusen,648.0,,649.0,mens_westernwear,0.15,"₹501–₹1,000"
Skinny Men Black Jeans,440.0,Metronaut,40.0,metronaut,659.0,,1099.0,mens_westernwear,40.04,"₹501–₹1,000"
Striped Men Round Neck Black T-Shirt,750.0,Rezalia,75.0,rezalia,249.0,,999.0,mens_westernwear,75.08,<=₹500
"Solid Men Hooded Neck Red, Black, Grey T-Shirt",1550.0,LEWEL,77.0,lewel,449.0,,1999.0,mens_westernwear,77.54,<=₹500
SpringLoom Premium Quality Men's Women's Pure Cotton Ha...,244.0,,48.0,,255.0,,499.0,mens_westernwear,48.9,<=₹500
Full Sleeve Printed Men Jacket,1450.0,Tripr,72.0,tripr,549.0,,1999.0,mens_westernwear,72.54,"₹501–₹1,000"
Solid Men Light Green Regular Shorts,420.0,Peter England University,35.0,peter england university,779.0,,1199.0,mens_westernwear,35.03,"₹501–₹1,000"
Solid Men Round Neck Black T-Shirt,200.0,Tap in,50.0,tap in,199.0,,399.0,mens_westernwear,50.13,<=₹500
Jogger Fit Men Black Jeans,900.0,Urbano Fashion,52.0,urbano fashion,799.0,,1699.0,mens_westernwear,52.97,"₹501–₹1,000"
Men Ankle Length,594.0,AR Sales,75.0,ar sales,190.0,,784.0,mens_westernwear,75.77,<=₹500
Slim Fit Men Maroon Cotton Lycra Blend Trousers,821.0,Highlander,53.0,highlander,728.0,,1549.0,mens_westernwear,53.0,"₹501–₹1,000"
Striped Men Round Neck Blue T-Shirt,668.0,GHPC,66.0,ghpc,331.0,,999.0,mens_westernwear,66.87,<=₹500
Slim Men Grey Jeans,750.0,Metronaut,50.0,metronaut,749.0,,1499.0,mens_westernwear,50.03,"₹501–₹1,000"
"Women's, Men's Shapewear",702.0,3mads,87.0,3mads,97.0,,799.0,mens_westernwear,87.86,<=₹500
Solid Men Henley Blue T-Shirt,670.0,Try This,67.0,try this,329.0,,999.0,mens_westernwear,67.07,<=₹500
Solid Men Hooded Black T-Shirt,740.0,Inkovy,74.0,inkovy,259.0,,999.0,mens_westernwear,74.07,<=₹500
Slim Fit Men Dark Blue Cotton Blend Trousers,525.0,Peter England University,35.0,peter england university,974.0,,1499.0,mens_westernwear,35.02,"₹501–₹1,000"
Men Color Block Party Shirt,600.0,House Of Sensation,50.0,house of sensation,599.0,,1199.0,mens_westernwear,50.04,"₹501–₹1,000"
Solid Men Hooded Black T-Shirt,791.0,hero & piyush,79.0,hero & piyush,208.0,,999.0,mens_westernwear,79.18,<=₹500
Color Block Men Round Neck Black T-Shirt,715.0,Smartees,71.0,smartees,284.0,,999.0,mens_westernwear,71.57,<=₹500
Printed Men Round Neck Grey T-Shirt,240.0,Peter England,40.0,peter england,359.0,,599.0,mens_westernwear,40.07,<=₹500
"Striped Men Round Neck Dark Blue, White, Orange T-Shirt",900.0,Seven Rocks,69.0,seven rocks,399.0,,1299.0,mens_westernwear,69.28,<=₹500
Men Trunks,0.0,Van Heusen,0.0,van heusen,470.0,,470.0,mens_westernwear,0.0,<=₹500
"Color Block Men Round Neck White, Pink, Black T-Shirt",570.0,Maniac,59.0,maniac,389.0,,959.0,mens_westernwear,59.44,<=₹500
Solid Men Dark Blue Track Pants,900.0,JUGULAR,64.0,jugular,499.0,,1399.0,mens_westernwear,64.33,<=₹500
"Striped Men Dark Blue, White Track Pants",800.0,Maniac,60.0,maniac,529.0,,1329.0,mens_westernwear,60.2,"₹501–₹1,000"
Color Block Men Round Neck Pink T-Shirt,715.0,Diwazzo,71.0,diwazzo,284.0,,999.0,mens_westernwear,71.57,<=₹500
Abstract Men Hooded Neck Red T-Shirt,530.0,Tripr,58.0,tripr,369.0,,899.0,mens_westernwear,58.95,<=₹500
Men Checkered Casual Slim Shirt,1850.0,Dennis Lingo,74.0,dennis lingo,649.0,,2499.0,mens_westernwear,74.03,"₹501–₹1,000"
Men Self Design Pure Cotton Straight Kurta,1300.0,Elepants,72.0,elepants,495.0,,1795.0,mens_westernwear,72.42,<=₹500
Printed Men Grey Track Pants,898.0,Tripr,64.0,tripr,501.0,,1399.0,mens_westernwear,64.19,"₹501–₹1,000"
Jockey Men Vest,1.0,,0.0,,208.0,,209.0,mens_westernwear,0.48,<=₹500
Solid Men Polo Neck White T-Shirt,270.0,Allen Solly,30.0,allen solly,629.0,,899.0,mens_westernwear,30.03,"₹501–₹1,000"
Slim Fit Men Grey Cotton Blend Trousers,525.0,Peter England University,35.0,peter england university,974.0,,1499.0,mens_westernwear,35.02,"₹501–₹1,000"
Men Brief,1.0,Van Heusen,0.0,van heusen,528.0,,529.0,mens_westernwear,0.19,"₹501–₹1,000"
Men Printed Low Cut,320.0,SOXCO,45.0,soxco,379.0,,699.0,mens_westernwear,45.78,<=₹500
Printed Men Multicolor Chino Shorts,625.0,Highlander,50.0,highlander,624.0,,1249.0,mens_westernwear,50.04,"₹501–₹1,000"
"Solid Men V Neck Blue, Grey T-Shirt",640.0,Tripr,71.0,tripr,259.0,,899.0,mens_westernwear,71.19,<=₹500
"Striped Men Polo Neck Red, Blue T-Shirt",135.0,Duke,15.0,duke,760.0,,895.0,mens_westernwear,15.08,"₹501–₹1,000"
Men's Ankle Length,349.0,SLIMSHINE,69.0,slimshine,150.0,,499.0,mens_westernwear,69.94,<=₹500
Solid Men Black Regular Shorts,140.0,U.S. Polo Assn,20.0,u.s. polo assn,559.0,,699.0,mens_westernwear,20.03,"₹501–₹1,000"
Men Color Block Ankle Length,252.0,ADIDAS,57.0,adidas,187.0,,439.0,mens_westernwear,57.4,<=₹500
Men & Women Color Block Ankle Length,418.0,ADIDAS,69.0,adidas,181.0,,599.0,mens_westernwear,69.78,<=₹500
"Solid Men Blue, Black Regular Shorts",1650.0,FastColors,82.0,fastcolors,349.0,,1999.0,mens_westernwear,82.54,<=₹500
Printed Men Round Neck Multicolor T-Shirt,801.0,NB NICKY BOY,72.0,nb nicky boy,299.0,,1100.0,mens_westernwear,72.82,<=₹500
Men Printed Casual Shirt,455.0,Peter England University,35.0,peter england university,844.0,,1299.0,mens_westernwear,35.03,"₹501–₹1,000"
Printed Men Round Neck Red T-Shirt,725.0,UZEE,72.0,uzee,274.0,,999.0,mens_westernwear,72.57,<=₹500
Graphic Print Men Round Neck White T-Shirt,700.0,COBIO MAN,70.0,cobio man,299.0,,999.0,mens_westernwear,70.07,<=₹500
Men Striped Casual Spread Shirt,930.0,Rope,62.0,rope,569.0,,1499.0,mens_westernwear,62.04,"₹501–₹1,000"
Men Striped Ankle Length,200.0,Maanja,50.0,maanja,199.0,,399.0,mens_westernwear,50.13,<=₹500
"Solid Men Round Neck Blue, Black T-Shirt",390.0,Puma,30.0,puma,909.0,,1299.0,mens_westernwear,30.02,"₹501–₹1,000"
Men Self Design Casual Button Down Shirt,937.0,DEELMO,58.0,deelmo,662.0,,1599.0,mens_westernwear,58.6,"₹501–₹1,000"
Full Sleeve Solid Men Sweatshirt,1498.0,Tripr,74.0,tripr,501.0,,1999.0,mens_westernwear,74.94,"₹501–₹1,000"
"Color Block Men Round Neck White, Grey T-Shirt",640.0,Try This,64.0,try this,359.0,,999.0,mens_westernwear,64.06,<=₹500
Men Color Block Casual Mandarin Shirt,1500.0,Tap in,79.0,tap in,395.0,,1895.0,mens_westernwear,79.16,<=₹500
"Solid Men Round Neck Black, Yellow T-Shirt",1168.0,DAGCROS,77.0,dagcros,331.0,,1499.0,mens_westernwear,77.92,<=₹500
"Checkered Men Hooded Neck Blue, Black T-Shirt",1050.0,Tripr,75.0,tripr,349.0,,1399.0,mens_westernwear,75.05,<=₹500
"Men's, Men, Women's, Women Shapewear",402.0,Monument,40.0,monument,598.0,,1000.0,mens_westernwear,40.2,"₹501–₹1,000"
Self Design Men Polo Neck Dark Blue T-Shirt,400.0,Metronaut,50.0,metronaut,399.0,,799.0,mens_westernwear,50.06,<=₹500
Solid Men Black Track Pants,690.0,ISHU,69.0,ishu,309.0,,999.0,mens_westernwear,69.07,<=₹500
Color Block Men Round Neck Maroon T-Shirt,756.0,Weft,75.0,weft,243.0,,999.0,mens_westernwear,75.68,<=₹500
Slim Men Grey Jeans,850.0,Highlander,50.0,highlander,849.0,,1699.0,mens_westernwear,50.03,"₹501–₹1,000"
Men Solid Casual Shirt,500.0,GESPO,55.0,gespo,399.0,,899.0,mens_westernwear,55.62,<=₹500
Men Solid Casual Slim Shirt,1300.0,Dennis Lingo,70.0,dennis lingo,549.0,,1849.0,mens_westernwear,70.31,"₹501–₹1,000"
Men Printed Casual Spread Shirt,958.0,COBIO MAN,63.0,cobio man,541.0,,1499.0,mens_westernwear,63.91,"₹501–₹1,000"
"Solid Men Round Neck Red, Blue T-Shirt",1101.0,Young Trendz,61.0,young trendz,698.0,,1799.0,mens_westernwear,61.2,"₹501–₹1,000"
HipHop Cap,5.0,Good Friends,2.0,good friends,175.0,,180.0,mens_westernwear,2.78,<=₹500
Printed Men Round Neck Green T-Shirt,900.0,Road Trip Fashions,75.0,road trip fashions,299.0,,1199.0,mens_westernwear,75.06,<=₹500
Striped Men Polo Neck Multicolor T-Shirt,135.0,Duke,15.0,duke,760.0,,895.0,mens_westernwear,15.08,"₹501–₹1,000"
"Solid Men White, Black Sports Shorts",1650.0,FastColors,82.0,fastcolors,349.0,,1999.0,mens_westernwear,82.54,<=₹500
Men Trunk,1.0,Jockey,0.0,jockey,294.0,,295.0,mens_westernwear,0.34,<=₹500
Striped Men Round or Crew Orange T-Shirt,600.0,Dillinger,66.0,dillinger,299.0,,899.0,mens_westernwear,66.74,<=₹500
"Color Block Men Black, Grey Track Pants",898.0,Tripr,64.0,tripr,501.0,,1399.0,mens_westernwear,64.19,"₹501–₹1,000"
Men Checkered Casual Button Down Shirt,813.0,Asian & Fitch,63.0,asian & fitch,474.0,,1287.0,mens_westernwear,63.17,<=₹500
Printed Men Grey Chino Shorts,625.0,Highlander,50.0,highlander,624.0,,1249.0,mens_westernwear,50.04,"₹501–₹1,000"
"Solid Men Round Neck Maroon, Black, Grey T-Shirt",1600.0,FastColors,80.0,fastcolors,399.0,,1999.0,mens_westernwear,80.04,<=₹500
"Color Block Men Round Neck White, Black, Grey T-Shirt",1073.0,Aelomart,71.0,aelomart,426.0,,1499.0,mens_westernwear,71.58,<=₹500
FastColors Men Vest,660.0,,73.0,,239.0,,899.0,mens_westernwear,73.41,<=₹500
Men Checkered Casual Button Down Shirt,500.0,Highlander,50.0,highlander,499.0,,999.0,mens_westernwear,50.05,<=₹500
Striped Men Round or Crew Maroon T-Shirt,1168.0,SCATCHITE,77.0,scatchite,331.0,,1499.0,mens_westernwear,77.92,<=₹500
Men Brief,1.0,Van Heusen,0.0,van heusen,718.0,,719.0,mens_westernwear,0.14,"₹501–₹1,000"
Solid Men Round Neck Blue T-Shirt,1200.0,Wrath,80.0,wrath,299.0,,1499.0,mens_westernwear,80.05,<=₹500
Men Solid Casual Spread Shirt,801.0,Rope,66.0,rope,398.0,,1199.0,mens_westernwear,66.81,<=₹500
Solid Men Mandarin Collar Black T-Shirt,930.0,Seven Rocks,71.0,seven rocks,369.0,,1299.0,mens_westernwear,71.59,<=₹500
Men Solid Ankle Length,168.0,Jockey,42.0,jockey,229.0,,397.0,mens_westernwear,42.32,<=₹500
Solid Men Round Neck Black T-Shirt,825.0,Maniac,66.0,maniac,424.0,,1249.0,mens_westernwear,66.05,<=₹500
Athleisure Solid Men Round or Crew Grey T-Shirt,275.0,Metronaut,50.0,metronaut,274.0,,549.0,mens_westernwear,50.09,<=₹500
Full Sleeve Printed Men Sweatshirt,1498.0,Tripr,74.0,tripr,501.0,,1999.0,mens_westernwear,74.94,"₹501–₹1,000"
"Color Block Men Round Neck Dark Blue, White, Yellow T-S...",715.0,Wearza,71.0,wearza,284.0,,999.0,mens_westernwear,71.57,<=₹500
"Striped Men Round Neck Dark Green, Black T-Shirt",605.0,AUSK,60.0,ausk,394.0,,999.0,mens_westernwear,60.56,<=₹500
Checkered Men Boxer,1.0,Jockey,0.0,jockey,398.0,,399.0,mens_westernwear,0.25,<=₹500
Slim Men Grey Jeans,1000.0,Metronaut,50.0,metronaut,999.0,,1999.0,mens_westernwear,50.03,"₹501–₹1,000"
Men Striped Casual Spread Shirt,1321.0,VERO LIE,69.0,vero lie,567.0,,1888.0,mens_westernwear,69.97,"₹501–₹1,000"
Men & Women Ankle Length,258.0,Puma,57.0,puma,191.0,,449.0,mens_westernwear,57.46,<=₹500
"Boys & Girls, Men & Women, Boys, Girls Printed Bandana",544.0,Hind home,68.0,hind home,255.0,,799.0,mens_westernwear,68.09,<=₹500
Printed Men Round Neck Black T-Shirt,200.0,JORKK,44.0,jorkk,249.0,,449.0,mens_westernwear,44.54,<=₹500
Men Solid Formal Wingtip Shirt,791.0,FabTag - Being Fab,56.0,fabtag - being fab,599.0,,1390.0,mens_westernwear,56.91,"₹501–₹1,000"
Graphic Print Men Hooded Neck Dark Blue T-Shirt,520.0,Tripr,57.0,tripr,379.0,,899.0,mens_westernwear,57.84,<=₹500
"Solid Men Hooded Neck Green, White, Black T-Shirt",1550.0,LEWEL,77.0,lewel,449.0,,1999.0,mens_westernwear,77.54,<=₹500
"Striped Men Black, Yellow Track Pants",800.0,Maniac,60.0,maniac,529.0,,1329.0,mens_westernwear,60.2,"₹501–₹1,000"
Typography Men Round or Crew Multicolor T-Shirt,1061.0,Young Trendz,60.0,young trendz,698.0,,1759.0,mens_westernwear,60.32,"₹501–₹1,000"
"PerfectFit Self Design Men Henley Neck White, Blue T-Sh...",495.0,Billion,55.0,billion,404.0,,899.0,mens_westernwear,55.06,<=₹500
Men & Women Self Design Ankle Length,320.0,hicode,64.0,hicode,179.0,,499.0,mens_westernwear,64.13,<=₹500
Printed Men Round Neck Orange T-Shirt,515.0,Young Trendz,64.0,young trendz,284.0,,799.0,mens_westernwear,64.46,<=₹500
Men Solid Formal Rugby Collar Shirt,869.0,FabTag - Being Fab,62.0,fabtag - being fab,521.0,,1390.0,mens_westernwear,62.52,"₹501–₹1,000"
Regular Fit Men Brown Cotton Blend Trousers,905.0,FUBAR,60.0,fubar,594.0,,1499.0,mens_westernwear,60.37,"₹501–₹1,000"
Color Block Men Round Neck Dark Green T-Shirt,470.0,The EG Store,58.0,the eg store,329.0,,799.0,mens_westernwear,58.82,<=₹500
"Color Block Men Hooded Neck Black, Yellow T-Shirt",770.0,Maniac,61.0,maniac,479.0,,1249.0,mens_westernwear,61.65,<=₹500
Military Camouflage Men Hooded Neck Dark Green T-Shirt,600.0,Rezalia,60.0,rezalia,399.0,,999.0,mens_westernwear,60.06,<=₹500
Tapered Men Grey Cotton Lycra Blend Trousers,1006.0,Highlander,61.0,highlander,643.0,,1649.0,mens_westernwear,61.01,"₹501–₹1,000"
"Men, Women, Men, Women Shapewear",854.0,Shopeleven,85.0,shopeleven,145.0,,999.0,mens_westernwear,85.49,<=₹500
Men Brief,1.0,Jockey,0.0,jockey,248.0,,249.0,mens_westernwear,0.4,<=₹500
Men Solid Cotton Blend Straight Kurta,1377.0,A-Okay,73.0,a-okay,498.0,,1875.0,mens_westernwear,73.44,<=₹500
Solid Men Round Neck White T-Shirt,200.0,V2 Retail Limited,50.0,v2 retail limited,199.0,,399.0,mens_westernwear,50.13,<=₹500
Men Checkered Casual Slim Shirt,500.0,Highlander,50.0,highlander,499.0,,999.0,mens_westernwear,50.05,<=₹500
Color Block Men Round Neck Yellow T-Shirt,500.0,THE EG STORE,62.0,the eg store,299.0,,799.0,mens_westernwear,62.58,<=₹500
"Solid Men White, Blue Track Pants",1500.0,FastColors,75.0,fastcolors,499.0,,1999.0,mens_westernwear,75.04,<=₹500
ST-100 Solid Men Raincoat,124.0,HighLands,24.0,highlands,375.0,,499.0,mens_westernwear,24.85,<=₹500
Men Trunks,1.0,Van Heusen,0.0,van heusen,628.0,,629.0,mens_westernwear,0.16,"₹501–₹1,000"
Jockey Men Vest,1.0,,0.0,,288.0,,289.0,mens_westernwear,0.35,<=₹500
Men Printed Casual Cut Away Shirt,550.0,Highlander,50.0,highlander,549.0,,1099.0,mens_westernwear,50.05,"₹501–₹1,000"
"Printed Men Round Neck Black, Grey T-Shirt",570.0,Maniac,65.0,maniac,299.0,,869.0,mens_westernwear,65.59,<=₹500
Men Trunks,1.0,Jockey,0.0,jockey,288.0,,289.0,mens_westernwear,0.35,<=₹500
Men's Shapewear,151.0,Shivaay Trading Co.,50.0,shivaay trading co.,148.0,,299.0,mens_westernwear,50.5,<=₹500
"Color Block Men Round Neck Dark Blue, White, Yellow T-S...",1050.0,Aelomart,70.0,aelomart,449.0,,1499.0,mens_westernwear,70.05,<=₹500
Printed Men V-Neck Multicolor T-Shirt,600.0,Tripr,66.0,tripr,299.0,,899.0,mens_westernwear,66.74,<=₹500
Color Block Men Hooded Green T-Shirt,600.0,Gritstones,60.0,gritstones,399.0,,999.0,mens_westernwear,60.06,<=₹500
Solid Men Raincoat,614.0,AutoKraftZ,61.0,autokraftz,385.0,,999.0,mens_westernwear,61.46,<=₹500
Solid Men V-neck Blue T-Shirt,343.0,Gritstones,49.0,gritstones,356.0,,699.0,mens_westernwear,49.07,<=₹500
"Color Block Men Round Neck Red, White, Grey T-Shirt",1050.0,Aelomart,70.0,aelomart,449.0,,1499.0,mens_westernwear,70.05,<=₹500
Men Brief,1.0,Jockey,0.0,jockey,178.0,,179.0,mens_westernwear,0.56,<=₹500
Men Ankle Length,200.0,ADIDAS,50.0,adidas,199.0,,399.0,mens_westernwear,50.13,<=₹500
Solid Men Blue Regular Shorts,625.0,Highlander,50.0,highlander,624.0,,1249.0,mens_westernwear,50.04,"₹501–₹1,000"
"Solid Men White, Black Track Pants",1500.0,FastColors,75.0,fastcolors,499.0,,1999.0,mens_westernwear,75.04,<=₹500
Solid Men & Women Raincoat,650.0,ZACHARIAS,65.0,zacharias,349.0,,999.0,mens_westernwear,65.07,<=₹500
Printed Men Three Fourths,1414.0,Mountain colours,65.0,mountain colours,735.0,,2149.0,mens_westernwear,65.8,"₹501–₹1,000"
Men Solid Casual Spread Shirt,1750.0,Dennis Lingo,70.0,dennis lingo,749.0,,2499.0,mens_westernwear,70.03,"₹501–₹1,000"
Slim Men Dark Blue Jeans,860.0,Campus Sutra,43.0,campus sutra,1139.0,,1999.0,mens_westernwear,43.02,"₹1,001–₹5,000"
Striped Men Round Neck White T-Shirt,1095.0,Roden,73.0,roden,404.0,,1499.0,mens_westernwear,73.05,<=₹500
Men Self Design Casual Button Down Shirt,1364.0,Ojass,68.0,ojass,635.0,,1999.0,mens_westernwear,68.23,"₹501–₹1,000"
Men Solid Ankle Length,264.0,ADIDAS,58.0,adidas,185.0,,449.0,mens_westernwear,58.8,<=₹500
Men Brief,1.0,Jockey,0.0,jockey,457.0,,458.0,mens_westernwear,0.22,<=₹500
Solid Men Polo Neck Dark Blue T-Shirt,550.0,Metronaut,50.0,metronaut,549.0,,1099.0,mens_westernwear,50.05,"₹501–₹1,000"
Men Trunks,25.0,Macho,10.0,macho,205.0,,230.0,mens_westernwear,10.87,<=₹500
Men Solid Ankle Length,200.0,Ranger,40.0,ranger,299.0,,499.0,mens_westernwear,40.08,<=₹500
Striped Men Hooded Neck Black T-Shirt,939.0,Katso,72.0,katso,359.0,,1298.0,mens_westernwear,72.34,<=₹500
Typography Men Hooded Neck Black T-Shirt,900.0,Kay Dee,75.0,kay dee,299.0,,1199.0,mens_westernwear,75.06,<=₹500
Men Trunks,0.0,Jockey,0.0,jockey,428.0,,428.0,mens_westernwear,0.0,<=₹500
Solid Men Round Neck Light Blue T-Shirt,600.0,Tfurnish,60.0,tfurnish,399.0,,999.0,mens_westernwear,60.06,<=₹500
Solid Men Grey Bermuda Shorts,140.0,U.S. Polo Assn,20.0,u.s. polo assn,559.0,,699.0,mens_westernwear,20.03,"₹501–₹1,000"
Solid Men High Neck Red T-Shirt,549.0,Black Collection,49.0,black collection,550.0,,1099.0,mens_westernwear,49.95,"₹501–₹1,000"
Printed Men Polo Neck Blue T-Shirt,510.0,Louis Philippe,30.0,louis philippe,1189.0,,1699.0,mens_westernwear,30.02,"₹1,001–₹5,000"
"Striped Men Round Neck Black, Light Green T-Shirt",605.0,AUSK,60.0,ausk,394.0,,999.0,mens_westernwear,60.56,<=₹500
Printed Men Black Sports Shorts,200.0,Hotfits,40.0,hotfits,299.0,,499.0,mens_westernwear,40.08,<=₹500
Slim Men Dark Blue Jeans,1050.0,Flying Machine,47.0,flying machine,1149.0,,2199.0,mens_westernwear,47.75,"₹1,001–₹5,000"
Color Block Men Round or Crew Multicolor T-Shirt,589.0,JUGULAR,66.0,jugular,299.0,,888.0,mens_westernwear,66.33,<=₹500
Men Solid Casual Button Down Shirt,369.0,IndoPrimo,36.0,indoprimo,630.0,,999.0,mens_westernwear,36.94,"₹501–₹1,000"
Men Solid Cotton Blend Straight Kurta,1452.0,XTL,72.0,xtl,547.0,,1999.0,mens_westernwear,72.64,"₹501–₹1,000"
Solid Men Polo Neck White T-Shirt,650.0,U.S. Polo Assn,40.0,u.s. polo assn,949.0,,1599.0,mens_westernwear,40.65,"₹501–₹1,000"
Self Design Men Round Neck White T-Shirt,800.0,Road Trip Fashions,80.0,road trip fashions,199.0,,999.0,mens_westernwear,80.08,<=₹500
Military Camouflage Men Round or Crew Multicolor T-Shir...,600.0,Unisopent Designs,60.0,unisopent designs,399.0,,999.0,mens_westernwear,60.06,<=₹500
Printed Men Round Neck Multicolor T-Shirt,1151.0,SCATCHITE,76.0,scatchite,348.0,,1499.0,mens_westernwear,76.78,<=₹500
Color Block Men Round Neck Multicolor T-Shirt,2279.0,FastColors,75.0,fastcolors,720.0,,2999.0,mens_westernwear,75.99,"₹501–₹1,000"
Men Pyjama,550.0,Joven,42.0,joven,749.0,,1299.0,mens_westernwear,42.34,"₹501–₹1,000"
"Solid Men s Red, Black T-Shirt",577.0,Maniac,60.0,maniac,372.0,,949.0,mens_westernwear,60.8,<=₹500
Striped Men Round Neck Gold T-Shirt,639.0,GHPC,63.0,ghpc,360.0,,999.0,mens_westernwear,63.96,<=₹500
"Graphic Print Men Round Neck Black, Grey T-Shirt",700.0,COBIO MAN,70.0,cobio man,299.0,,999.0,mens_westernwear,70.07,<=₹500
Slim Fit Men Black Polyester Viscose Blend Trousers,600.0,Peter England,40.0,peter england,899.0,,1499.0,mens_westernwear,40.03,"₹501–₹1,000"
"Military Camouflage Men Round Neck White, Green T-Shirt",650.0,Maniac,65.0,maniac,349.0,,999.0,mens_westernwear,65.07,<=₹500
Men Solid Casual Button Down Shirt,350.0,IndoPrimo,35.0,indoprimo,649.0,,999.0,mens_westernwear,35.04,"₹501–₹1,000"
"Printed Men Dark Green, Beige Regular Shorts",660.0,Maniac,66.0,maniac,339.0,,999.0,mens_westernwear,66.07,<=₹500
"Color Block Men Round Neck Black, Orange, Grey T-Shirt",506.0,Rockhard,68.0,rockhard,233.0,,739.0,mens_westernwear,68.47,<=₹500
Men Solid Casual Spread Shirt,1101.0,Jai Textiles,73.0,jai textiles,398.0,,1499.0,mens_westernwear,73.45,<=₹500
"Women, Men Shapewear",692.0,Vingaboy,69.0,vingaboy,307.0,,999.0,mens_westernwear,69.27,<=₹500
Regular Men Black Jeans,1100.0,ZAYSH,61.0,zaysh,699.0,,1799.0,mens_westernwear,61.15,"₹501–₹1,000"
Striped Men Round Neck Green T-Shirt,558.0,JUGULAR,62.0,jugular,330.0,,888.0,mens_westernwear,62.84,<=₹500
Printed Men Round Neck Maroon T-Shirt,715.0,Smartees,71.0,smartees,284.0,,999.0,mens_westernwear,71.57,<=₹500
"Solid Men s White, Black, Yellow T-Shirt",570.0,Maniac,60.0,maniac,379.0,,949.0,mens_westernwear,60.06,<=₹500
Men Brief,1178.0,Wyatt,78.0,wyatt,322.0,,1500.0,mens_westernwear,78.53,<=₹500
Solid Men Beige Regular Shorts,650.0,Highlander,52.0,highlander,599.0,,1249.0,mens_westernwear,52.04,"₹501–₹1,000"
"Solid Men Hooded Neck Red, Black T-Shirt",710.0,KAY S APPARELS,78.0,kay s apparels,189.0,,899.0,mens_westernwear,78.98,<=₹500
Men Brief,0.0,EURO,0.0,euro,315.0,,315.0,mens_westernwear,0.0,<=₹500
LUX Men Vest,0.0,,0.0,,190.0,,190.0,mens_westernwear,0.0,<=₹500
Tripr Men Vest,649.0,,72.0,,250.0,,899.0,mens_westernwear,72.19,<=₹500
Men Printed Casual Tie up Shirt,550.0,Highlander,55.0,highlander,449.0,,999.0,mens_westernwear,55.06,<=₹500
Men Printed Casual Spread Shirt,1600.0,Dennis Lingo,69.0,dennis lingo,699.0,,2299.0,mens_westernwear,69.6,"₹501–₹1,000"
Solid Men Dark Blue Chino Shorts,625.0,Highlander,50.0,highlander,624.0,,1249.0,mens_westernwear,50.04,"₹501–₹1,000"
Men Striped Ankle Length,245.0,Ebiz,49.0,ebiz,255.0,,500.0,mens_westernwear,49.0,<=₹500
Men Printed Casual Shirt,632.0,Highlander,55.0,highlander,517.0,,1149.0,mens_westernwear,55.0,"₹501–₹1,000"
Rupa Men Vest,51.0,,12.0,,349.0,,400.0,mens_westernwear,12.75,<=₹500
Men Checkered Casual Shirt,400.0,Highlander,40.0,highlander,599.0,,999.0,mens_westernwear,40.04,"₹501–₹1,000"
Color Block Men Round Neck Light Green T-Shirt,700.0,Diwazzo,70.0,diwazzo,299.0,,999.0,mens_westernwear,70.07,<=₹500
"Striped Men Polo Neck White, Pink T-Shirt",135.0,Duke,15.0,duke,760.0,,895.0,mens_westernwear,15.08,"₹501–₹1,000"
Graphic Print Men Round Neck Red T-Shirt,150.0,Louis Philippe Jeans,15.0,louis philippe jeans,849.0,,999.0,mens_westernwear,15.02,"₹501–₹1,000"
Regular Fit Men Blue Polyester Viscose Blend Trousers,711.0,Classio,54.0,classio,588.0,,1299.0,mens_westernwear,54.73,"₹501–₹1,000"
Solid Men Blue Regular Shorts,928.0,Highlander,58.0,highlander,671.0,,1599.0,mens_westernwear,58.04,"₹501–₹1,000"
Men Solid Casual Button Down Shirt,1364.0,Ojass,68.0,ojass,635.0,,1999.0,mens_westernwear,68.23,"₹501–₹1,000"
"Color Block Men Hooded Neck White, Blue, Yellow T-Shirt",1600.0,LEWEL,80.0,lewel,399.0,,1999.0,mens_westernwear,80.04,<=₹500
"Solid Men Round Neck White, Black T-Shirt",1050.0,Aelomart,70.0,aelomart,449.0,,1499.0,mens_westernwear,70.05,<=₹500
"Solid Men Round Neck Blue, Yellow T-Shirt",1748.0,FastColors,72.0,fastcolors,651.0,,2399.0,mens_westernwear,72.86,"₹501–₹1,000"
Slim Fit Men Green Cotton Blend Trousers,525.0,Peter England University,35.0,peter england university,974.0,,1499.0,mens_westernwear,35.02,"₹501–₹1,000"
"Color Block Men Hooded Neck Red, Black T-Shirt",650.0,Tfurnish,65.0,tfurnish,349.0,,999.0,mens_westernwear,65.07,<=₹500
Printed Men Black Cargo Shorts,589.0,JUGULAR,66.0,jugular,299.0,,888.0,mens_westernwear,66.33,<=₹500
Men Striped Casual Spread Shirt,1440.0,TRUE BLUE,60.0,true blue,959.0,,2399.0,mens_westernwear,60.03,"₹501–₹1,000"
Printed Men Round Neck Yellow T-Shirt,802.0,NB NICKY BOY,72.0,nb nicky boy,298.0,,1100.0,mens_westernwear,72.91,<=₹500
Men Military Camouflage Casual Spread Shirt,840.0,Highlander,60.0,highlander,559.0,,1399.0,mens_westernwear,60.04,"₹501–₹1,000"
Printed Men Hooded Neck Multicolor T-Shirt,1073.0,SCATCHITE,71.0,scatchite,426.0,,1499.0,mens_westernwear,71.58,<=₹500
Men Brief,0.0,Jockey,0.0,jockey,169.0,,169.0,mens_westernwear,0.0,<=₹500
Striped Men Round Neck White T-Shirt,605.0,GESPO,60.0,gespo,394.0,,999.0,mens_westernwear,60.56,<=₹500
Men Solid Casual Club Shirt,770.0,DEELMO,55.0,deelmo,629.0,,1399.0,mens_westernwear,55.04,"₹501–₹1,000"
"Women, Men Shapewear",490.0,Nevy,81.0,nevy,109.0,,599.0,mens_westernwear,81.8,<=₹500
Solid Men Grey Basic Shorts,1.0,Jockey,0.0,jockey,698.0,,699.0,mens_westernwear,0.14,"₹501–₹1,000"
Solid Men Black Sports Shorts,550.0,ADIDAS,34.0,adidas,1049.0,,1599.0,mens_westernwear,34.4,"₹1,001–₹5,000"
Prakasam Cotton Solid Men Dhoti,450.0,,45.0,,545.0,,995.0,mens_westernwear,45.23,"₹501–₹1,000"
Solid Men Turtle Neck Blue T-Shirt,549.0,Black Collection,49.0,black collection,550.0,,1099.0,mens_westernwear,49.95,"₹501–₹1,000"
Solid Men Round Neck Green T-Shirt,1600.0,FastColors,80.0,fastcolors,399.0,,1999.0,mens_westernwear,80.04,<=₹500
Color Block Men Round Neck Multicolor T-Shirt,601.0,The Dry State,60.0,the dry state,398.0,,999.0,mens_westernwear,60.16,<=₹500
Slim Fit Men Dark Blue Cotton Trousers,821.0,Highlander,53.0,highlander,728.0,,1549.0,mens_westernwear,53.0,"₹501–₹1,000"
Printed Men Round Neck Yellow T-Shirt,715.0,Smartees,71.0,smartees,284.0,,999.0,mens_westernwear,71.57,<=₹500
Color Block Men Round Neck Green T-Shirt,1100.0,Wrath,73.0,wrath,399.0,,1499.0,mens_westernwear,73.38,<=₹500
Striped Men Round Neck White T-Shirt,668.0,GHPC,66.0,ghpc,331.0,,999.0,mens_westernwear,66.87,<=₹500
Typography Men Hooded Neck Black T-Shirt,785.0,Rebound,78.0,rebound,214.0,,999.0,mens_westernwear,78.58,<=₹500
Solid Men Henley Neck Blue T-Shirt,1800.0,Red Tape,75.0,red tape,599.0,,2399.0,mens_westernwear,75.03,"₹501–₹1,000"
Men Brief,10.0,Macho,1.0,macho,575.0,,585.0,mens_westernwear,1.71,"₹501–₹1,000"
Solid Men Scoop Neck Maroon T-Shirt,404.0,Kay Dee,67.0,kay dee,195.0,,599.0,mens_westernwear,67.45,<=₹500
Ring Beanie Cap,373.0,BnB,61.0,bnb,231.0,,604.0,mens_westernwear,61.75,<=₹500
Solid Stylish Cotton Baseball Adjustable Black Cap For ...,5.0,Dcmr,2.0,dcmr,175.0,,180.0,mens_westernwear,2.78,<=₹500
Slim Fit Men Green Cotton Blend Trousers,821.0,Highlander,53.0,highlander,728.0,,1549.0,mens_westernwear,53.0,"₹501–₹1,000"
Feather Green Checkered Black Lungi,200.0,,50.0,,199.0,,399.0,mens_westernwear,50.13,<=₹500
Solid Men Turtle Neck Purple T-Shirt,654.0,Try This,65.0,try this,345.0,,999.0,mens_westernwear,65.47,<=₹500
Men & Women Solid Ankle Length,300.0,ADIDAS,50.0,adidas,299.0,,599.0,mens_westernwear,50.08,<=₹500
"Solid Men Hooded Neck Red, Black T-Shirt",650.0,Tfurnish,65.0,tfurnish,349.0,,999.0,mens_westernwear,65.07,<=₹500
Color Block Men Round Neck Multicolor T-Shirt,920.0,Wearza,61.0,wearza,579.0,,1499.0,mens_westernwear,61.37,"₹501–₹1,000"
Men & Women Self Design Ankle Length,1280.0,BEING URBAN,64.0,being urban,719.0,,1999.0,mens_westernwear,64.03,"₹501–₹1,000"
Men & Women Color Block Mid-Calf/Crew,400.0,Glinto,57.0,glinto,299.0,,699.0,mens_westernwear,57.22,<=₹500
Printed Men Round Neck Yellow T-Shirt,270.0,Lee,30.0,lee,629.0,,899.0,mens_westernwear,30.03,"₹501–₹1,000"
"Realme 6 (Comet Blue, 128 GB)",0.0,,0.0,,16999.0,4.4,16999.0,mobiles,0.0,"₹10,001–₹25,000"
"Redmi Note 8 Pro (Electric Blue, 128 GB)",214.0,,1.0,,17785.0,4.5,17999.0,mobiles,1.19,"₹10,001–₹25,000"
"POCO X2 (Atlantis Blue, 128 GB)",500.0,,2.0,,18499.0,4.5,18999.0,mobiles,2.63,"₹10,001–₹25,000"
"POCO X2 (Matrix Purple, 128 GB)",500.0,,2.0,,18499.0,4.5,18999.0,mobiles,2.63,"₹10,001–₹25,000"
"Vivo Z1Pro (Sonic Black, 64 GB)",2000.0,,12.0,,13990.0,4.5,15990.0,mobiles,12.51,"₹10,001–₹25,000"
"Vivo Z1Pro (Sonic Black, 128 GB)",4000.0,,19.0,,16990.0,4.5,20990.0,mobiles,19.06,"₹10,001–₹25,000"
"Vivo Z1Pro (Sonic Black, 64 GB)",3000.0,,16.0,,14990.0,4.5,17990.0,mobiles,16.68,"₹10,001–₹25,000"
"Redmi Note 7 Pro (Space Black, 64 GB)",4000.0,,23.0,,12999.0,4.5,16999.0,mobiles,23.53,"₹10,001–₹25,000"
"Vivo Y15 (Burgundy Red, 64 GB)",3000.0,,18.0,,12990.0,4.4,15990.0,mobiles,18.76,"₹10,001–₹25,000"
"Vivo Y15 (Aqua Blue, 64 GB)",3000.0,,18.0,,12990.0,4.4,15990.0,mobiles,18.76,"₹10,001–₹25,000"
"Redmi 8 (Onyx Black, 64 GB)",1500.0,,13.0,,9499.0,4.4,10999.0,mobiles,13.64,"₹5,001–₹10,000"
"POCO X2 (Atlantis Blue, 64 GB)",1000.0,,5.0,,16999.0,4.5,17999.0,mobiles,5.56,"₹10,001–₹25,000"
"Realme 5 Pro (Sparkling Blue, 64 GB)",1000.0,,6.0,,14999.0,4.5,15999.0,mobiles,6.25,"₹10,001–₹25,000"
"Realme 5 Pro (Sparkling Blue, 128 GB)",1000.0,,5.0,,16999.0,4.5,17999.0,mobiles,5.56,"₹10,001–₹25,000"
"Realme 5 Pro (Sparkling Blue, 64 GB)",1000.0,,6.0,,13999.0,4.5,14999.0,mobiles,6.67,"₹10,001–₹25,000"
"Realme 5 Pro (Crystal Green, 64 GB)",1000.0,,6.0,,13999.0,4.5,14999.0,mobiles,6.67,"₹10,001–₹25,000"
"Vivo Z1Pro (Sonic Blue, 64 GB)",2000.0,,12.0,,13990.0,4.5,15990.0,mobiles,12.51,"₹10,001–₹25,000"
"Vivo Z1Pro (Sonic Blue, 128 GB)",4000.0,,19.0,,16990.0,4.5,20990.0,mobiles,19.06,"₹10,001–₹25,000"
"Vivo Z1Pro (Sonic Blue, 64 GB)",3000.0,,16.0,,14990.0,4.5,17990.0,mobiles,16.68,"₹10,001–₹25,000"
"Realme 6 Pro (Lightning Blue, 64 GB)",0.0,,0.0,,17999.0,4.5,17999.0,mobiles,0.0,"₹10,001–₹25,000"
"Redmi Note 8 Pro (Shadow Black, 64 GB)",1000.0,,5.0,,15999.0,4.5,16999.0,mobiles,5.88,"₹10,001–₹25,000"
"Realme 6 (Comet Blue, 64 GB)",0.0,,0.0,,13999.0,4.4,13999.0,mobiles,0.0,"₹10,001–₹25,000"
"Vivo U10 (Electric Blue, 64 GB)",1500.0,,12.0,,10490.0,4.4,11990.0,mobiles,12.51,"₹10,001–₹25,000"
"Realme C3 (Frozen Blue, 32 GB)",0.0,,0.0,,7999.0,4.4,7999.0,mobiles,0.0,"₹5,001–₹10,000"
"Redmi Note 8 (Neptune Blue, 128 GB)",0.0,,0.0,,15996.0,4.4,15996.0,mobiles,0.0,"₹10,001–₹25,000"
"Apple iPhone 7 (Black, 32 GB)",401.0,,1.0,,29499.0,4.5,29900.0,mobiles,1.34,"₹25,001–₹50,000"
Samsung Guru Music 2,240.0,,12.0,,1710.0,4.3,1950.0,mobiles,12.31,"₹1,001–₹5,000"
Samsung Guru Music 2,23.0,,1.0,,1927.0,4.3,1950.0,mobiles,1.18,"₹1,001–₹5,000"
"Apple iPhone SE (Black, 128 GB)",0.0,,0.0,,47800.0,4.7,47800.0,mobiles,0.0,"₹25,001–₹50,000"
Detel D1 Champ,0.0,,0.0,,590.0,3.7,590.0,mobiles,0.0,"₹501–₹1,000"
"Redmi Note 8 Pro (Shadow Black, 128 GB)",1000.0,,5.0,,16999.0,4.5,17999.0,mobiles,5.56,"₹10,001–₹25,000"
Nokia 105 Dual Sim 2017,17.0,,1.0,,1332.0,4.2,1349.0,mobiles,1.26,"₹1,001–₹5,000"
Nokia 105 SS,0.0,,0.0,,1240.0,4.3,1240.0,mobiles,0.0,"₹1,001–₹5,000"
Nokia 105 SS,0.0,,0.0,,1148.0,4.3,1148.0,mobiles,0.0,"₹1,001–₹5,000"
Samsung Guru Music 2,51.0,,2.0,,1899.0,4.3,1950.0,mobiles,2.62,"₹1,001–₹5,000"
"Redmi Note 7 Pro (Space Black, 128 GB)",4000.0,,22.0,,13999.0,4.5,17999.0,mobiles,22.22,"₹10,001–₹25,000"
Lava A1,259.0,,23.0,,840.0,4.1,1099.0,mobiles,23.57,"₹501–₹1,000"
Lava A1,219.0,,19.0,,880.0,4.2,1099.0,mobiles,19.93,"₹501–₹1,000"
Nokia 105 ss,0.0,,0.0,,1199.0,4.3,1199.0,mobiles,0.0,"₹1,001–₹5,000"
Nokia 105 SS,60.0,,5.0,,1135.0,4.3,1195.0,mobiles,5.02,"₹1,001–₹5,000"
"Redmi 8 (Sapphire Blue, 64 GB)",1500.0,,13.0,,9499.0,4.4,10999.0,mobiles,13.64,"₹5,001–₹10,000"
"Realme 5 (Crystal Purple, 128 GB)",1000.0,,7.0,,11999.0,4.4,12999.0,mobiles,7.69,"₹10,001–₹25,000"
"Realme 5 (Crystal Blue, 32 GB)",1000.0,,9.0,,9999.0,4.5,10999.0,mobiles,9.09,"₹5,001–₹10,000"
"Realme 5 (Crystal Blue, 128 GB)",1000.0,,7.0,,11999.0,4.4,12999.0,mobiles,7.69,"₹10,001–₹25,000"
"Redmi 8 (Ruby Red, 64 GB)",1500.0,,13.0,,9499.0,4.4,10999.0,mobiles,13.64,"₹5,001–₹10,000"
"Redmi 8 (Emerald Green, 64 GB)",1500.0,,13.0,,9499.0,4.4,10999.0,mobiles,13.64,"₹5,001–₹10,000"
"Realme 6 (Comet Blue, 128 GB)",0.0,,0.0,,15999.0,4.4,15999.0,mobiles,0.0,"₹10,001–₹25,000"
"POCO X2 (Phoenix Red, 128 GB)",500.0,,2.0,,18499.0,4.5,18999.0,mobiles,2.63,"₹10,001–₹25,000"
"Realme C2 (Diamond Sapphire, 32 GB)",1500.0,,16.0,,7499.0,4.4,8999.0,mobiles,16.67,"₹5,001–₹10,000"
"Realme C2 (Diamond Ruby, 32 GB)",1500.0,,16.0,,7499.0,4.4,8999.0,mobiles,16.67,"₹5,001–₹10,000"
"Realme 5i (Forest Green, 64 GB)",1000.0,,9.0,,9999.0,4.4,10999.0,mobiles,9.09,"₹5,001–₹10,000"
"Realme 5i (Aqua Blue, 128 GB)",1000.0,,8.0,,10999.0,4.4,11999.0,mobiles,8.33,"₹10,001–₹25,000"
"Realme 5i (Aqua Blue, 64 GB)",1000.0,,9.0,,9999.0,4.4,10999.0,mobiles,9.09,"₹5,001–₹10,000"
"Realme 5i (Forest Green, 128 GB)",1000.0,,8.0,,10999.0,4.4,11999.0,mobiles,8.33,"₹10,001–₹25,000"
"Realme 6 Pro (Lightning Blue, 128 GB)",0.0,,0.0,,19999.0,4.4,19999.0,mobiles,0.0,"₹10,001–₹25,000"
"Infinix Hot 8 (Shark Grey, 64 GB)",2000.0,,20.0,,7999.0,4.5,9999.0,mobiles,20.0,"₹5,001–₹10,000"
"Infinix Hot 8 (Quetzal Cyan, 64 GB)",2000.0,,20.0,,7999.0,4.5,9999.0,mobiles,20.0,"₹5,001–₹10,000"
"Realme 6 Pro (Lightning Blue, 128 GB)",0.0,,0.0,,18999.0,4.5,18999.0,mobiles,0.0,"₹10,001–₹25,000"
"Redmi Y2 (Gold, 32 GB)",2500.0,,23.0,,7999.0,4.5,10499.0,mobiles,23.81,"₹5,001–₹10,000"
"Realme C3 (Frozen Blue, 64 GB)",0.0,,0.0,,8999.0,4.4,8999.0,mobiles,0.0,"₹5,001–₹10,000"
"Realme 6 (Comet White, 128 GB)",0.0,,0.0,,15999.0,4.4,15999.0,mobiles,0.0,"₹10,001–₹25,000"
"POCO X2 (Matrix Purple, 256 GB)",0.0,,0.0,,20999.0,4.5,20999.0,mobiles,0.0,"₹10,001–₹25,000"
"Realme 5 (Crystal Purple, 64 GB)",1000.0,,8.0,,10999.0,4.4,11999.0,mobiles,8.33,"₹10,001–₹25,000"
"Vivo V19 (Piano Black, 128 GB)",3000.0,,9.0,,27990.0,4.6,30990.0,mobiles,9.68,"₹25,001–₹50,000"
"OnePlus 7T (Glacier Blue, 128 GB)",866.0,,2.0,,36733.0,4.6,37599.0,mobiles,2.3,"₹25,001–₹50,000"
"OnePlus 7T (Glacier Blue, 256 GB)",1134.0,,2.0,,38356.0,4.6,39490.0,mobiles,2.87,"₹25,001–₹50,000"
"Redmi Note 8 Pro (Halo White, 128 GB)",1000.0,,5.0,,16999.0,4.5,17999.0,mobiles,5.56,"₹10,001–₹25,000"
"OPPO F11 Pro (Aurora Green, 64 GB)",12100.0,,41.0,,16890.0,4.4,28990.0,mobiles,41.74,"₹10,001–₹25,000"
"OPPO F11 Pro (Thunder Black, 128 GB)",12000.0,,40.0,,17990.0,4.4,29990.0,mobiles,40.01,"₹10,001–₹25,000"
Lava A1,300.0,,27.0,,799.0,4.2,1099.0,mobiles,27.3,"₹501–₹1,000"
Lava A1,239.0,,21.0,,880.0,4.1,1119.0,mobiles,21.36,"₹501–₹1,000"
Lava A1,169.0,,16.0,,880.0,4.1,1049.0,mobiles,16.11,"₹501–₹1,000"
Lava A1,214.0,,18.0,,935.0,4.2,1149.0,mobiles,18.62,"₹501–₹1,000"
"Apple iPhone SE (White, 128 GB)",0.0,,0.0,,47800.0,4.7,47800.0,mobiles,0.0,"₹25,001–₹50,000"
"Vivo V19 (Mystic Silver, 128 GB)",3000.0,,9.0,,27990.0,4.6,30990.0,mobiles,9.68,"₹25,001–₹50,000"
"Vivo Y12 (Aqua Blue, 64 GB)",3000.0,,21.0,,10990.0,4.4,13990.0,mobiles,21.44,"₹10,001–₹25,000"
"OPPO F15 (Unicorn White, 128 GB)",1000.0,,4.0,,21990.0,4.4,22990.0,mobiles,4.35,"₹10,001–₹25,000"
Micromax X380,759.0,,50.0,,740.0,4.0,1499.0,mobiles,50.63,"₹501–₹1,000"
Samsung Metro 313 Dual Sim,210.0,,8.0,,2130.0,4.2,2340.0,mobiles,8.97,"₹1,001–₹5,000"
"Honor 9X (Midnight Black, 128 GB)",2000.0,,12.0,,13999.0,4.3,15999.0,mobiles,12.5,"₹10,001–₹25,000"
"Google Pixel 3a (Clearly White, 64 GB)",9000.0,,22.0,,30999.0,4.5,39999.0,mobiles,22.5,"₹25,001–₹50,000"
"Google Pixel 3a (Just Black, 64 GB)",9000.0,,22.0,,30999.0,4.5,39999.0,mobiles,22.5,"₹25,001–₹50,000"
"Mi A3 (More Than White, 64 GB)",2000.0,,13.0,,12999.0,4.3,14999.0,mobiles,13.33,"₹10,001–₹25,000"
Hicell C9 Metro,0.0,,0.0,,599.0,3.6,599.0,mobiles,0.0,"₹501–₹1,000"
Nokia 110,300.0,,14.0,,1799.0,4.1,2099.0,mobiles,14.29,"₹1,001–₹5,000"
Samsung Guru 1200,0.0,,0.0,,1405.0,4.3,1405.0,mobiles,0.0,"₹1,001–₹5,000"
Lava One,190.0,,14.0,,1159.0,4.1,1349.0,mobiles,14.08,"₹1,001–₹5,000"
Lava ONE,0.0,,0.0,,1499.0,4.1,1499.0,mobiles,0.0,"₹1,001–₹5,000"
Gfive U229,100.0,,16.0,,499.0,3.7,599.0,mobiles,16.69,<=₹500
Gfive U229,600.0,,54.0,,499.0,3.7,1099.0,mobiles,54.6,<=₹500
Kechaoda K66 Plus,0.0,,0.0,,999.0,4.1,999.0,mobiles,0.0,"₹501–₹1,000"
"Vivo S1 (Skyline Blue, 128 GB)",3000.0,,13.0,,19990.0,4.5,22990.0,mobiles,13.05,"₹10,001–₹25,000"
"Mi A3 (More Than White, 128 GB)",2500.0,,14.0,,14999.0,4.3,17499.0,mobiles,14.29,"₹10,001–₹25,000"
"OPPO A5 2020 (Mirror Black, 64 GB)",2000.0,,12.0,,13990.0,4.4,15990.0,mobiles,12.51,"₹10,001–₹25,000"
"OPPO A5 2020 (Dazzling White, 64 GB)",2000.0,,12.0,,13990.0,4.4,15990.0,mobiles,12.51,"₹10,001–₹25,000"
"Samsung Galaxy J2 Core (Blue, 16 GB)",700.0,,10.0,,6299.0,4.2,6999.0,mobiles,10.0,"₹5,001–₹10,000"
Kechaoda A26,0.0,,0.0,,990.0,4.1,990.0,mobiles,0.0,"₹501–₹1,000"
"Redmi Note 8 Pro (Shadow Black, 128 GB)",1000.0,,5.0,,18999.0,4.5,19999.0,mobiles,5.0,"₹10,001–₹25,000"
"Vivo S1 (Skyline Blue, 128 GB)",3000.0,,15.0,,16990.0,4.5,19990.0,mobiles,15.01,"₹10,001–₹25,000"
"Vivo V17 (Midnight Ocean Black, 128 GB)",3000.0,,10.0,,24990.0,4.5,27990.0,mobiles,10.72,"₹10,001–₹25,000"
"Honor 9X (Sapphire Blue, 128 GB)",3000.0,,15.0,,16999.0,4.4,19999.0,mobiles,15.0,"₹10,001–₹25,000"
"Honor 9X (Sapphire Blue, 128 GB)",2000.0,,12.0,,13999.0,4.3,15999.0,mobiles,12.5,"₹10,001–₹25,000"
"Mi A3 (Kind of Grey, 64 GB)",2000.0,,13.0,,12999.0,4.3,14999.0,mobiles,13.33,"₹10,001–₹25,000"
"Samsung Galaxy S9 (Midnight Black, 64 GB)",37501.0,,60.0,,24999.0,4.4,62500.0,mobiles,60.0,"₹10,001–₹25,000"
"Infinix S5 Pro (Forest Green, 64 GB)",2000.0,,15.0,,10999.0,4.5,12999.0,mobiles,15.39,"₹10,001–₹25,000"
"Moto E6s (Caribbean Blue, 64 GB)",2000.0,,20.0,,7999.0,4.1,9999.0,mobiles,20.0,"₹5,001–₹10,000"
"Redmi Note 7S (Sapphire Blue, 64 GB)",2000.0,,14.0,,11999.0,4.4,13999.0,mobiles,14.29,"₹10,001–₹25,000"
"Redmi 8A (Ocean Blue, 32 GB)",1000.0,,12.0,,6999.0,4.4,7999.0,mobiles,12.5,"₹5,001–₹10,000"
"Realme C3 (Blazing Red, 64 GB)",0.0,,0.0,,8999.0,4.4,8999.0,mobiles,0.0,"₹5,001–₹10,000"
"Honor 20i (Phantom Red, 128 GB)",6000.0,,35.0,,10999.0,4.3,16999.0,mobiles,35.3,"₹10,001–₹25,000"
Forme N1,0.0,,0.0,,599.0,3.5,599.0,mobiles,0.0,"₹501–₹1,000"
"Apple iPhone SE (Red, 128 GB)",0.0,,0.0,,47800.0,4.7,47800.0,mobiles,0.0,"₹25,001–₹50,000"
"Honor 9 Lite (Sapphire Blue, 32 GB)",5500.0,,39.0,,8499.0,4.3,13999.0,mobiles,39.29,"₹5,001–₹10,000"
"Honor 9 Lite (Midnight Black, 32 GB)",5500.0,,39.0,,8499.0,4.3,13999.0,mobiles,39.29,"₹5,001–₹10,000"
"Honor 9 Lite (Glacier Grey, 32 GB)",5500.0,,39.0,,8499.0,4.3,13999.0,mobiles,39.29,"₹5,001–₹10,000"
"Nokia 7.2 (Ice, 64 GB)",4600.0,,21.0,,16399.0,4.2,20999.0,mobiles,21.91,"₹10,001–₹25,000"
"Moto E6s (Rich Cranberry, 64 GB)",2000.0,,20.0,,7999.0,4.1,9999.0,mobiles,20.0,"₹5,001–₹10,000"
"Redmi Go (Black, 8 GB)",1500.0,,25.0,,4499.0,4.3,5999.0,mobiles,25.0,"₹1,001–₹5,000"
"Realme X2 (Pearl Blue, 128 GB)",0.0,,0.0,,20999.0,4.5,20999.0,mobiles,0.0,"₹10,001–₹25,000"
"Vivo U10 (Electric Blue, 64 GB)",2000.0,,14.0,,11990.0,4.4,13990.0,mobiles,14.3,"₹10,001–₹25,000"
"Realme X (Garlic, 128 GB)",0.0,,0.0,,20999.0,4.5,20999.0,mobiles,0.0,"₹10,001–₹25,000"
"Redmi Note 6 Pro (Black, 64 GB)",6000.0,,33.0,,11999.0,4.5,17999.0,mobiles,33.34,"₹10,001–₹25,000"
"Motorola G8 Power Lite (Royal Blue, 64 GB)",1000.0,,10.0,,8999.0,,9999.0,mobiles,10.0,"₹5,001–₹10,000"
"Redmi Note 7 Pro (Neptune Blue, 64 GB)",5000.0,,31.0,,10999.0,4.5,15999.0,mobiles,31.25,"₹10,001–₹25,000"
"Vivo U10 (Thunder Black, 64 GB)",1500.0,,12.0,,10490.0,4.4,11990.0,mobiles,12.51,"₹10,001–₹25,000"
"Realme 5s (Crystal Purple, 128 GB)",1000.0,,7.0,,11999.0,4.4,12999.0,mobiles,7.69,"₹10,001–₹25,000"
"Realme XT (Pearl Blue, 64 GB)",0.0,,0.0,,17999.0,4.5,17999.0,mobiles,0.0,"₹10,001–₹25,000"
Itel It2171,26.0,,2.0,,849.0,4.1,875.0,mobiles,2.97,"₹501–₹1,000"
Itel It2171,189.0,,18.0,,810.0,4.1,999.0,mobiles,18.92,"₹501–₹1,000"
"Redmi Note 9 Pro (Aurora Blue, 64 GB)",0.0,,0.0,,12999.0,4.4,12999.0,mobiles,0.0,"₹10,001–₹25,000"
"Redmi Note 9 Pro (Aurora Blue, 128 GB)",1000.0,,6.0,,14999.0,4.7,15999.0,mobiles,6.25,"₹10,001–₹25,000"
"Apple iPhone XS (Space Grey, 64 GB)",26901.0,,29.0,,62999.0,4.7,89900.0,mobiles,29.92,"₹50,001–₹1,00,000"
"Realme X2 (Pearl Green, 64 GB)",0.0,,0.0,,17999.0,4.5,17999.0,mobiles,0.0,"₹10,001–₹25,000"
"Realme X2 (Pearl Green, 128 GB)",0.0,,0.0,,19999.0,4.5,19999.0,mobiles,0.0,"₹10,001–₹25,000"
"Apple iPhone XS (Gold, 64 GB)",26901.0,,29.0,,62999.0,4.7,89900.0,mobiles,29.92,"₹50,001–₹1,00,000"
Itel IT 2163,32.0,,3.0,,790.0,4.0,822.0,mobiles,3.89,"₹501–₹1,000"
Kechaoda K-55 Plus,154.0,,12.0,,1045.0,4.0,1199.0,mobiles,12.84,"₹1,001–₹5,000"
Lava Spark i8,420.0,,22.0,,1479.0,4.1,1899.0,mobiles,22.12,"₹1,001–₹5,000"
Samsung Metro 313 Dual Sim,46.0,,1.0,,2294.0,4.3,2340.0,mobiles,1.97,"₹1,001–₹5,000"
"Redmi Note 8 Pro (Halo White, 128 GB)",1000.0,,5.0,,18999.0,4.5,19999.0,mobiles,5.0,"₹10,001–₹25,000"
"Apple iPhone 11 (Purple, 64 GB)",0.0,,0.0,,68300.0,4.7,68300.0,mobiles,0.0,"₹50,001–₹1,00,000"
"Coolpad Cool 3 (Midnight Blue, 16 GB)",2441.0,,34.0,,4549.0,3.8,6990.0,mobiles,34.92,"₹1,001–₹5,000"
"Apple iPhone 11 (White, 128 GB)",0.0,,0.0,,73600.0,4.7,73600.0,mobiles,0.0,"₹50,001–₹1,00,000"
Nokia 105 SS,100.0,,8.0,,1149.0,4.3,1249.0,mobiles,8.01,"₹1,001–₹5,000"
Nokia 105 SS,130.0,,10.0,,1119.0,4.3,1249.0,mobiles,10.41,"₹1,001–₹5,000"
"Realme X2 (Pearl White, 128 GB)",0.0,,0.0,,20999.0,4.5,20999.0,mobiles,0.0,"₹10,001–₹25,000"
"Realme X2 (Pearl Green, 128 GB)",0.0,,0.0,,20999.0,4.5,20999.0,mobiles,0.0,"₹10,001–₹25,000"
"Realme X2 (Pearl White, 64 GB)",0.0,,0.0,,17999.0,4.5,17999.0,mobiles,0.0,"₹10,001–₹25,000"
Lava A7,583.0,,30.0,,1316.0,4.2,1899.0,mobiles,30.7,"₹1,001–₹5,000"
"Apple iPhone 11 (White, 64 GB)",0.0,,0.0,,68300.0,4.7,68300.0,mobiles,0.0,"₹50,001–₹1,00,000"
"Apple iPhone 7 Plus (Gold, 32 GB)",901.0,,2.0,,36999.0,4.5,37900.0,mobiles,2.38,"₹25,001–₹50,000"
Lava 34 Plus,230.0,,13.0,,1499.0,4.3,1729.0,mobiles,13.3,"₹1,001–₹5,000"
Snexian Rock,969.0,,48.0,,1030.0,3.9,1999.0,mobiles,48.47,"₹1,001–₹5,000"
"Mi A3 (Not just Blue, 128 GB)",2500.0,,14.0,,14999.0,4.3,17499.0,mobiles,14.29,"₹10,001–₹25,000"
Karbonn K9 Mini,200.0,,20.0,,790.0,3.9,990.0,mobiles,20.2,"₹501–₹1,000"
"OPPO F11 (Jewelry White, 128 GB)",6000.0,,25.0,,17990.0,4.4,23990.0,mobiles,25.01,"₹10,001–₹25,000"
"Realme XT (Pearl White, 64 GB)",0.0,,0.0,,17999.0,4.5,17999.0,mobiles,0.0,"₹10,001–₹25,000"
"Realme XT (Pearl Blue, 128 GB)",0.0,,0.0,,19999.0,4.5,19999.0,mobiles,0.0,"₹10,001–₹25,000"
"Realme XT (Pearl White, 128 GB)",0.0,,0.0,,19999.0,4.5,19999.0,mobiles,0.0,"₹10,001–₹25,000"
"Apple iPhone 11 (Purple, 128 GB)",0.0,,0.0,,73600.0,4.7,73600.0,mobiles,0.0,"₹50,001–₹1,00,000"
Kechaoda K33,0.0,,0.0,,949.0,4.1,949.0,mobiles,0.0,"₹501–₹1,000"
"Realme C1 (Navy Blue, 32 GB)",1500.0,,15.0,,8499.0,4.4,9999.0,mobiles,15.0,"₹5,001–₹10,000"
"POCO X2 (Matrix Purple, 64 GB)",1000.0,,5.0,,16999.0,4.5,17999.0,mobiles,5.56,"₹10,001–₹25,000"
"Samsung Galaxy S9 Plus (Midnight Black, 64 GB)",39001.0,,55.0,,30999.0,4.5,70000.0,mobiles,55.72,"₹25,001–₹50,000"
Micromax X741,0.0,,0.0,,1198.0,4.0,1198.0,mobiles,0.0,"₹1,001–₹5,000"
Itel Muzik 400,0.0,,0.0,,1398.0,4.1,1398.0,mobiles,0.0,"₹1,001–₹5,000"
"Honor 10 Lite (Sky Blue, 64 GB)",6800.0,,35.0,,12199.0,4.4,18999.0,mobiles,35.79,"₹10,001–₹25,000"
Lava Spark i8,10.0,,0.0,,1559.0,4.1,1569.0,mobiles,0.64,"₹1,001–₹5,000"
"OPPO A5 2020 (Dazzling White, 64 GB)",2500.0,,16.0,,12490.0,4.4,14990.0,mobiles,16.68,"₹10,001–₹25,000"
Kara Elight,0.0,,0.0,,699.0,3.7,699.0,mobiles,0.0,"₹501–₹1,000"
"POCO X2 (Atlantis Blue, 256 GB)",0.0,,0.0,,20999.0,4.5,20999.0,mobiles,0.0,"₹10,001–₹25,000"
Karbonn K9 SPY,0.0,,0.0,,1149.0,3.9,1149.0,mobiles,0.0,"₹1,001–₹5,000"
"Moto E6s (Polished Graphite, 64 GB)",2000.0,,20.0,,7999.0,4.1,9999.0,mobiles,20.0,"₹5,001–₹10,000"
Snexian Rock,0.0,,0.0,,1030.0,3.9,1030.0,mobiles,0.0,"₹1,001–₹5,000"
Snexian Rock,0.0,,0.0,,1285.0,3.9,1285.0,mobiles,0.0,"₹1,001–₹5,000"
"Vivo V17 (Glacier ice white, 128 GB)",3000.0,,10.0,,24990.0,4.5,27990.0,mobiles,10.72,"₹10,001–₹25,000"
"Huawei Y9 Prime 2019 (Sapphire Blue, 128 GB)",3991.0,,19.0,,15999.0,4.3,19990.0,mobiles,19.96,"₹10,001–₹25,000"
Lava A1200,19.0,,1.0,,1180.0,4.2,1199.0,mobiles,1.58,"₹1,001–₹5,000"
"Meizu C9 (Gold, 16 GB)",3300.0,,47.0,,3699.0,4.1,6999.0,mobiles,47.15,"₹1,001–₹5,000"
Kechaoda A27,0.0,,0.0,,990.0,4.1,990.0,mobiles,0.0,"₹501–₹1,000"
Micromax X746,1300.0,,52.0,,1199.0,4.0,2499.0,mobiles,52.02,"₹1,001–₹5,000"
"OPPO F11 (Fluorite Purple, 128 GB)",8000.0,,36.0,,13990.0,4.4,21990.0,mobiles,36.38,"₹10,001–₹25,000"
"Vivo S1 (Diamond Black, 128 GB)",3000.0,,15.0,,16990.0,4.5,19990.0,mobiles,15.01,"₹10,001–₹25,000"
"Vivo S1 (Diamond Black, 128 GB)",3000.0,,13.0,,19990.0,4.5,22990.0,mobiles,13.05,"₹10,001–₹25,000"
"Samsung Galaxy A50s (Prism Crush Black, 128 GB)",6330.0,,25.0,,18570.0,4.3,24900.0,mobiles,25.42,"₹10,001–₹25,000"
Lava A1200,150.0,,11.0,,1199.0,4.2,1349.0,mobiles,11.12,"₹1,001–₹5,000"
"Redmi Note 7S (Sapphire Blue, 32 GB)",2000.0,,16.0,,9999.0,4.4,11999.0,mobiles,16.67,"₹5,001–₹10,000"
"Apple iPhone XR (White, 128 GB)",0.0,,0.0,,57800.0,4.6,57800.0,mobiles,0.0,"₹50,001–₹1,00,000"
"Apple iPhone 8 (Silver, 64 GB)",901.0,,2.0,,38999.0,4.5,39900.0,mobiles,2.26,"₹25,001–₹50,000"
"Micromax iOne (Black, 16 GB)",15.0,,0.0,,3965.0,4.0,3980.0,mobiles,0.38,"₹1,001–₹5,000"
Micromax X811,0.0,,0.0,,1099.0,3.8,1099.0,mobiles,0.0,"₹1,001–₹5,000"
"Tecno Spark Go Plus (Vacation Blue, 32 GB)",200.0,,2.0,,7299.0,4.3,7499.0,mobiles,2.67,"₹5,001–₹10,000"
Intex Turbo 108+,0.0,,0.0,,999.0,4.2,999.0,mobiles,0.0,"₹501–₹1,000"
"Karbonn Vue 1 (Champagne, 8 GB)",0.0,,0.0,,3799.0,4.0,3799.0,mobiles,0.0,"₹1,001–₹5,000"
"OPPO A9 2020 (Marine Green, 128 GB)",3000.0,,15.0,,15990.0,4.4,18990.0,mobiles,15.8,"₹10,001–₹25,000"
"Honor 9 Lite (Midnight Black, 64 GB)",8500.0,,50.0,,8499.0,4.3,16999.0,mobiles,50.0,"₹5,001–₹10,000"
"XOLO Era 4x (Black, 16 GB)",2900.0,,40.0,,4299.0,4.1,7199.0,mobiles,40.28,"₹1,001–₹5,000"
"Vivo V15 Pro (Topaz Blue, 128 GB)",11891.0,,36.0,,21099.0,4.5,32990.0,mobiles,36.04,"₹10,001–₹25,000"
Micromax X740,305.0,,20.0,,1194.0,3.8,1499.0,mobiles,20.35,"₹1,001–₹5,000"
Kechaoda K28,0.0,,0.0,,1075.0,4.0,1075.0,mobiles,0.0,"₹1,001–₹5,000"
"Realme X2 Pro (Neptune Blue, 64 GB)",0.0,,0.0,,29999.0,4.5,29999.0,mobiles,0.0,"₹25,001–₹50,000"
Samsung Guru 1200,21.0,,1.0,,1389.0,4.3,1410.0,mobiles,1.49,"₹1,001–₹5,000"
"OnePlus 7 (Red, 256 GB)",0.0,,0.0,,36480.0,4.6,36480.0,mobiles,0.0,"₹25,001–₹50,000"
Micromax X809,0.0,,0.0,,1170.0,3.9,1170.0,mobiles,0.0,"₹1,001–₹5,000"
"Redmi K20 (Carbon Black, 64 GB)",1000.0,,4.0,,21999.0,4.5,22999.0,mobiles,4.35,"₹10,001–₹25,000"
Kechaoda K115,450.0,,33.0,,899.0,4.1,1349.0,mobiles,33.36,"₹501–₹1,000"
"Redmi Note 7 Pro (Neptune Blue, 64 GB)",4000.0,,23.0,,12999.0,4.5,16999.0,mobiles,23.53,"₹10,001–₹25,000"
Samsung Guru Music 2 SM-B310E,51.0,,2.0,,1899.0,4.1,1950.0,mobiles,2.62,"₹1,001–₹5,000"
Hicell C1 Nova,0.0,,0.0,,599.0,3.5,599.0,mobiles,0.0,"₹501–₹1,000"
"Realme X (Space Blue, 128 GB)",0.0,,0.0,,20999.0,4.5,20999.0,mobiles,0.0,"₹10,001–₹25,000"
"Realme X (Space Blue, 128 GB)",0.0,,0.0,,17999.0,4.5,17999.0,mobiles,0.0,"₹10,001–₹25,000"
"Realme 3i (Diamond Black, 64 GB)",500.0,,4.0,,10499.0,4.4,10999.0,mobiles,4.55,"₹10,001–₹25,000"
"Realme 3i (Diamond Blue, 32 GB)",500.0,,5.0,,8499.0,4.4,8999.0,mobiles,5.56,"₹5,001–₹10,000"
"Redmi Note 8 (Cosmic Purple, 64 GB)",1550.0,,11.0,,11449.0,4.4,12999.0,mobiles,11.92,"₹10,001–₹25,000"
"Realme 5s (Crystal Red, 128 GB)",1000.0,,7.0,,11999.0,4.4,12999.0,mobiles,7.69,"₹10,001–₹25,000"
"Asus ZenFone Max M2 (Blue, 32 GB)",5500.0,,42.0,,7499.0,4.3,12999.0,mobiles,42.31,"₹5,001–₹10,000"
"Redmi Note 7 Pro (Space Black, 64 GB)",5000.0,,31.0,,10999.0,4.5,15999.0,mobiles,31.25,"₹10,001–₹25,000"
Muphone M20,1020.0,,51.0,,979.0,,1999.0,mobiles,51.03,"₹501–₹1,000"
"Motorola One Vision (Sapphire Gradient, 128 GB)",8000.0,,34.0,,14999.0,4.1,22999.0,mobiles,34.78,"₹10,001–₹25,000"
Itel it5260,0.0,,0.0,,1345.0,4.7,1345.0,mobiles,0.0,"₹1,001–₹5,000"
"Redmi K20 Pro (Flame Red, 128 GB)",2000.0,,6.0,,26999.0,4.5,28999.0,mobiles,6.9,"₹25,001–₹50,000"
Easyfone Royale,351.0,,9.0,,3399.0,4.1,3750.0,mobiles,9.36,"₹1,001–₹5,000"
Tambo A1800,0.0,,0.0,,720.0,3.8,720.0,mobiles,0.0,"₹501–₹1,000"
"OPPO Reno2 F (Lake Green, 128 GB)",5500.0,,18.0,,23490.0,4.5,28990.0,mobiles,18.97,"₹10,001–₹25,000"
"Redmi Note 7S (Onyx Black, 32 GB)",2000.0,,16.0,,9999.0,4.4,11999.0,mobiles,16.67,"₹5,001–₹10,000"
"Motorola One Action (Denim Blue, 128 GB)",6000.0,,35.0,,10999.0,4.2,16999.0,mobiles,35.3,"₹10,001–₹25,000"
Nokia 150/150 DS,0.0,,0.0,,2156.0,4.2,2156.0,mobiles,0.0,"₹1,001–₹5,000"
Karbonn K140 Pop,0.0,,0.0,,799.0,3.9,799.0,mobiles,0.0,"₹501–₹1,000"
Karbonn K140 Pop,110.0,,12.0,,789.0,3.9,899.0,mobiles,12.24,"₹501–₹1,000"
"Moto G6 (Indigo Black, 64 GB)",0.0,,0.0,,15999.0,4.2,15999.0,mobiles,0.0,"₹10,001–₹25,000"
Karbonn KX3,0.0,,0.0,,799.0,3.9,799.0,mobiles,0.0,"₹501–₹1,000"
Karbonn K-Pebble,0.0,,0.0,,1379.0,3.9,1379.0,mobiles,0.0,"₹1,001–₹5,000"
Itel Magic 1 Max,10.0,,0.0,,1458.0,3.9,1468.0,mobiles,0.68,"₹1,001–₹5,000"
I Kall K2180 Pack of Two Mobile,100.0,,7.0,,1199.0,3.6,1299.0,mobiles,7.7,"₹1,001–₹5,000"
"Gionee F9 (Blue, 32 GB)",2401.0,,30.0,,5499.0,4.1,7900.0,mobiles,30.39,"₹5,001–₹10,000"
Itel It 2190,0.0,,0.0,,989.0,4.1,989.0,mobiles,0.0,"₹501–₹1,000"
"Tecno Camon 15 (SHOAL GOLD, 64 GB)",0.0,,0.0,,11499.0,4.3,11499.0,mobiles,0.0,"₹10,001–₹25,000"
"Lenovo K9 (Black, 32 GB)",3500.0,,35.0,,6499.0,4.1,9999.0,mobiles,35.0,"₹5,001–₹10,000"
"Asus ZenFone Max M2 (Black, 32 GB)",5500.0,,42.0,,7499.0,4.3,12999.0,mobiles,42.31,"₹5,001–₹10,000"
"Samsung Galaxy M30 (Gradation Black, 64 GB)",0.0,,0.0,,15990.0,4.4,15990.0,mobiles,0.0,"₹10,001–₹25,000"
I Kall K2180,0.0,,0.0,,649.0,3.7,649.0,mobiles,0.0,"₹501–₹1,000"
"Asus ZenFone Max M2 (Silver, 32 GB)",5500.0,,42.0,,7499.0,4.3,12999.0,mobiles,42.31,"₹5,001–₹10,000"
"Tecno Spark 4 Air (Polar Blue, 32 GB)",1500.0,,18.0,,6499.0,4.2,7999.0,mobiles,18.75,"₹5,001–₹10,000"
"Tecno Spark 4 Air (Nebula Black, 32 GB)",0.0,,0.0,,7150.0,4.2,7150.0,mobiles,0.0,"₹5,001–₹10,000"
Micromax X807,0.0,,0.0,,1425.0,4.1,1425.0,mobiles,0.0,"₹1,001–₹5,000"
Micromax X412,61.0,,7.0,,738.0,3.9,799.0,mobiles,7.63,"₹501–₹1,000"
"Redmi K20 Pro (Glacier Blue, 128 GB)",2000.0,,6.0,,26999.0,4.5,28999.0,mobiles,6.9,"₹25,001–₹50,000"
"Infinix Note 5 (Milan Black, 32 GB)",3400.0,,30.0,,7599.0,4.2,10999.0,mobiles,30.91,"₹5,001–₹10,000"
BlackBear D101 Handy,0.0,,0.0,,1099.0,3.3,1099.0,mobiles,0.0,"₹1,001–₹5,000"
"Lenovo K9 Note (Black, 64 GB)",4500.0,,37.0,,7499.0,4.1,11999.0,mobiles,37.5,"₹5,001–₹10,000"
Gfive Classic,0.0,,0.0,,649.0,3.6,649.0,mobiles,0.0,"₹501–₹1,000"
"Redmi Y2 (Black, 64 GB)",5000.0,,37.0,,8499.0,4.4,13499.0,mobiles,37.04,"₹5,001–₹10,000"
"Realme 3i (Diamond Red, 32 GB)",500.0,,5.0,,8499.0,4.4,8999.0,mobiles,5.56,"₹5,001–₹10,000"
Karbonn K2 Boom Box,0.0,,0.0,,809.0,3.9,809.0,mobiles,0.0,"₹501–₹1,000"
Micromax X421,0.0,,0.0,,925.0,4.1,925.0,mobiles,0.0,"₹501–₹1,000"
"Redmi 8A Dual (Sea Blue, 32 GB)",100.0,,1.0,,7399.0,4.3,7499.0,mobiles,1.33,"₹5,001–₹10,000"
"Redmi 8A Dual (Midnight Grey, 32 GB)",500.0,,6.0,,7499.0,4.3,7999.0,mobiles,6.25,"₹5,001–₹10,000"
"Realme 3 Pro (Nitro Blue, 64 GB)",2000.0,,11.0,,15999.0,4.5,17999.0,mobiles,11.11,"₹10,001–₹25,000"
"Realme 3 Pro (Carbon Grey, 64 GB)",2000.0,,12.0,,13999.0,4.5,15999.0,mobiles,12.5,"₹10,001–₹25,000"
"Realme 3 Pro (Carbon Grey, 128 GB)",3000.0,,15.0,,16999.0,4.5,19999.0,mobiles,15.0,"₹10,001–₹25,000"
I Kall K20 New Combo of Two Mobiles,0.0,,0.0,,1199.0,3.4,1199.0,mobiles,0.0,"₹1,001–₹5,000"
"OPPO A5 (Diamond Red, 32 GB)",3300.0,,20.0,,12690.0,4.3,15990.0,mobiles,20.64,"₹10,001–₹25,000"
InFocus F229,0.0,,0.0,,1185.0,4.0,1185.0,mobiles,0.0,"₹1,001–₹5,000"
"Redmi Note 8 Pro (Gamma Green, 64 GB)",0.0,,0.0,,16999.0,4.5,16999.0,mobiles,0.0,"₹10,001–₹25,000"
"Redmi Y2 (Blue, 32 GB)",2500.0,,23.0,,7999.0,4.5,10499.0,mobiles,23.81,"₹5,001–₹10,000"
"Asus ZenFone Max M1 (Black, 32 GB)",3600.0,,37.0,,5999.0,4.1,9599.0,mobiles,37.5,"₹5,001–₹10,000"
"Samsung Galaxy S10 Lite (Prism Black, 128 GB)",1000.0,,2.0,,42999.0,4.5,43999.0,mobiles,2.27,"₹25,001–₹50,000"
Karbonn K451 Power,0.0,,0.0,,1229.0,3.8,1229.0,mobiles,0.0,"₹1,001–₹5,000"
"Redmi Y2 (Rose Gold, 64 GB)",5000.0,,37.0,,8499.0,4.4,13499.0,mobiles,37.04,"₹5,001–₹10,000"
Itel It 2190,248.0,,22.0,,877.0,4.1,1125.0,mobiles,22.04,"₹501–₹1,000"
"Redmi Note 8 (Space Black, 64 GB)",2001.0,,16.0,,9998.0,4.4,11999.0,mobiles,16.68,"₹5,001–₹10,000"
"Samsung Galaxy A30s (Prism Crush White, 64 GB)",3001.0,,15.0,,15899.0,4.3,18900.0,mobiles,15.88,"₹10,001–₹25,000"
Kechaoda K33,0.0,,0.0,,950.0,4.1,950.0,mobiles,0.0,"₹501–₹1,000"
"Apple iPhone 11 (Red, 128 GB)",0.0,,0.0,,73600.0,4.7,73600.0,mobiles,0.0,"₹50,001–₹1,00,000"
"Samsung Galaxy S10 Lite (Prism Blue, 128 GB)",1000.0,,2.0,,42999.0,4.5,43999.0,mobiles,2.27,"₹25,001–₹50,000"
Nokia 105,150.0,,10.0,,1349.0,4.2,1499.0,mobiles,10.01,"₹1,001–₹5,000"
Karbonn K99 Pro,0.0,,0.0,,1279.0,3.8,1279.0,mobiles,0.0,"₹1,001–₹5,000"
Nokia 105,54.0,,4.0,,1295.0,4.2,1349.0,mobiles,4.0,"₹1,001–₹5,000"
JIVI N3720 Power,0.0,,0.0,,2299.0,4.1,2299.0,mobiles,0.0,"₹1,001–₹5,000"
"Honor 20 (Midnight Black, 128 GB)",14000.0,,38.0,,21999.0,4.4,35999.0,mobiles,38.89,"₹10,001–₹25,000"
"Samsung Galaxy A71 (Prism Crush Silver, 128 GB)",2000.0,,5.0,,32999.0,4.5,34999.0,mobiles,5.71,"₹25,001–₹50,000"
Gfive Alpha,0.0,,0.0,,999.0,3.4,999.0,mobiles,0.0,"₹501–₹1,000"
"POCO F1 (Armoured Edition, 256 GB)",13000.0,,41.0,,17999.0,4.5,30999.0,mobiles,41.94,"₹10,001–₹25,000"
Itel Power 400,0.0,,0.0,,1299.0,4.1,1299.0,mobiles,0.0,"₹1,001–₹5,000"
"Yu Yureka Black (Chrome Black, 32 GB)",4100.0,,37.0,,6899.0,4.0,10999.0,mobiles,37.28,"₹5,001–₹10,000"
Kechaoda K112,0.0,,0.0,,1240.0,3.9,1240.0,mobiles,0.0,"₹1,001–₹5,000"
"Asus Zenfone Max Pro M1 (Black, 64 GB)",6500.0,,36.0,,11499.0,4.3,17999.0,mobiles,36.11,"₹10,001–₹25,000"
"Micromax Bharat 4 (Blue, 8 GB)",0.0,,0.0,,3998.0,3.8,3998.0,mobiles,0.0,"₹1,001–₹5,000"
"Vivo Y17 (Mineral Blue, 128 GB)",4191.0,,22.0,,14799.0,4.4,18990.0,mobiles,22.07,"₹10,001–₹25,000"
"Realme X2 Pro (Neptune Blue, 128 GB)",0.0,,0.0,,31999.0,4.6,31999.0,mobiles,0.0,"₹25,001–₹50,000"
"Realme X2 Pro (Lunar White, 64 GB)",0.0,,0.0,,29999.0,4.5,29999.0,mobiles,0.0,"₹25,001–₹50,000"
"Realme X2 Pro (Neptune Blue, 256 GB)",0.0,,0.0,,35999.0,4.6,35999.0,mobiles,0.0,"₹25,001–₹50,000"
"OPPO K1 (Piano Black, 64 GB)",4000.0,,21.0,,14990.0,4.4,18990.0,mobiles,21.06,"₹10,001–₹25,000"
"OPPO K1 (Astral Blue, 64 GB)",4000.0,,21.0,,14990.0,4.4,18990.0,mobiles,21.06,"₹10,001–₹25,000"
"OPPO A3s (Purple, 64 GB)",3391.0,,24.0,,10599.0,4.3,13990.0,mobiles,24.24,"₹10,001–₹25,000"
Kechaoda K115,0.0,,0.0,,895.0,4.1,895.0,mobiles,0.0,"₹501–₹1,000"
Hicell C5,0.0,,0.0,,599.0,3.6,599.0,mobiles,0.0,"₹501–₹1,000"
"Realme X2 Pro (Concrete, 256 GB)",0.0,,0.0,,36999.0,4.6,36999.0,mobiles,0.0,"₹25,001–₹50,000"
"Redmi Note 8 Pro (Electric Blue, 128 GB)",1000.0,,5.0,,18999.0,4.5,19999.0,mobiles,5.0,"₹10,001–₹25,000"
"Gionee A1 Lite (Gold, 32 GB)",5500.0,,47.0,,5999.0,4.0,11499.0,mobiles,47.83,"₹5,001–₹10,000"
"Yu Yutopia (Graphite Grey, 32 GB)",22600.0,,75.0,,7399.0,2.7,29999.0,mobiles,75.34,"₹5,001–₹10,000"
Itel It 2163,6.0,,0.0,,793.0,4.0,799.0,mobiles,0.75,"₹501–₹1,000"
Itel IT 2163,5.0,,0.0,,794.0,4.0,799.0,mobiles,0.63,"₹501–₹1,000"
"Realme X (Super Polar White, 128 GB)",0.0,,0.0,,21999.0,4.5,21999.0,mobiles,0.0,"₹10,001–₹25,000"
"Samsung Galaxy S10 Lite (Prism White, 128 GB)",1000.0,,2.0,,42999.0,4.5,43999.0,mobiles,2.27,"₹25,001–₹50,000"
Karbonn K24+,0.0,,0.0,,999.0,3.9,999.0,mobiles,0.0,"₹501–₹1,000"
"Apple iPhone SE (Black, 256 GB)",0.0,,0.0,,58300.0,4.7,58300.0,mobiles,0.0,"₹50,001–₹1,00,000"
"Moto G8 Plus (Crystal Pink, 64 GB)",2000.0,,12.0,,13999.0,4.3,15999.0,mobiles,12.5,"₹10,001–₹25,000"
"Infinix Hot 9 Pro (Violet, 64 GB)",1500.0,,13.0,,9499.0,,10999.0,mobiles,13.64,"₹5,001–₹10,000"
"Redmi Note 7 Pro (Astro Moonlight White, 64 GB)",4000.0,,23.0,,12999.0,4.5,16999.0,mobiles,23.53,"₹10,001–₹25,000"
"Honor 20 (Sapphire Blue, 128 GB)",14000.0,,38.0,,21999.0,4.4,35999.0,mobiles,38.89,"₹10,001–₹25,000"
"Gionee F10 (Blue, 32 GB)",991.0,,12.0,,6999.0,4.2,7990.0,mobiles,12.4,"₹5,001–₹10,000"
Jmax M43,600.0,,54.0,,499.0,3.7,1099.0,mobiles,54.6,<=₹500
Blackbear B5 Bucket,0.0,,0.0,,699.0,3.7,699.0,mobiles,0.0,"₹501–₹1,000"
Kechaoda A26,0.0,,0.0,,970.0,4.1,970.0,mobiles,0.0,"₹501–₹1,000"
Kechaoda A26,677.0,,45.0,,822.0,4.1,1499.0,mobiles,45.16,"₹501–₹1,000"
"Gionee F9 (Black, 32 GB)",2401.0,,30.0,,5499.0,4.1,7900.0,mobiles,30.39,"₹5,001–₹10,000"
Kechaoda A27,0.0,,0.0,,970.0,4.1,970.0,mobiles,0.0,"₹501–₹1,000"
"Redmi K20 Pro (Flame Red, 256 GB)",2000.0,,6.0,,29999.0,4.5,31999.0,mobiles,6.25,"₹25,001–₹50,000"
"Gionee F205 (Black and Gold, 16 GB)",4480.0,,52.0,,3999.0,4.0,8479.0,mobiles,52.84,"₹1,001–₹5,000"
I Kall K112 Pack of two Mobile,1299.0,,50.0,,1299.0,4.4,2598.0,mobiles,50.0,"₹1,001–₹5,000"
"Redmi K20 Pro (Carbon Black, 128 GB)",2000.0,,6.0,,26999.0,4.5,28999.0,mobiles,6.9,"₹25,001–₹50,000"
Karbonn K24 Plus Pro,0.0,,0.0,,1069.0,3.8,1069.0,mobiles,0.0,"₹1,001–₹5,000"
"Nokia 4.2 (Black, 32 GB)",3600.0,,26.0,,10099.0,4.1,13699.0,mobiles,26.28,"₹10,001–₹25,000"
"Redmi Note 8 Pro (Gamma Green, 128 GB)",1000.0,,5.0,,18999.0,4.5,19999.0,mobiles,5.0,"₹10,001–₹25,000"
Karbonn KX24,0.0,,0.0,,1199.0,3.9,1199.0,mobiles,0.0,"₹1,001–₹5,000"
"Realme C2 (Diamond Blue, 16 GB)",500.0,,7.0,,6499.0,4.4,6999.0,mobiles,7.14,"₹5,001–₹10,000"
"Apple iPhone 11 (Green, 128 GB)",0.0,,0.0,,73600.0,4.7,73600.0,mobiles,0.0,"₹50,001–₹1,00,000"
"Apple iPhone XR (Blue, 64 GB)",0.0,,0.0,,52500.0,4.6,52500.0,mobiles,0.0,"₹50,001–₹1,00,000"
Micromax X516,0.0,,0.0,,1050.0,4.0,1050.0,mobiles,0.0,"₹1,001–₹5,000"
"Realme C1 (Mirror Black, 32 GB)",1500.0,,15.0,,8499.0,4.4,9999.0,mobiles,15.0,"₹5,001–₹10,000"
Karbonn KX1,0.0,,0.0,,799.0,3.9,799.0,mobiles,0.0,"₹501–₹1,000"
"Realme 3 (Diamond Red, 64 GB)",3500.0,,26.0,,9499.0,4.4,12999.0,mobiles,26.93,"₹5,001–₹10,000"
"Realme 3 (Radiant Blue, 32 GB)",2500.0,,22.0,,8499.0,4.4,10999.0,mobiles,22.73,"₹5,001–₹10,000"
"Realme 3 (Radiant Blue, 64 GB)",2500.0,,20.0,,9499.0,4.4,11999.0,mobiles,20.84,"₹5,001–₹10,000"
"Realme 3 (Dynamic Black, 64 GB)",2500.0,,19.0,,10499.0,4.4,12999.0,mobiles,19.23,"₹10,001–₹25,000"
"Realme 3 (Dynamic Black, 64 GB)",2500.0,,20.0,,9499.0,4.4,11999.0,mobiles,20.84,"₹5,001–₹10,000"
"Realme 3 (Dynamic Black, 32 GB)",2500.0,,22.0,,8499.0,4.4,10999.0,mobiles,22.73,"₹5,001–₹10,000"
"Asus Zenfone Max Pro M1 (Blue, 64 GB)",7100.0,,45.0,,8499.0,4.3,15599.0,mobiles,45.52,"₹5,001–₹10,000"
Itel it5607,266.0,,21.0,,983.0,4.1,1249.0,mobiles,21.3,"₹501–₹1,000"
Micromax X741,0.0,,0.0,,1365.0,4.0,1365.0,mobiles,0.0,"₹1,001–₹5,000"
"Redmi K20 Pro (Pearl White, 128 GB)",2000.0,,6.0,,26999.0,4.5,28999.0,mobiles,6.9,"₹25,001–₹50,000"
Jmax M40,600.0,,54.0,,499.0,3.7,1099.0,mobiles,54.6,<=₹500
Karbonn K885 Metal,0.0,,0.0,,1299.0,3.8,1299.0,mobiles,0.0,"₹1,001–₹5,000"
"Yu Ace (Charcoal Grey, 16 GB)",3000.0,,37.0,,4999.0,4.1,7999.0,mobiles,37.5,"₹1,001–₹5,000"
"Gionee F10 (Black, 32 GB)",991.0,,12.0,,6999.0,4.2,7990.0,mobiles,12.4,"₹5,001–₹10,000"
Lava Captain K1 Plus,0.0,,0.0,,939.0,3.8,939.0,mobiles,0.0,"₹501–₹1,000"
"Honor 10 Lite (Midnight Black, 32 GB)",5500.0,,39.0,,8499.0,4.4,13999.0,mobiles,39.29,"₹5,001–₹10,000"
"Honor 10 Lite (Sapphire Blue, 64 GB)",5400.0,,31.0,,11599.0,4.4,16999.0,mobiles,31.77,"₹10,001–₹25,000"
"Honor 10 Lite (Sapphire Blue, 64 GB)",6800.0,,35.0,,12199.0,4.4,18999.0,mobiles,35.79,"₹10,001–₹25,000"
"Karbonn Aura Power 4G+ (Champagne, 16 GB)",2991.0,,45.0,,3599.0,3.4,6590.0,mobiles,45.39,"₹1,001–₹5,000"
"Gionee F9 (Champagne, 32 GB)",2401.0,,30.0,,5499.0,4.1,7900.0,mobiles,30.39,"₹5,001–₹10,000"
"Samsung Galaxy M30 (Blue, 32 GB)",601.0,,5.0,,10399.0,4.4,11000.0,mobiles,5.46,"₹10,001–₹25,000"
Gfive U220+,44.0,,7.0,,555.0,3.5,599.0,mobiles,7.35,"₹501–₹1,000"
"Nubia Redmagic 3S (Mecha Silver, 128 GB)",4000.0,,10.0,,35999.0,4.3,39999.0,mobiles,10.0,"₹25,001–₹50,000"
Karbonn K19 Rock,0.0,,0.0,,899.0,3.8,899.0,mobiles,0.0,"₹501–₹1,000"
I Kall K51,0.0,,0.0,,649.0,3.3,649.0,mobiles,0.0,"₹501–₹1,000"
"Micromax Vdeo 3 (Champagne, 8 GB)",0.0,,0.0,,5749.0,4.0,5749.0,mobiles,0.0,"₹5,001–₹10,000"
"Apple iPhone 7 (Rose Gold, 32 GB)",401.0,,1.0,,29499.0,4.5,29900.0,mobiles,1.34,"₹25,001–₹50,000"
"Honor 7S (Black, 16 GB)",2500.0,,27.0,,6499.0,4.1,8999.0,mobiles,27.78,"₹5,001–₹10,000"
"Infinix Hot 7 (Mocha Brown, 64 GB)",0.0,,0.0,,9999.0,4.2,9999.0,mobiles,0.0,"₹5,001–₹10,000"
Jivi Banana 6,400.0,,28.0,,999.0,3.9,1399.0,mobiles,28.59,"₹501–₹1,000"
"Nokia 2.2 (Black, 16 GB)",3600.0,,39.0,,5499.0,4.0,9099.0,mobiles,39.56,"₹5,001–₹10,000"
"Apple iPhone 6s (Silver, 32 GB)",4601.0,,15.0,,25299.0,4.5,29900.0,mobiles,15.39,"₹25,001–₹50,000"
"Micromax Vdeo 3 (Grey, 8 GB)",0.0,,0.0,,5749.0,4.0,5749.0,mobiles,0.0,"₹5,001–₹10,000"
"Realme X (Polar White, 128 GB)",0.0,,0.0,,20999.0,4.5,20999.0,mobiles,0.0,"₹10,001–₹25,000"
"Redmi Note 9 Pro (Interstellar Black, 64 GB)",0.0,,0.0,,16990.0,4.4,16990.0,mobiles,0.0,"₹10,001–₹25,000"
"Redmi K20 Pro (Pearl White, 256 GB)",2000.0,,6.0,,29999.0,4.5,31999.0,mobiles,6.25,"₹25,001–₹50,000"
Lava Spark i8,600.0,,30.0,,1399.0,4.1,1999.0,mobiles,30.02,"₹1,001–₹5,000"
I Kall K 60,1000.0,,33.0,,1999.0,4.0,2999.0,mobiles,33.34,"₹1,001–₹5,000"
Karbonn K-Stylo,558.0,,33.0,,1087.0,3.9,1645.0,mobiles,33.92,"₹1,001–₹5,000"
Blackbear B5 Nex,200.0,,20.0,,799.0,4.0,999.0,mobiles,20.02,"₹501–₹1,000"
"Apple iPhone XR ((PRODUCT)RED, 128 GB)",0.0,,0.0,,57800.0,4.6,57800.0,mobiles,0.0,"₹50,001–₹1,00,000"
"Apple iPhone 7 Plus (Silver, 32 GB)",901.0,,2.0,,36999.0,4.5,37900.0,mobiles,2.38,"₹25,001–₹50,000"
"OPPO Reno3 Pro (Sky White, 128 GB)",1000.0,,3.0,,31990.0,4.5,32990.0,mobiles,3.03,"₹25,001–₹50,000"
"OPPO Reno3 Pro (Auroral Blue, 128 GB)",1000.0,,3.0,,31990.0,4.5,32990.0,mobiles,3.03,"₹25,001–₹50,000"
"Realme 3 (Radiant Blue, 64 GB)",2500.0,,19.0,,10499.0,4.4,12999.0,mobiles,19.23,"₹10,001–₹25,000"
Gfive Leo,0.0,,0.0,,675.0,3.6,675.0,mobiles,0.0,"₹501–₹1,000"
"Realme X2 Pro (Red Brick, 256 GB)",0.0,,0.0,,36999.0,4.6,36999.0,mobiles,0.0,"₹25,001–₹50,000"
"Samsung Galaxy A30s (Prism Crush Black, 64 GB)",3001.0,,15.0,,15899.0,4.3,18900.0,mobiles,15.88,"₹10,001–₹25,000"
BlackZone Eluga,0.0,,0.0,,599.0,3.2,599.0,mobiles,0.0,"₹501–₹1,000"
Kechaoda K9,0.0,,0.0,,1075.0,4.0,1075.0,mobiles,0.0,"₹1,001–₹5,000"
"Ismart Extreme (Sea Blue, 32 GB)",100.0,,2.0,,4890.0,3.2,4990.0,mobiles,2.0,"₹1,001–₹5,000"
I Kall K44 new mobile,0.0,,0.0,,659.0,3.7,659.0,mobiles,0.0,"₹501–₹1,000"
Micromax X749,0.0,,0.0,,1170.0,4.2,1170.0,mobiles,0.0,"₹1,001–₹5,000"
"iQOO 3 (5G) (Tornado Black, 256 GB)",2000.0,,4.0,,44990.0,4.4,46990.0,mobiles,4.26,"₹25,001–₹50,000"
Karbonn KX23,245.0,,16.0,,1245.0,3.9,1490.0,mobiles,16.44,"₹1,001–₹5,000"
"Gionee M7 Power (Gold, 64 GB)",0.0,,0.0,,9849.0,4.2,9849.0,mobiles,0.0,"₹5,001–₹10,000"
"Nokia 6.1 (Iron, White, 32 GB)",8980.0,,49.0,,8999.0,4.2,17979.0,mobiles,49.95,"₹5,001–₹10,000"
"OPPO A9 2020 (Marine Green, 128 GB)",3500.0,,15.0,,18490.0,4.3,21990.0,mobiles,15.92,"₹10,001–₹25,000"
"OPPO A9 2020 (Space Purple, 128 GB)",3500.0,,15.0,,18490.0,4.3,21990.0,mobiles,15.92,"₹10,001–₹25,000"
Fox Sultan,0.0,,0.0,,1110.0,3.9,1110.0,mobiles,0.0,"₹1,001–₹5,000"
"Realme 2 Pro (Blue Ocean, 64 GB)",2500.0,,17.0,,11490.0,4.5,13990.0,mobiles,17.87,"₹10,001–₹25,000"
"Realme 2 Pro (Ice Lake, 64 GB)",2000.0,,12.0,,13990.0,4.5,15990.0,mobiles,12.51,"₹10,001–₹25,000"
"Realme 2 Pro (Blue Ocean, 64 GB)",4500.0,,28.0,,11490.0,4.5,15990.0,mobiles,28.14,"₹10,001–₹25,000"
"Micromax Evok Note (Champagne, 32 GB)",4400.0,,46.0,,5099.0,3.6,9499.0,mobiles,46.32,"₹5,001–₹10,000"
InFocus Hero Power B1,0.0,,0.0,,1149.0,4.0,1149.0,mobiles,0.0,"₹1,001–₹5,000"
Karbonn K334,2.0,,0.0,,832.0,,834.0,mobiles,0.24,"₹501–₹1,000"
Fox Champ FX240,0.0,,0.0,,908.0,3.6,908.0,mobiles,0.0,"₹501–₹1,000"
BlackZone Genius,0.0,,0.0,,599.0,3.4,599.0,mobiles,0.0,"₹501–₹1,000"
Karbonn K17 Rock,0.0,,0.0,,739.0,3.9,739.0,mobiles,0.0,"₹501–₹1,000"
Megus Eco,0.0,,0.0,,599.0,3.1,599.0,mobiles,0.0,"₹501–₹1,000"
Kechaoda K112,0.0,,0.0,,1235.0,3.9,1235.0,mobiles,0.0,"₹1,001–₹5,000"
"OPPO A83 (2018 Edition) (Champagne, 64 GB)",9500.0,,55.0,,7490.0,4.3,16990.0,mobiles,55.92,"₹5,001–₹10,000"
"Lava A68 (Gold, 8 GB)",0.0,,0.0,,2999.0,3.5,2999.0,mobiles,0.0,"₹1,001–₹5,000"
Kechaoda K66 Plus,0.0,,0.0,,949.0,4.1,949.0,mobiles,0.0,"₹501–₹1,000"
"Moto M (Silver, 64 GB)",0.0,,0.0,,16999.0,3.9,16999.0,mobiles,0.0,"₹10,001–₹25,000"
"Moto M (Gold, 32 GB)",0.0,,0.0,,14999.0,3.9,14999.0,mobiles,0.0,"₹10,001–₹25,000"
"Moto M (Grey, 32 GB)",0.0,,0.0,,14999.0,3.9,14999.0,mobiles,0.0,"₹10,001–₹25,000"
"Apple iPhone XR (Black, 64 GB)",0.0,,0.0,,52500.0,4.6,52500.0,mobiles,0.0,"₹50,001–₹1,00,000"
I Kall K24,0.0,,0.0,,659.0,3.3,659.0,mobiles,0.0,"₹501–₹1,000"
"Samsung Galaxy A71 (Prism Crush Black, 128 GB)",2000.0,,5.0,,32999.0,4.5,34999.0,mobiles,5.71,"₹25,001–₹50,000"
"Apple iPhone 8 (Space Grey, 64 GB)",901.0,,2.0,,38999.0,4.5,39900.0,mobiles,2.26,"₹25,001–₹50,000"
Zen M72 Max,0.0,,0.0,,1289.0,3.9,1289.0,mobiles,0.0,"₹1,001–₹5,000"
Karbonn KX2,365.0,,33.0,,725.0,3.8,1090.0,mobiles,33.49,"₹501–₹1,000"
I Kall K 64,0.0,,0.0,,649.0,3.6,649.0,mobiles,0.0,"₹501–₹1,000"
Fox BigDaddy,0.0,,0.0,,1262.0,3.7,1262.0,mobiles,0.0,"₹1,001–₹5,000"
Gfive U707 combo of Two,100.0,,9.0,,999.0,3.8,1099.0,mobiles,9.1,"₹501–₹1,000"
Fox Bolt FX241,0.0,,0.0,,959.0,3.7,959.0,mobiles,0.0,"₹501–₹1,000"
"Micromax Canvas Infinity (Black, 32 GB)",4700.0,,47.0,,5299.0,4.1,9999.0,mobiles,47.0,"₹5,001–₹10,000"
I Kall K25 Combo of Two Mobiles,300.0,,20.0,,1199.0,3.5,1499.0,mobiles,20.01,"₹1,001–₹5,000"
"Vivo V9 (Pearl Black (Golden Line), 64 GB)",0.0,,0.0,,23990.0,4.5,23990.0,mobiles,0.0,"₹10,001–₹25,000"
Muphone M5800,970.0,,48.0,,1029.0,3.6,1999.0,mobiles,48.52,"₹1,001–₹5,000"
"Mi Mix 2 (Black, 128 GB)",8000.0,,21.0,,29999.0,4.3,37999.0,mobiles,21.05,"₹25,001–₹50,000"
"Lava Z41 (Midnight Blue, 16 GB)",600.0,,12.0,,4199.0,4.0,4799.0,mobiles,12.5,"₹1,001–₹5,000"
I Kall K 38 Plus,700.0,,35.0,,1299.0,4.0,1999.0,mobiles,35.02,"₹1,001–₹5,000"
Itel It 5605n,0.0,,0.0,,1085.0,4.1,1085.0,mobiles,0.0,"₹1,001–₹5,000"
BlackZone Hammar,0.0,,0.0,,619.0,3.6,619.0,mobiles,0.0,"₹501–₹1,000"
Blackzone Hammar,0.0,,0.0,,579.0,3.6,579.0,mobiles,0.0,"₹501–₹1,000"
Ssky Stone,0.0,,0.0,,849.0,,849.0,mobiles,0.0,"₹501–₹1,000"
Winstar L6,0.0,,0.0,,899.0,3.9,899.0,mobiles,0.0,"₹501–₹1,000"
"Winstar L6 (Blue, 32 MB)",0.0,,0.0,,999.0,3.9,999.0,mobiles,0.0,"₹501–₹1,000"
Intex Ultra,0.0,,0.0,,1320.0,3.2,1320.0,mobiles,0.0,"₹1,001–₹5,000"
"InFocus A2 (Champagne Gold, 8 GB)",1900.0,,34.0,,3599.0,3.8,5499.0,mobiles,34.55,"₹1,001–₹5,000"
Salora Coral,750.0,,45.0,,899.0,3.6,1649.0,mobiles,45.48,"₹501–₹1,000"
"OPPO F9 Pro (Twilight Blue, 64 GB)",7000.0,,26.0,,18990.0,4.5,25990.0,mobiles,26.93,"₹10,001–₹25,000"
I Kall K40 New,100.0,,7.0,,1199.0,3.6,1299.0,mobiles,7.7,"₹1,001–₹5,000"
"Leagoo S8 (Dezzal blue, 32 GB)",500.0,,7.0,,5799.0,3.5,6299.0,mobiles,7.94,"₹5,001–₹10,000"
"Realme 2 Pro (Blue Ocean, 128 GB)",2500.0,,13.0,,15490.0,4.5,17990.0,mobiles,13.9,"₹10,001–₹25,000"
1+1=2 D1,0.0,,0.0,,649.0,3.4,649.0,mobiles,0.0,"₹501–₹1,000"
"Samsung GALAXY A50 (White, 64 GB)",0.0,,0.0,,24000.0,4.4,24000.0,mobiles,0.0,"₹10,001–₹25,000"
"Redmi K20 (Flame Red, 128 GB)",0.0,,0.0,,24999.0,4.5,24999.0,mobiles,0.0,"₹10,001–₹25,000"
I Kall K-130,0.0,,0.0,,659.0,3.6,659.0,mobiles,0.0,"₹501–₹1,000"
InFocus F229,0.0,,0.0,,1180.0,4.0,1180.0,mobiles,0.0,"₹1,001–₹5,000"
"Nokia 3.2 (Black, 32 GB)",3600.0,,27.0,,9499.0,4.1,13099.0,mobiles,27.48,"₹5,001–₹10,000"
Gfive WP86,0.0,,0.0,,1079.0,3.1,1079.0,mobiles,0.0,"₹1,001–₹5,000"
Kechaoda A 31,0.0,,0.0,,949.0,3.8,949.0,mobiles,0.0,"₹501–₹1,000"
"OPPO F11 (Marble Green, 128 GB)",6000.0,,25.0,,17990.0,4.4,23990.0,mobiles,25.01,"₹10,001–₹25,000"
Easyfone Amico,501.0,,16.0,,2599.0,3.5,3100.0,mobiles,16.16,"₹1,001–₹5,000"
I Kall K31,50.0,,8.0,,549.0,3.4,599.0,mobiles,8.35,"₹501–₹1,000"
JIVI X30,0.0,,0.0,,749.0,3.9,749.0,mobiles,0.0,"₹501–₹1,000"
I Kall K3312,0.0,,0.0,,799.0,3.5,799.0,mobiles,0.0,"₹501–₹1,000"
Intex Mega 2400,0.0,,0.0,,1325.0,3.8,1325.0,mobiles,0.0,"₹1,001–₹5,000"
Zen M72 Slim,0.0,,0.0,,1232.0,4.0,1232.0,mobiles,0.0,"₹1,001–₹5,000"
"Nokia 3.2 (Black, 32 GB)",3420.0,,27.0,,8979.0,4.1,12399.0,mobiles,27.58,"₹5,001–₹10,000"
Winstar W11,0.0,,0.0,,999.0,3.6,999.0,mobiles,0.0,"₹501–₹1,000"
I Kall K 50 Combo of 2,1099.0,,42.0,,1499.0,3.9,2598.0,mobiles,42.3,"₹1,001–₹5,000"
"Realme 2 Pro (Black Sea, 64 GB)",2500.0,,17.0,,11490.0,4.5,13990.0,mobiles,17.87,"₹10,001–₹25,000"
Zen Z15,0.0,,0.0,,1225.0,3.8,1225.0,mobiles,0.0,"₹1,001–₹5,000"
Zen Z15,0.0,,0.0,,1249.0,3.8,1249.0,mobiles,0.0,"₹1,001–₹5,000"
Zen X50,0.0,,0.0,,1096.0,3.8,1096.0,mobiles,0.0,"₹1,001–₹5,000"
Reach Cogent Mini,0.0,,0.0,,899.0,3.7,899.0,mobiles,0.0,"₹501–₹1,000"
GreenBerry W1,0.0,,0.0,,1299.0,3.6,1299.0,mobiles,0.0,"₹1,001–₹5,000"
Jivi X93 Grand,0.0,,0.0,,949.0,3.9,949.0,mobiles,0.0,"₹501–₹1,000"
Zen Power 102,90.0,,8.0,,929.0,4.0,1019.0,mobiles,8.83,"₹501–₹1,000"
Zen Power 102,0.0,,0.0,,979.0,4.0,979.0,mobiles,0.0,"₹501–₹1,000"
"Apple iPhone XR (Coral, 64 GB)",0.0,,0.0,,52500.0,4.6,52500.0,mobiles,0.0,"₹50,001–₹1,00,000"
Kara K16,0.0,,0.0,,699.0,3.7,699.0,mobiles,0.0,"₹501–₹1,000"
Muphone M350,1109.0,,55.0,,890.0,,1999.0,mobiles,55.48,"₹501–₹1,000"
Muphone M350,1050.0,,52.0,,949.0,,1999.0,mobiles,52.53,"₹501–₹1,000"
Muphone M350,1150.0,,57.0,,849.0,,1999.0,mobiles,57.53,"₹501–₹1,000"
Gfive Plus,0.0,,0.0,,699.0,3.8,699.0,mobiles,0.0,"₹501–₹1,000"
"Micromax Bharat 4 Diwali Edition (Matte Black, 8 GB)",0.0,,0.0,,4999.0,3.9,4999.0,mobiles,0.0,"₹1,001–₹5,000"
Zen X28,0.0,,0.0,,919.0,3.4,919.0,mobiles,0.0,"₹501–₹1,000"
Zen X28,0.0,,0.0,,919.0,3.8,919.0,mobiles,0.0,"₹501–₹1,000"
Q-Tel Q7,0.0,,0.0,,499.0,3.4,499.0,mobiles,0.0,<=₹500
Q-Tel Q7,0.0,,0.0,,559.0,3.4,559.0,mobiles,0.0,"₹501–₹1,000"
"Vivo V7+ (Matte Black, 64 GB)",0.0,,0.0,,22221.0,4.4,22221.0,mobiles,0.0,"₹10,001–₹25,000"
"Vivo Y71 (Matte Black, 16 GB)",0.0,,0.0,,11990.0,4.3,11990.0,mobiles,0.0,"₹10,001–₹25,000"
Blackbear B5 Neo,289.0,,32.0,,610.0,3.2,899.0,mobiles,32.15,"₹501–₹1,000"
Kechaoda K10,0.0,,0.0,,799.0,4.0,799.0,mobiles,0.0,"₹501–₹1,000"
"Motorola One Macro (Ultra Violet, 64 GB)",2000.0,,16.0,,9999.0,4.2,11999.0,mobiles,16.67,"₹5,001–₹10,000"
Reach Power 230,0.0,,0.0,,770.0,3.4,770.0,mobiles,0.0,"₹501–₹1,000"
Tambo A1806,109.0,,10.0,,890.0,,999.0,mobiles,10.91,"₹501–₹1,000"
"Itel A44 Pro (Blue, 16 GB)",0.0,,0.0,,5090.0,4.3,5090.0,mobiles,0.0,"₹5,001–₹10,000"
"Samsung Galaxy On Max (Gold, 32 GB)",0.0,,0.0,,19900.0,4.3,19900.0,mobiles,0.0,"₹10,001–₹25,000"
"Samsung Galaxy M30s (Black, 64 GB)",1.0,,0.0,,15499.0,4.3,15500.0,mobiles,0.01,"₹10,001–₹25,000"
"Coolpad Mega 5C (Sky Blue, 16 GB)",2299.0,,41.0,,3200.0,3.7,5499.0,mobiles,41.81,"₹1,001–₹5,000"
BlackZone B310,0.0,,0.0,,599.0,,599.0,mobiles,0.0,"₹501–₹1,000"
Gfive U707,274.0,,30.0,,625.0,3.7,899.0,mobiles,30.48,"₹501–₹1,000"
"Micromax Bharat 4 (Black, 8 GB)",0.0,,0.0,,3590.0,3.8,3590.0,mobiles,0.0,"₹1,001–₹5,000"
"Vivo V11 Pro (Starry Night Black, 64 GB)",13191.0,,45.0,,15799.0,4.5,28990.0,mobiles,45.5,"₹10,001–₹25,000"
"Asus ZenFone Max M2 (Black, 64 GB)",6000.0,,40.0,,8999.0,4.3,14999.0,mobiles,40.0,"₹5,001–₹10,000"
"Redmi Note 3 (Gold, 32 GB)",0.0,,0.0,,11999.0,4.3,11999.0,mobiles,0.0,"₹10,001–₹25,000"
GLX W22,0.0,,0.0,,639.0,3.6,639.0,mobiles,0.0,"₹501–₹1,000"
Samsung Guru GT,126.0,,8.0,,1339.0,4.1,1465.0,mobiles,8.6,"₹1,001–₹5,000"
"Itel Vision1 (Gradation Purple, 32 GB)",0.0,,0.0,,6299.0,4.1,6299.0,mobiles,0.0,"₹5,001–₹10,000"
Tork T13 Banana,962.0,,53.0,,837.0,4.0,1799.0,mobiles,53.47,"₹501–₹1,000"
Mymax M36,0.0,,0.0,,599.0,3.3,599.0,mobiles,0.0,"₹501–₹1,000"
"Vivo V15 Pro (Ruby Red, 128 GB)",11891.0,,36.0,,21099.0,4.5,32990.0,mobiles,36.04,"₹10,001–₹25,000"
"Honor 10 Lite (Midnight Black, 64 GB)",5400.0,,31.0,,11599.0,4.4,16999.0,mobiles,31.77,"₹10,001–₹25,000"
"Honor 10 Lite (Sapphire Blue, 32 GB)",5500.0,,39.0,,8499.0,4.4,13999.0,mobiles,39.29,"₹5,001–₹10,000"
Karbonn KX26,0.0,,0.0,,999.0,3.8,999.0,mobiles,0.0,"₹501–₹1,000"
"Coolpad Mega 5A (Gold, 16 GB)",0.0,,0.0,,6790.0,3.8,6790.0,mobiles,0.0,"₹5,001–₹10,000"
I Kall K30,0.0,,0.0,,799.0,3.7,799.0,mobiles,0.0,"₹501–₹1,000"
Forme Duos N2,100.0,,11.0,,799.0,4.1,899.0,mobiles,11.12,"₹501–₹1,000"
Salora Vishaal,0.0,,0.0,,1099.0,4.3,1099.0,mobiles,0.0,"₹1,001–₹5,000"
Salora Volt 2,440.0,,40.0,,659.0,3.9,1099.0,mobiles,40.04,"₹501–₹1,000"
"Lava A52 (Black, 4 GB)",0.0,,0.0,,2099.0,3.8,2099.0,mobiles,0.0,"₹1,001–₹5,000"
"Lava Iris Atom (Black, 8 GB)",0.0,,0.0,,2699.0,3.3,2699.0,mobiles,0.0,"₹1,001–₹5,000"
Karbonn K490+,0.0,,0.0,,985.0,3.6,985.0,mobiles,0.0,"₹501–₹1,000"
Micromax X746,0.0,,0.0,,1399.0,4.0,1399.0,mobiles,0.0,"₹1,001–₹5,000"
"YUHO Y2 Pro (Ruby Red-Black, 16 GB)",4300.0,,47.0,,4699.0,,8999.0,mobiles,47.78,"₹1,001–₹5,000"
Inovu A1s Combo of Two Mobiles,1022.0,,46.0,,1156.0,3.3,2178.0,mobiles,46.92,"₹1,001–₹5,000"
Muphone M3000,50.0,,5.0,,849.0,3.6,899.0,mobiles,5.56,"₹501–₹1,000"
Muphone M3000,1150.0,,57.0,,849.0,3.6,1999.0,mobiles,57.53,"₹501–₹1,000"
Reach Champ + Selfie Black Yellow,0.0,,0.0,,699.0,,699.0,mobiles,0.0,"₹501–₹1,000"
Gfive U873,0.0,,0.0,,599.0,3.7,599.0,mobiles,0.0,"₹501–₹1,000"
Zen Zen M72 Max,0.0,,0.0,,1270.0,3.8,1270.0,mobiles,0.0,"₹1,001–₹5,000"
Karbonn K324N,0.0,,0.0,,1045.0,3.8,1045.0,mobiles,0.0,"₹1,001–₹5,000"
Rocktel R5,0.0,,0.0,,599.0,3.6,599.0,mobiles,0.0,"₹501–₹1,000"
Track V2 IDP Running Shoes For Women,2000.0,Puma,50.0,puma,1999.0,,3999.0,women_footwear,50.01,"₹1,001–₹5,000"
Dwane Slip-On IDP Running Shoes For Women,2280.0,Puma,60.0,puma,1519.0,,3799.0,women_footwear,60.02,"₹1,001–₹5,000"
Women Beige Flats Sandal,265.0,Footrendz,48.0,footrendz,284.0,,549.0,women_footwear,48.27,<=₹500
Combo Pack of 4 Latest Collection Stylish Casual Sneake...,1067.0,Shoefly,53.0,shoefly,929.0,,1996.0,women_footwear,53.46,"₹501–₹1,000"
Extra Soft Slippers For Women Slippers,239.0,DOCTOR EXTRA SOFT,39.0,doctor extra soft,360.0,,599.0,women_footwear,39.9,<=₹500
Slippers,239.0,DOCTOR EXTRA SOFT,39.0,doctor extra soft,360.0,,599.0,women_footwear,39.9,<=₹500
Combo Pack Of 2 Pairs Of Women Slippers Slippers,700.0,Beonza,70.0,beonza,299.0,,999.0,women_footwear,70.07,<=₹500
Women Black Flats Sandal,310.0,GIBELLE,44.0,gibelle,389.0,,699.0,women_footwear,44.35,<=₹500
Women SFL-504 Navy Blue Flip Flops,42.0,Sparx,15.0,sparx,232.0,,274.0,women_footwear,15.33,<=₹500
Grey Fur Bunny Sliders Slides,200.0,Brauch,40.0,brauch,299.0,,499.0,women_footwear,40.08,<=₹500
Running Shoes For Women,99.0,Asian,18.0,asian,440.0,,539.0,women_footwear,18.37,<=₹500
Combo Pack Of 2 Pairs Of Women Slides Flip Flops Slippe...,670.0,Beonza,67.0,beonza,329.0,,999.0,women_footwear,67.07,<=₹500
Slides,200.0,Brauch,40.0,brauch,299.0,,499.0,women_footwear,40.08,<=₹500
NRGY Neko Wn s Running Shoes For Women,3300.0,Puma,55.0,puma,2699.0,,5999.0,women_footwear,55.01,"₹1,001–₹5,000"
Angel-04 Casual sneakers for ladies | sports shoes for ...,415.0,Asian,41.0,asian,584.0,,999.0,women_footwear,41.54,"₹501–₹1,000"
Flip Flops,301.0,ANSHU ENTERPRISES,60.0,anshu enterprises,198.0,,499.0,women_footwear,60.32,<=₹500
Womens Comfort Stylish Trending with colorful Printed S...,0.0,Totu,0.0,totu,1499.0,,1499.0,women_footwear,0.0,"₹1,001–₹5,000"
Walking Shoes For Women,150.0,Action,15.0,action,849.0,,999.0,women_footwear,15.02,"₹501–₹1,000"
Pink Fur Pearl Sliders Slides,200.0,Brauch,40.0,brauch,299.0,,499.0,women_footwear,40.08,<=₹500
Elasto-02 Navy Maroon Running Shoes For Women,780.0,Asian,52.0,asian,719.0,,1499.0,women_footwear,52.03,"₹501–₹1,000"
Slippers,440.0,TRASE,55.0,trase,359.0,,799.0,women_footwear,55.07,<=₹500
Women Navy Casual Sandal,100.0,Welcome,25.0,welcome,299.0,,399.0,women_footwear,25.06,<=₹500
Flip Flops,50.0,Catbird,20.0,catbird,199.0,,249.0,women_footwear,20.08,<=₹500
ATHLEO Sports Running Shoes For Women,0.0,Action,0.0,action,999.0,,999.0,women_footwear,0.0,"₹501–₹1,000"
Black Fur Pearl Sliders Slides,200.0,Brauch,40.0,brauch,299.0,,499.0,women_footwear,40.08,<=₹500
Slides,700.0,Moonwalk,70.0,moonwalk,299.0,,999.0,women_footwear,70.07,<=₹500
Women Maroon Sandal,0.0,Paragon,0.0,paragon,269.0,,269.0,women_footwear,0.0,<=₹500
LF_13 Flip Flops,189.0,Welcome,37.0,welcome,310.0,,499.0,women_footwear,37.88,<=₹500
Latest Ladies Inner High Heel Sports SUP Lace Running S...,650.0,Cassiey,40.0,cassiey,949.0,,1599.0,women_footwear,40.65,"₹501–₹1,000"
Pink Fur Bunny Sliders Slides,100.0,Brauch,25.0,brauch,299.0,,399.0,women_footwear,25.06,<=₹500
Women Off White Wedges Sandal,400.0,TRASE,40.0,trase,599.0,,999.0,women_footwear,40.04,"₹501–₹1,000"
Women Multicolor Flats Sandal,550.0,PM TRADERS,55.0,pm traders,449.0,,999.0,women_footwear,55.06,<=₹500
Slippers,439.0,DOCTOR EXTRA SOFT,54.0,doctor extra soft,360.0,,799.0,women_footwear,54.94,<=₹500
"Women Blue, Blue Flats Sandal",750.0,Asian,75.0,asian,249.0,,999.0,women_footwear,75.08,<=₹500
Slippers,300.0,TRASE,50.0,trase,299.0,,599.0,women_footwear,50.08,<=₹500
Flip Flops,68.0,Sparx,15.0,sparx,381.0,,449.0,women_footwear,15.14,<=₹500
Women Black Flats Sandal,300.0,Brauch,42.0,brauch,399.0,,699.0,women_footwear,42.92,<=₹500
Slides,100.0,Brauch,25.0,brauch,299.0,,399.0,women_footwear,25.06,<=₹500
Women Black Wedges Sandal,204.0,SHOFIEE,34.0,shofiee,395.0,,599.0,women_footwear,34.06,<=₹500
Flip Flops,386.0,Crocs,19.0,crocs,1609.0,,1995.0,women_footwear,19.35,"₹1,001–₹5,000"
Walking Shoes For Women,150.0,Asian,25.0,asian,449.0,,599.0,women_footwear,25.04,<=₹500
Women Casual Orthocure soft health comfortable indoor/o...,12.0,Dashny,3.0,dashny,387.0,,399.0,women_footwear,3.01,<=₹500
Women Black Flats Sandal,486.0,BK DREAM,60.0,bk dream,313.0,,799.0,women_footwear,60.83,<=₹500
"Women Tan, Blue Sandal",39.0,Paragon,15.0,paragon,220.0,,259.0,women_footwear,15.06,<=₹500
SFG-2079 Flip Flops,125.0,Sparx,21.0,sparx,449.0,,574.0,women_footwear,21.78,<=₹500
Doctor Extra Soft Slipper Ortho Care Orthopaedic Comfor...,450.0,Brandvilla,56.0,brandvilla,349.0,,799.0,women_footwear,56.32,<=₹500
Slippers,0.0,Adda,0.0,adda,449.0,,449.0,women_footwear,0.0,<=₹500
"Women Black, Red Sports Sandal",70.0,Sparx,10.0,sparx,629.0,,699.0,women_footwear,10.01,"₹501–₹1,000"
Women Black Flats Sandal,246.0,Azores,53.0,azores,210.0,,456.0,women_footwear,53.95,<=₹500
Slides,120.0,Brauch,30.0,brauch,279.0,,399.0,women_footwear,30.08,<=₹500
Gala Walking Shoes For Women,900.0,HASTEN,52.0,hasten,799.0,,1699.0,women_footwear,52.97,"₹501–₹1,000"
Women Brown Flats Sandal,0.0,Paragon,0.0,paragon,259.0,,259.0,women_footwear,0.0,<=₹500
Flip Flops,450.0,Brandvilla,56.0,brandvilla,349.0,,799.0,women_footwear,56.32,<=₹500
Slippers,0.0,Bata,0.0,bata,329.0,,329.0,women_footwear,0.0,<=₹500
Women Pink Flats Sandal,500.0,Sainex,62.0,sainex,299.0,,799.0,women_footwear,62.58,<=₹500
Combo Pack of 2 Bellies For Women,501.0,Beonza,50.0,beonza,498.0,,999.0,women_footwear,50.15,<=₹500
Slippers,0.0,A-HA By Liberty,0.0,a-ha by liberty,299.0,,299.0,women_footwear,0.0,<=₹500
Slippers,40.0,Flipside,10.0,flipside,359.0,,399.0,women_footwear,10.03,<=₹500
DRAGON LADIES Running Shoes For Women,200.0,Campus,11.0,campus,1499.0,,1699.0,women_footwear,11.77,"₹1,001–₹5,000"
shoe Casuals For Women,30.0,Cassiey,3.0,cassiey,969.0,,999.0,women_footwear,3.0,"₹501–₹1,000"
Women Black Flats Sandal,276.0,Footrendz,50.0,footrendz,273.0,,549.0,women_footwear,50.27,<=₹500
Women Gold Flats Sandal,1204.0,Footsoul,75.0,footsoul,395.0,,1599.0,women_footwear,75.3,<=₹500
Girls Sneakers Women Casual Shoes Sports Printed footwe...,550.0,JIANSH,55.0,jiansh,449.0,,999.0,women_footwear,55.06,<=₹500
Women Slippers,24.0,Sparx,6.0,sparx,351.0,,375.0,women_footwear,6.4,<=₹500
Ortho-Red-5 Slippers,290.0,DOCTOR EXTRA SOFT,48.0,doctor extra soft,309.0,,599.0,women_footwear,48.41,<=₹500
Women SL-124 Grey Pink Running Shoes For Women,169.0,Sparx,16.0,sparx,830.0,,999.0,women_footwear,16.92,"₹501–₹1,000"
Walking Shoes For Women,780.0,Asian,52.0,asian,719.0,,1499.0,women_footwear,52.03,"₹501–₹1,000"
"Ladies Sports Running Shoes,Super Soft and comfortable ...",50.0,Cassiey,6.0,cassiey,749.0,,799.0,women_footwear,6.26,"₹501–₹1,000"
Women SL-133 Black Red Walking Shoes For Women,117.0,Sparx,16.0,sparx,582.0,,699.0,women_footwear,16.74,"₹501–₹1,000"
Women SL-124 Navy Blue Pink Running Shoes For Women,159.0,Sparx,15.0,sparx,840.0,,999.0,women_footwear,15.92,"₹501–₹1,000"
Flip Flops,130.0,Puma,26.0,puma,369.0,,499.0,women_footwear,26.05,<=₹500
Slides,150.0,Shoetopia,30.0,shoetopia,349.0,,499.0,women_footwear,30.06,<=₹500
ALEXA Running Shoes For Women,200.0,Campus,11.0,campus,1499.0,,1699.0,women_footwear,11.77,"₹1,001–₹5,000"
Womens Comfort Block Stylish Trending Black White linni...,320.0,PKKART,64.0,pkkart,179.0,,499.0,women_footwear,64.13,<=₹500
Grey Fur Pearl Sliders Slides,200.0,Brauch,40.0,brauch,299.0,,499.0,women_footwear,40.08,<=₹500
Elasto-02 Grey Black Running Shoes For Women,870.0,Asian,58.0,asian,629.0,,1499.0,women_footwear,58.04,"₹501–₹1,000"
SL-83 Running Shoes For Women,350.0,Sparx,38.0,sparx,549.0,,899.0,women_footwear,38.93,"₹501–₹1,000"
Casuals For Women,500.0,Denill,50.0,denill,499.0,,999.0,women_footwear,50.05,<=₹500
Womens Comfort Block Stylish Trending Dark Blue Yellow ...,320.0,PKKART,64.0,pkkart,179.0,,499.0,women_footwear,64.13,<=₹500
Women SL-133 Grey Pink Walking Shoes For Women,111.0,Sparx,15.0,sparx,588.0,,699.0,women_footwear,15.88,"₹501–₹1,000"
Slippers,0.0,Liberty,0.0,liberty,299.0,,299.0,women_footwear,0.0,<=₹500
Combo Women Pack of 2 Sneakers With Sports Shoes Sneake...,420.0,Shoefly,42.0,shoefly,578.0,,998.0,women_footwear,42.08,"₹501–₹1,000"
NRGY Neko Wn s Running Shoes For Women,2400.0,Puma,40.0,puma,3599.0,,5999.0,women_footwear,40.01,"₹1,001–₹5,000"
Flip Flops,0.0,Sparx,0.0,sparx,389.0,,389.0,women_footwear,0.0,<=₹500
Stylish White & Green Running Shoes For Women,350.0,Sparx,38.0,sparx,549.0,,899.0,women_footwear,38.93,"₹501–₹1,000"
Women Grey Heels Sandal,700.0,Action,53.0,action,599.0,,1299.0,women_footwear,53.89,"₹501–₹1,000"
Revolution 5 Running Shoes For Women,1109.0,Nike,30.0,nike,2586.0,,3695.0,women_footwear,30.01,"₹1,001–₹5,000"
Ladies Inner High Heel Sports Leisure Lace Running Shoe...,650.0,Cassiey,40.0,cassiey,949.0,,1599.0,women_footwear,40.65,"₹501–₹1,000"
Slippers,0.0,Aqualite,0.0,aqualite,329.0,,329.0,women_footwear,0.0,<=₹500
Running Shoes For Women,1026.0,M7 By Metronaut,68.0,m7 by metronaut,473.0,,1499.0,women_footwear,68.45,<=₹500
Women Pink Flats Sandal,598.0,LooksFootwear,59.0,looksfootwear,401.0,,999.0,women_footwear,59.86,<=₹500
Women Beige Flats Sandal,51.0,Shezone,9.0,shezone,499.0,,550.0,women_footwear,9.27,<=₹500
"Elasto-02 Peach Pink Walking Shoes,Slipon Shoes,Flyknit...",700.0,Asian,46.0,asian,799.0,,1499.0,women_footwear,46.7,"₹501–₹1,000"
Womens Black and Tan Casual Stylish Comfort High Heel (...,320.0,PKKART,64.0,pkkart,179.0,,499.0,women_footwear,64.13,<=₹500
SL-146 Running Shoes For Women,110.0,Sparx,10.0,sparx,940.0,,1050.0,women_footwear,10.48,"₹501–₹1,000"
Women Black Wedges Sandal,300.0,SHOPIEE,42.0,shopiee,399.0,,699.0,women_footwear,42.92,<=₹500
Torrie Sneakers For Women,600.0,Jynx,60.0,jynx,399.0,,999.0,women_footwear,60.06,<=₹500
Perfect Stylish Girls Casual Shoes Sneakers For Girl/Wo...,570.0,Ziraat,57.0,ziraat,429.0,,999.0,women_footwear,57.06,<=₹500
ALEXA Running Shoes For Women,170.0,Campus,10.0,campus,1529.0,,1699.0,women_footwear,10.01,"₹1,001–₹5,000"
Women 88 Walking Shoes For Women,174.0,Sparx,17.0,sparx,825.0,,999.0,women_footwear,17.42,"₹501–₹1,000"
SFL-2024 Flip Flops,21.0,Sparx,6.0,sparx,328.0,,349.0,women_footwear,6.02,<=₹500
Slides,300.0,Brauch,37.0,brauch,499.0,,799.0,women_footwear,37.55,<=₹500
Flip Flops,20.0,KOMOPT,10.0,komopt,179.0,,199.0,women_footwear,10.05,<=₹500
Slippers,27.0,Sparx,10.0,sparx,242.0,,269.0,women_footwear,10.04,<=₹500
Women SL-147 Blue Running Shoes For Women,80.0,Sparx,10.0,sparx,669.0,,749.0,women_footwear,10.68,"₹501–₹1,000"
Running Shoes For Women,150.0,Asian,25.0,asian,449.0,,599.0,women_footwear,25.04,<=₹500
Women Red Flats Sandal,900.0,Dr. Scholls,50.0,dr. scholls,899.0,,1799.0,women_footwear,50.03,"₹501–₹1,000"
Women Red Flats Sandal,4.0,OZZY,2.0,ozzy,135.0,,139.0,women_footwear,2.88,<=₹500
Accu Spring Slipper Acupressure & Magnetic Full Body Ma...,601.0,AMVONZ,60.0,amvonz,399.0,,1000.0,women_footwear,60.1,<=₹500
Combo Pack of 6 Casual Shoes Sneakers For Women,1995.0,Birde,66.0,birde,999.0,,2994.0,women_footwear,66.63,"₹501–₹1,000"
"Women Green, Black Casual Sandal",440.0,Sparx,55.0,sparx,359.0,,799.0,women_footwear,55.07,<=₹500
Slippers,230.0,Claptrap,46.0,claptrap,269.0,,499.0,women_footwear,46.09,<=₹500
Women Beige Flats Sandal,20.0,Brauch,6.0,brauch,279.0,,299.0,women_footwear,6.69,<=₹500
Slippers,0.0,Sparx,0.0,sparx,389.0,,389.0,women_footwear,0.0,<=₹500
Slippers,420.0,TRASE,52.0,trase,379.0,,799.0,women_footwear,52.57,<=₹500
Star Cut Sneakers For Women,160.0,Eila,32.0,eila,339.0,,499.0,women_footwear,32.06,<=₹500
"Future-04,RIYA-04 Running Shoes,Walking Shoes,Casual Sh...",49.0,Asian,10.0,asian,440.0,,489.0,women_footwear,10.02,<=₹500
Boots For Women,606.0,Glamgo,60.0,glamgo,393.0,,999.0,women_footwear,60.66,<=₹500
TULIP Running Shoes For Women,50.0,Campus,5.0,campus,849.0,,899.0,women_footwear,5.56,"₹501–₹1,000"
Women Black Wedges Sandal,0.0,Bata,0.0,bata,499.0,,499.0,women_footwear,0.0,<=₹500
Women_Classic Flip Flops,90.0,Neoz,16.0,neoz,459.0,,549.0,women_footwear,16.39,<=₹500
Flip Flops,289.0,Alkon,57.0,alkon,210.0,,499.0,women_footwear,57.92,<=₹500
Women White Flats Sandal,20.0,Brauch,6.0,brauch,279.0,,299.0,women_footwear,6.69,<=₹500
Women's Combo pack of 2 Sneakers For Women,243.0,Asian,30.0,asian,555.0,,798.0,women_footwear,30.45,"₹501–₹1,000"
Ella Walking Shoes For Women,900.0,HASTEN,52.0,hasten,799.0,,1699.0,women_footwear,52.97,"₹501–₹1,000"
Women Brown Wedges Sandal,0.0,Bata,0.0,bata,499.0,,499.0,women_footwear,0.0,<=₹500
Perfect stylish love shoe Casuals For Women,560.0,Ziraat,56.0,ziraat,439.0,,999.0,women_footwear,56.06,<=₹500
Wrens II DP Slippers,670.0,Puma,44.0,puma,829.0,,1499.0,women_footwear,44.7,"₹501–₹1,000"
Slippers,200.0,Adda,33.0,adda,399.0,,599.0,women_footwear,33.39,<=₹500
IRSOE Cassiey Latest Women's ProGrid Integrity Athletic...,50.0,IRSOE,6.0,irsoe,749.0,,799.0,women_footwear,6.26,"₹501–₹1,000"
Women_Classic Flip Flops,50.0,Neoz,9.0,neoz,499.0,,549.0,women_footwear,9.11,<=₹500
Accu Paduka/slipper Spring Slipper Acupressure & Magnet...,650.0,AMVONZ,65.0,amvonz,349.0,,999.0,women_footwear,65.07,<=₹500
High Heel canvas Sneaker casual shoe for Girls/women Sn...,350.0,Kajmi,43.0,kajmi,449.0,,799.0,women_footwear,43.8,<=₹500
Boots For Women,400.0,Commander,40.0,commander,599.0,,999.0,women_footwear,40.04,"₹501–₹1,000"
Wmns Downshifter 9 Running Shoes For Women,1199.0,Nike,30.0,nike,2796.0,,3995.0,women_footwear,30.01,"₹1,001–₹5,000"
Flip Flops,793.0,Reforce,79.0,reforce,206.0,,999.0,women_footwear,79.38,<=₹500
Casual Shoes For Girl Canvas Shoes For Women,160.0,EILA,32.0,eila,339.0,,499.0,women_footwear,32.06,<=₹500
Women Black Heels Sandal,200.0,SHOFIEE,33.0,shofiee,399.0,,599.0,women_footwear,33.39,<=₹500
Black Fur Bear Sliders Slides,200.0,Brauch,40.0,brauch,299.0,,499.0,women_footwear,40.08,<=₹500
"Breathable, Walking, Running, Casual,Gym Shoes Running ...",500.0,Shozie,50.0,shozie,499.0,,999.0,women_footwear,50.05,<=₹500
Latest Collection Sneakers For Women,73.0,Denill,14.0,denill,426.0,,499.0,women_footwear,14.63,<=₹500
SL 154 Walking Shoes For Women,116.0,Sparx,11.0,sparx,883.0,,999.0,women_footwear,11.61,"₹501–₹1,000"
Slides,200.0,Shoetopia,40.0,shoetopia,299.0,,499.0,women_footwear,40.08,<=₹500
Sneakers For Women,601.0,Myshtezia,60.0,myshtezia,398.0,,999.0,women_footwear,60.16,<=₹500
"Women Running, Walking, Sports Shoes For Girls Outdoors...",500.0,Dymo,50.0,dymo,499.0,,999.0,women_footwear,50.05,<=₹500
TRENDY-N.BLUE Slippers,0.0,Gliders by Liberty,0.0,gliders by liberty,299.0,,299.0,women_footwear,0.0,<=₹500
Women Beige Heels Sandal,530.0,DENIMKEY,57.0,denimkey,389.0,,919.0,women_footwear,57.67,<=₹500
Slides,200.0,Blinder,40.0,blinder,299.0,,499.0,women_footwear,40.08,<=₹500
Flip Flops,50.0,Bata,10.0,bata,449.0,,499.0,women_footwear,10.02,<=₹500
Slippers,40.0,Bata,10.0,bata,359.0,,399.0,women_footwear,10.03,<=₹500
Micky Minnie Flip Flops/Slides For Girls Flip Flops,425.0,Walk.com,56.0,walk.com,324.0,,749.0,women_footwear,56.74,<=₹500
SLIPPER COMBO GLANCE-RINO In MULTI COLORS For WOMEN 6 S...,559.0,Lotto,56.0,lotto,439.0,,998.0,women_footwear,56.01,<=₹500
ELLE Running Shoes For Women,150.0,Campus,15.0,campus,849.0,,999.0,women_footwear,15.02,"₹501–₹1,000"
Double Soft Grass Rubber Healthy Slippers For Men And B...,629.0,ADJ,76.0,adj,195.0,,824.0,women_footwear,76.33,<=₹500
Mojaris For Women,499.0,RYAG,49.0,ryag,500.0,,999.0,women_footwear,49.95,<=₹500
Flip Flops,695.0,YANSHU,69.0,yanshu,304.0,,999.0,women_footwear,69.57,<=₹500
Women Brown Sandal,0.0,Paragon,0.0,paragon,229.0,,229.0,women_footwear,0.0,<=₹500
Slippers,0.0,Adda,0.0,adda,499.0,,499.0,women_footwear,0.0,<=₹500
Women Pink Flats Sandal,233.0,Footrendz,42.0,footrendz,316.0,,549.0,women_footwear,42.44,<=₹500
Combo Pack of 2 Casual Shoes Loafers Loafers For Women,599.0,Aura,60.0,aura,399.0,,998.0,women_footwear,60.02,<=₹500
Vitriol IDP Flip Flops,200.0,Puma,25.0,puma,599.0,,799.0,women_footwear,25.03,"₹501–₹1,000"
Women Brown Flats Sandal,1204.0,Footsoul,75.0,footsoul,395.0,,1599.0,women_footwear,75.3,<=₹500
Women Pink Bellies Sandal,469.0,Glamgo,58.0,glamgo,330.0,,799.0,women_footwear,58.7,<=₹500
"Women Running, Walking, Sports Shoes For Girls Running ...",525.0,Denill,52.0,denill,474.0,,999.0,women_footwear,52.55,<=₹500
Women Black Heels Sandal,1112.0,BK DREAM,74.0,bk dream,387.0,,1499.0,women_footwear,74.18,<=₹500
Jutis For Women,700.0,Ryag,70.0,ryag,299.0,,999.0,women_footwear,70.07,<=₹500
Women Grey Flats Sandal,436.0,Glamgo,54.0,glamgo,363.0,,799.0,women_footwear,54.57,<=₹500
SKECH-AIR STRATUS Running Shoes For Women,2100.0,Skechers,30.0,skechers,4899.0,,6999.0,women_footwear,30.0,"₹1,001–₹5,000"
Women Green PVC Casual Slippers,450.0,REFOAM,50.0,refoam,449.0,,899.0,women_footwear,50.06,<=₹500
Doctor Extra Soft Slipper Ortho Care Orthopaedic Comfor...,250.0,Brandvilla,41.0,brandvilla,349.0,,599.0,women_footwear,41.74,<=₹500
"Women Brown, Beige Flats Sandal",0.0,Paragon,0.0,paragon,215.0,,215.0,women_footwear,0.0,<=₹500
Women Blue Sports Shoes for Running / Walking (Ultra Li...,500.0,RINDAS,50.0,rindas,499.0,,999.0,women_footwear,50.05,<=₹500
Women Pink Flats Sandal,284.0,Footrendz,51.0,footrendz,265.0,,549.0,women_footwear,51.73,<=₹500
Slipper for Women's Flip Flops House Slides Home Bathro...,429.0,DRUNKEN,42.0,drunken,570.0,,999.0,women_footwear,42.94,"₹501–₹1,000"
Women Black Sandal,36.0,Paragon,15.0,paragon,203.0,,239.0,women_footwear,15.06,<=₹500
Women Pink Flats Sandal,246.0,Azores,53.0,azores,210.0,,456.0,women_footwear,53.95,<=₹500
Women Beige Heels Sandal,200.0,SHOFIEE,33.0,shofiee,399.0,,599.0,women_footwear,33.39,<=₹500
Women Brown Casual Sandal,1304.0,Footsoul,76.0,footsoul,395.0,,1699.0,women_footwear,76.75,<=₹500
Girls Casual Partywear Sneakers For Women Sneakers For ...,574.0,JIANSH,57.0,jiansh,425.0,,999.0,women_footwear,57.46,<=₹500
Women Maroon Sandal,0.0,Paragon,0.0,paragon,239.0,,239.0,women_footwear,0.0,<=₹500
Flip Flops,1024.0,Dashny,68.0,dashny,473.0,,1497.0,women_footwear,68.4,<=₹500
Slippers,315.0,TRASE,52.0,trase,284.0,,599.0,women_footwear,52.59,<=₹500
Concave Pro X IDP Running Shoes For Women,1050.0,Puma,30.0,puma,2449.0,,3499.0,women_footwear,30.01,"₹1,001–₹5,000"
GO WALK 5 Walking Shoes For Women,1650.0,Skechers,30.0,skechers,3849.0,,5499.0,women_footwear,30.01,"₹1,001–₹5,000"
Women Copper Flats Sandal,400.0,Shezone,40.0,shezone,599.0,,999.0,women_footwear,40.04,"₹501–₹1,000"
Stylish Premium Sneakers Sneakers For Women,511.0,Longwalk,51.0,longwalk,488.0,,999.0,women_footwear,51.15,<=₹500
Perfect Stylish Girls High Ankel Boots For Women,545.0,Creattoes,54.0,creattoes,454.0,,999.0,women_footwear,54.55,<=₹500
COMUTORA Running Shoes For Women,1200.0,Asics,30.0,asics,2799.0,,3999.0,women_footwear,30.01,"₹1,001–₹5,000"
Sneakers For Women,520.0,Ziraat,52.0,ziraat,479.0,,999.0,women_footwear,52.05,<=₹500
SFL-2024 Flip Flops,20.0,Sparx,5.0,sparx,329.0,,349.0,women_footwear,5.73,<=₹500
Erika Sneakers For Women,500.0,HASTEN,50.0,hasten,499.0,,999.0,women_footwear,50.05,<=₹500
Women Red Casual Sandal,40.0,Paragon,14.0,paragon,229.0,,269.0,women_footwear,14.87,<=₹500
Flip Flops,24.0,Fashionboom,8.0,fashionboom,275.0,,299.0,women_footwear,8.03,<=₹500
Perfect Stylish Girls Casual Shoes Sneakers For Women S...,609.0,Emutz,60.0,emutz,390.0,,999.0,women_footwear,60.96,<=₹500
Combo Pack of 3 Casual Shoes Sneakers For Women,958.0,Abisto,63.0,abisto,539.0,,1497.0,women_footwear,63.99,"₹501–₹1,000"
Women Brown Flats Sandal,619.0,Aroom,61.0,aroom,380.0,,999.0,women_footwear,61.96,<=₹500
SL-111 Sneakers For Women,119.0,Sparx,18.0,sparx,530.0,,649.0,women_footwear,18.34,"₹501–₹1,000"
Slippers,972.0,Birde,64.0,birde,525.0,,1497.0,women_footwear,64.93,"₹501–₹1,000"
Slippers,200.0,Sapatos,40.0,sapatos,299.0,,499.0,women_footwear,40.08,<=₹500
Multicolor-611 Sneakers For Women,310.0,Camfoot,62.0,camfoot,189.0,,499.0,women_footwear,62.12,<=₹500
Go Walk Lite - Moonlight Casuals For Women,1250.0,Skechers,25.0,skechers,3749.0,,4999.0,women_footwear,25.01,"₹1,001–₹5,000"
Bellies For Women,393.0,People,56.0,people,306.0,,699.0,women_footwear,56.22,<=₹500
Sports Running Shoes Running Shoes For Women,58.0,Sparx,6.0,sparx,841.0,,899.0,women_footwear,6.45,"₹501–₹1,000"
Women_Slim Flip Flops,140.0,Neoz,23.0,neoz,459.0,,599.0,women_footwear,23.37,<=₹500
Latest and Comfortable Indoor/Outdoor Soft bottom Slipp...,450.0,IRSOE,45.0,irsoe,549.0,,999.0,women_footwear,45.05,"₹501–₹1,000"
Flip Flops,50.0,92 MILES,10.0,92 miles,449.0,,499.0,women_footwear,10.02,<=₹500
Women SL-124 Black Red Running Shoes For Women,163.0,Sparx,17.0,sparx,786.0,,949.0,women_footwear,17.18,"₹501–₹1,000"
Mia Sneakers For Women,550.0,Jynx,55.0,jynx,449.0,,999.0,women_footwear,55.06,<=₹500
Slippers,550.0,PKKART,55.0,pkkart,449.0,,999.0,women_footwear,55.06,<=₹500
Flip Flops,324.0,Footspring,64.0,footspring,175.0,,499.0,women_footwear,64.93,<=₹500
ORTHO-7-S.GREEN Flip Flops,0.0,A-HA By Liberty,0.0,a-ha by liberty,499.0,,499.0,women_footwear,0.0,<=₹500
Flip Flops,100.0,Do Bhai,20.0,do bhai,399.0,,499.0,women_footwear,20.04,<=₹500
Stylish Best Casual Shoes for Women Sneakers For Women,500.0,Ziraat,50.0,ziraat,499.0,,999.0,women_footwear,50.05,<=₹500
Women Multicolor Flats Sandal,630.0,Stellar Collections,81.0,stellar collections,139.0,,769.0,women_footwear,81.92,<=₹500
Women Blue Heels Sandal,980.0,Clover,75.0,clover,319.0,,1299.0,women_footwear,75.44,<=₹500
Women Black Flats Sandal,309.0,SHOFIEE,51.0,shofiee,290.0,,599.0,women_footwear,51.59,<=₹500
Sneakers For Women,350.0,V2 Retail Limited,50.0,v2 retail limited,349.0,,699.0,women_footwear,50.07,<=₹500
Sports Running Shoes Running Shoes For Women,101.0,Sparx,11.0,sparx,798.0,,899.0,women_footwear,11.23,"₹501–₹1,000"
Flip Flops,210.0,Svaar,52.0,svaar,189.0,,399.0,women_footwear,52.63,<=₹500
Flip Flops,540.0,Cassiey,54.0,cassiey,459.0,,999.0,women_footwear,54.05,<=₹500
Women Grey Flats Sandal,482.0,BK DREAM,60.0,bk dream,317.0,,799.0,women_footwear,60.33,<=₹500
Women Beige Casual Sandal,0.0,Paragon,0.0,paragon,259.0,,259.0,women_footwear,0.0,<=₹500
Slippers,569.0,Footrendz,63.0,footrendz,330.0,,899.0,women_footwear,63.29,<=₹500
Flip Flops,704.0,YANSHU,70.0,yanshu,295.0,,999.0,women_footwear,70.47,<=₹500
Flip Flops,30.0,TRV,10.0,trv,269.0,,299.0,women_footwear,10.03,<=₹500
Perfect Stylish Girls Casual Shoes Sneakers For Women,725.0,Longwalk,72.0,longwalk,274.0,,999.0,women_footwear,72.57,<=₹500
Combo Pack of 4 Latest Collection Stylish Casual Sneake...,1167.0,Shoefly,58.0,shoefly,829.0,,1996.0,women_footwear,58.47,"₹501–₹1,000"
Walking Shoes For Women,280.0,Shoetopia,28.0,shoetopia,719.0,,999.0,women_footwear,28.03,"₹501–₹1,000"
SL 165 Walking Shoes For Women,100.0,Sparx,10.0,sparx,899.0,,999.0,women_footwear,10.01,"₹501–₹1,000"
High Top Girls Canvas Heel Ankle Sneakers Sneakers For ...,500.0,JIANSH,50.0,jiansh,499.0,,999.0,women_footwear,50.05,<=₹500
Women Maroon Flats Sandal,480.0,BK DREAM,60.0,bk dream,319.0,,799.0,women_footwear,60.08,<=₹500
Running Shoes For Women,400.0,TECHNOFIT,40.0,technofit,599.0,,999.0,women_footwear,40.04,"₹501–₹1,000"
Flip Flops,0.0,ADDA,0.0,adda,399.0,,399.0,women_footwear,0.0,<=₹500
Women Brown Flats Sandal,500.0,Doctor Soft,50.0,doctor soft,499.0,,999.0,women_footwear,50.05,<=₹500
Slides,625.0,Puma,25.0,puma,1874.0,,2499.0,women_footwear,25.01,"₹1,001–₹5,000"
Wedge Slippers,37.0,Paragon,14.0,paragon,212.0,,249.0,women_footwear,14.86,<=₹500
Running Shoes For Women,72.0,Sparx,10.0,sparx,627.0,,699.0,women_footwear,10.3,"₹501–₹1,000"
Walking Shoes For Women,1700.0,YUUKI,68.0,yuuki,799.0,,2499.0,women_footwear,68.03,"₹501–₹1,000"
Sneakers For Women,0.0,Beonza,0.0,beonza,499.0,,499.0,women_footwear,0.0,<=₹500
ALINA Running Shoes For Women,74.0,Campus,9.0,campus,725.0,,799.0,women_footwear,9.26,"₹501–₹1,000"
Slides,200.0,Do Bhai,40.0,do bhai,299.0,,499.0,women_footwear,40.08,<=₹500
Running Shoes For Women,191.0,RADEON,27.0,radeon,508.0,,699.0,women_footwear,27.32,"₹501–₹1,000"
Women Brown Heels Sandal,600.0,Jade,60.0,jade,399.0,,999.0,women_footwear,60.06,<=₹500
Women Brown Flats Sandal,265.0,Footrendz,48.0,footrendz,284.0,,549.0,women_footwear,48.27,<=₹500
Women Multicolor Flats Sandal,51.0,Shezone,9.0,shezone,499.0,,550.0,women_footwear,9.27,<=₹500
Women Multicolor Flats Sandal,250.0,Asian,50.0,asian,249.0,,499.0,women_footwear,50.1,<=₹500
"Women Brown, Brown Flats Sandal",421.0,Asian,62.0,asian,249.0,,670.0,women_footwear,62.84,<=₹500
Women Green Casual Sandal,1304.0,Footsoul,76.0,footsoul,395.0,,1699.0,women_footwear,76.75,<=₹500
PERRY (L) Running Shoes For Women,112.0,Campus,16.0,campus,587.0,,699.0,women_footwear,16.02,"₹501–₹1,000"
Revolution 4 Running Shoes For Women,1109.0,Nike,30.0,nike,2586.0,,3695.0,women_footwear,30.01,"₹1,001–₹5,000"
Women Grey Flats Sandal,0.0,Brauch,0.0,brauch,299.0,,299.0,women_footwear,0.0,<=₹500
Women's Health Plus Ortho Comfortable Slippers,10.0,Blinder,3.0,blinder,289.0,,299.0,women_footwear,3.34,<=₹500
Women Casual & Running Shoes Combo Pack of 2 Canvas Sho...,504.0,Asian,50.0,asian,494.0,,998.0,women_footwear,50.5,<=₹500
Flip Flops,120.0,KOMOPT,40.0,komopt,179.0,,299.0,women_footwear,40.13,<=₹500
Bellies For Women,404.0,RAVIS,57.0,ravis,295.0,,699.0,women_footwear,57.8,<=₹500
Slides,750.0,Moonwalk,75.0,moonwalk,249.0,,999.0,women_footwear,75.08,<=₹500
Running Shoes For Women,400.0,nicholas,44.0,nicholas,499.0,,899.0,women_footwear,44.49,<=₹500
Flip Flops,0.0,Adda,0.0,adda,369.0,,369.0,women_footwear,0.0,<=₹500
Women Brown Heels Sandal,174.0,Royalex,34.0,royalex,325.0,,499.0,women_footwear,34.87,<=₹500
SL 154 Walking Shoes For Women,115.0,Sparx,11.0,sparx,884.0,,999.0,women_footwear,11.51,"₹501–₹1,000"
Flip Flops,35.0,PAHNAVA,11.0,pahnava,264.0,,299.0,women_footwear,11.71,<=₹500
DREAM Running Shoes For Women,200.0,Campus,16.0,campus,999.0,,1199.0,women_footwear,16.68,"₹501–₹1,000"
Women Black Sandal,0.0,Paragon,0.0,paragon,269.0,,269.0,women_footwear,0.0,<=₹500
Women Blue Wedges Sandal,0.0,Khadim's,0.0,khadim's,799.0,,799.0,women_footwear,0.0,"₹501–₹1,000"
SKECH-LAB - CHIC INTUITION Casuals For Women,1500.0,Skechers,25.0,skechers,4499.0,,5999.0,women_footwear,25.0,"₹1,001–₹5,000"
dbl-stp-2 Slippers,561.0,Skylarker,70.0,skylarker,238.0,,799.0,women_footwear,70.21,<=₹500
"Women Beige, White Heels Sandal",53.0,Stepee,10.0,stepee,446.0,,499.0,women_footwear,10.62,<=₹500
"Training,Walking,Gym,Sports,Running, Running Shoes For ...",1100.0,Global India,68.0,global india,499.0,,1599.0,women_footwear,68.79,<=₹500
DROGO W Running Shoes For Women,810.0,ADIDAS,30.0,adidas,1889.0,,2699.0,women_footwear,30.01,"₹1,001–₹5,000"
black-gola Slippers,290.0,FA82,58.0,fa82,209.0,,499.0,women_footwear,58.12,<=₹500
Smile Slides/Flip Flop for girls Slides,494.0,Walk.com,61.0,walk.com,305.0,,799.0,women_footwear,61.83,<=₹500
Women Beige Flats Sandal,650.0,Beonza,65.0,beonza,349.0,,999.0,women_footwear,65.07,<=₹500
Women Multicolor Flats Sandal,250.0,SKOLL,35.0,skoll,449.0,,699.0,women_footwear,35.77,<=₹500
"Women Brown, Brown Flats Sandal",760.0,Asian,76.0,asian,239.0,,999.0,women_footwear,76.08,<=₹500
Women Gold Flats Sandal,180.0,AirSoon,36.0,airsoon,319.0,,499.0,women_footwear,36.07,<=₹500
Women Maroon Casual Sandal,351.0,Stepee,43.0,stepee,448.0,,799.0,women_footwear,43.93,<=₹500
Women Red Sandal,42.0,Paragon,15.0,paragon,237.0,,279.0,women_footwear,15.05,<=₹500
Running Shoes For Women,400.0,Fath Son,40.0,fath son,599.0,,999.0,women_footwear,40.04,"₹501–₹1,000"
Women Black Wedges Sandal,400.0,IRSOE,40.0,irsoe,599.0,,999.0,women_footwear,40.04,"₹501–₹1,000"
"Women's Flyknit Socks Sneakers,Ultra-lightweight, Breat...",923.0,DICY,61.0,dicy,576.0,,1499.0,women_footwear,61.57,"₹501–₹1,000"
Flip Flops,382.0,Puma,47.0,puma,417.0,,799.0,women_footwear,47.81,<=₹500
Perfect Newly Design Stylish Girls Casual Shoes Sneaker...,520.0,Ziraat,52.0,ziraat,479.0,,999.0,women_footwear,52.05,<=₹500
Women Off White Wedges Sandal,476.0,Feel It,47.0,feel it,523.0,,999.0,women_footwear,47.65,"₹501–₹1,000"
Running Shoes For Women,999.0,Nike,25.0,nike,2996.0,,3995.0,women_footwear,25.01,"₹1,001–₹5,000"
Women Gold Wedges Sandal,2400.0,Shences,80.0,shences,599.0,,2999.0,women_footwear,80.03,"₹501–₹1,000"
Maroon Floral Fur Winter Slippers,256.0,Brauch,32.0,brauch,543.0,,799.0,women_footwear,32.04,"₹501–₹1,000"
Combo Women Pack of 2 Sneakers With Sports Shoes Sneake...,526.0,Oricum,52.0,oricum,472.0,,998.0,women_footwear,52.71,<=₹500
Slides,120.0,Flipside,20.0,flipside,479.0,,599.0,women_footwear,20.03,<=₹500
Slippers,355.0,Sayera,59.0,sayera,244.0,,599.0,women_footwear,59.27,<=₹500
"Women's ES-9 Flyknit Socks Sneakers, Ultra-lightweight,...",290.0,Zyma,29.0,zyma,709.0,,999.0,women_footwear,29.03,"₹501–₹1,000"
Casual Shoes For Girls Sneakers For Women,188.0,Eila,37.0,eila,311.0,,499.0,women_footwear,37.68,<=₹500
Slippers,270.0,Totu,54.0,totu,229.0,,499.0,women_footwear,54.11,<=₹500
Flip Flops,189.0,Welcome,37.0,welcome,310.0,,499.0,women_footwear,37.88,<=₹500
Women Black Wedges Sandal,200.0,Shoetopia,40.0,shoetopia,299.0,,499.0,women_footwear,40.08,<=₹500
"Ankle Strap Buckle Womens Casual Belies For Ethnic, Par...",450.0,sprintx,53.0,sprintx,399.0,,849.0,women_footwear,53.0,<=₹500
Perfect Stylish Girls Casual Shoes Sneakers For Women,555.0,Longwalk,55.0,longwalk,444.0,,999.0,women_footwear,55.56,<=₹500
Women Blue Flats Sandal,276.0,Footrendz,50.0,footrendz,273.0,,549.0,women_footwear,50.27,<=₹500
Walking Shoes For Women,140.0,Asian,28.0,asian,359.0,,499.0,women_footwear,28.06,<=₹500
Combo Pack of 2 Sports Shoes with Loafers Running Shoes...,525.0,Aura,52.0,aura,473.0,,998.0,women_footwear,52.61,<=₹500
ROYAL COMPLETE CLN Sneaker For Women,1000.0,REEBOK CLASSICS,25.0,reebok classics,2999.0,,3999.0,women_footwear,25.01,"₹1,001–₹5,000"
"New Fashionable Waterproof Casual Shoes,Walking Shoes,R...",400.0,Zappy,50.0,zappy,399.0,,799.0,women_footwear,50.06,<=₹500
Women Black Wedges Sandal,400.0,TRASE,40.0,trase,599.0,,999.0,women_footwear,40.04,"₹501–₹1,000"
Leather Design Stylish Look Boots Shoes Boots For Women,990.0,Dicy,70.0,dicy,409.0,,1399.0,women_footwear,70.76,<=₹500
Women White Flats Sandal,180.0,AirSoon,36.0,airsoon,319.0,,499.0,women_footwear,36.07,<=₹500
Latest Collection Sneakers For Women,600.0,HASTEN,60.0,hasten,399.0,,999.0,women_footwear,60.06,<=₹500
Slippers,400.0,Blinder,40.0,blinder,599.0,,999.0,women_footwear,40.04,"₹501–₹1,000"
Slippers,200.0,Brauch,40.0,brauch,299.0,,499.0,women_footwear,40.08,<=₹500
Women Beige Wedges Sandal,621.0,Dainty,62.0,dainty,378.0,,999.0,women_footwear,62.16,<=₹500
Bellies For Women,100.0,Bata,20.0,bata,399.0,,499.0,women_footwear,20.04,<=₹500
Latest and Comfortable Indoor/Outdoor Soft bottom Slipp...,400.0,IRSOE,40.0,irsoe,599.0,,999.0,women_footwear,40.04,"₹501–₹1,000"
Heeled Slippers,0.0,Paragon,0.0,paragon,229.0,,229.0,women_footwear,0.0,<=₹500
Flip Flops,0.0,ADDA,0.0,adda,365.0,,365.0,women_footwear,0.0,<=₹500
Slippers,0.0,Adda,0.0,adda,369.0,,369.0,women_footwear,0.0,<=₹500
Combo pack of 4 casual sneaker loafer shoe for women. S...,1047.0,Earton,52.0,earton,949.0,,1996.0,women_footwear,52.45,"₹501–₹1,000"
Women Black Heels Sandal,666.0,BK DREAM,66.0,bk dream,333.0,,999.0,women_footwear,66.67,<=₹500
WOMEN BLACK GOLA SLIPPER Slippers,50.0,KAYOKSH,20.0,kayoksh,199.0,,249.0,women_footwear,20.08,<=₹500
Women Red Flats Sandal,598.0,LooksFootwear,59.0,looksfootwear,401.0,,999.0,women_footwear,59.86,<=₹500
Casuals For Women,0.0,Khadim's,0.0,khadim's,499.0,,499.0,women_footwear,0.0,<=₹500
Flip Flops,289.0,2odds,57.0,2odds,210.0,,499.0,women_footwear,57.92,<=₹500
Welcome Pure Women'S Leather Sliper Brown Uk-5 Slippers,287.0,Welcome,49.0,welcome,292.0,,579.0,women_footwear,49.57,<=₹500
Flip Flops,0.0,Paragon,0.0,paragon,229.0,,229.0,women_footwear,0.0,<=₹500
W Flex Experience Rn 7 Training & Gym Shoes For Women,1589.0,Nike,30.0,nike,3706.0,,5295.0,women_footwear,30.01,"₹1,001–₹5,000"
Ferric Idp Flip Flops,0.0,Puma,0.0,puma,499.0,,499.0,women_footwear,0.0,<=₹500
Vega Ballet MU IDP Casuals For Women,900.0,Puma,30.0,puma,2099.0,,2999.0,women_footwear,30.01,"₹1,001–₹5,000"
Women Black Wedges Sandal,500.0,RSDK,50.0,rsdk,499.0,,999.0,women_footwear,50.05,<=₹500
Zod Runner NM Wns IDP Running Shoes For Women,2000.0,Puma,50.0,puma,1999.0,,3999.0,women_footwear,50.01,"₹1,001–₹5,000"
Women SL-133 Navy Blue Pink Walking Shoes For Women,111.0,Sparx,15.0,sparx,588.0,,699.0,women_footwear,15.88,"₹501–₹1,000"
Women Beige Wedges Sandal,500.0,IRSOE,50.0,irsoe,499.0,,999.0,women_footwear,50.05,<=₹500
Women Red Sandal,34.0,Paragon,14.0,paragon,195.0,,229.0,women_footwear,14.85,<=₹500
Flip Flops,0.0,Adda,0.0,adda,335.0,,335.0,women_footwear,0.0,<=₹500
Skyscapeballerinalp Walking Shoes For Women,900.0,REEBOK,30.0,reebok,2099.0,,2999.0,women_footwear,30.01,"₹1,001–₹5,000"
Flip Flops,320.0,Alkon,64.0,alkon,179.0,,499.0,women_footwear,64.13,<=₹500
Flip Flops,0.0,GINGER,0.0,ginger,499.0,,499.0,women_footwear,0.0,<=₹500
Womens Comfort Stylish Trending with colorful Printed S...,1111.0,Totu,74.0,totu,388.0,,1499.0,women_footwear,74.12,<=₹500
Running Shoes For Women,2499.0,Nike,25.0,nike,7496.0,,9995.0,women_footwear,25.0,"₹5,001–₹10,000"
Flip Flops,0.0,GINGER,0.0,ginger,999.0,,999.0,women_footwear,0.0,"₹501–₹1,000"
Women Brown Clogs Sandal,749.0,Crocs,30.0,crocs,1746.0,,2495.0,women_footwear,30.02,"₹1,001–₹5,000"
Casuals For Women,40.0,Asian,10.0,asian,359.0,,399.0,women_footwear,10.03,<=₹500
SHOKER-V-GREY Flip Flops,0.0,A-HA By Liberty,0.0,a-ha by liberty,499.0,,499.0,women_footwear,0.0,<=₹500
Women Gold Flats Sandal,1399.0,Crocs,35.0,crocs,2596.0,,3995.0,women_footwear,35.02,"₹1,001–₹5,000"
Women Black Flats Sandal,670.0,Beonza,67.0,beonza,329.0,,999.0,women_footwear,67.07,<=₹500
Go Walk Lite - Enamor Walking Shoes For Women,1125.0,Skechers,25.0,skechers,3374.0,,4499.0,women_footwear,25.01,"₹1,001–₹5,000"
Womens Purple and Pink Casual Stylish Comfort High Heel...,306.0,PKKART,61.0,pkkart,193.0,,499.0,women_footwear,61.32,<=₹500
Stylish White Casual Shoes Sneakers For Women,550.0,Vendoz,55.0,vendoz,449.0,,999.0,women_footwear,55.06,<=₹500
Women Multicolor Heels Sandal,626.0,Stellar Collections,81.0,stellar collections,140.0,,766.0,women_footwear,81.72,<=₹500
Flowers Flip Flops,40.0,Flipside,10.0,flipside,359.0,,399.0,women_footwear,10.03,<=₹500
Women Black Sandal,70.0,ABJ Fashion,14.0,abj fashion,429.0,,499.0,women_footwear,14.03,<=₹500
Women Blue Clogs Sandal,70.0,Blackstone,20.0,blackstone,279.0,,349.0,women_footwear,20.06,<=₹500
Flip Flops,770.0,Clymb,77.0,clymb,229.0,,999.0,women_footwear,77.08,<=₹500
ALLINA Flip Flops,40.0,Hush Puppies,5.0,hush puppies,759.0,,799.0,women_footwear,5.01,"₹501–₹1,000"
Casuals For Women,0.0,Bata,0.0,bata,499.0,,499.0,women_footwear,0.0,<=₹500
WMNS TODOS Running Shoes For Women,1199.0,Nike,30.0,nike,2796.0,,3995.0,women_footwear,30.01,"₹1,001–₹5,000"
Flip Flops,651.0,World Wear Footwear,65.0,world wear footwear,347.0,,998.0,women_footwear,65.23,<=₹500
Lotto Brizo Slippers,102.0,Lotto,25.0,lotto,297.0,,399.0,women_footwear,25.56,<=₹500
Slides,150.0,Brauch,30.0,brauch,349.0,,499.0,women_footwear,30.06,<=₹500
Women Brown Heels Sandal,1000.0,SKOLL,62.0,skoll,599.0,,1599.0,women_footwear,62.54,"₹501–₹1,000"
GLENN W Running Shoes For Women,625.0,ADIDAS,25.0,adidas,1874.0,,2499.0,women_footwear,25.01,"₹1,001–₹5,000"
Slip On Sneakers For Women,420.0,V2 Retail Limited,52.0,v2 retail limited,379.0,,799.0,women_footwear,52.57,<=₹500
Women Beige Flats Sandal,100.0,Brauch,25.0,brauch,299.0,,399.0,women_footwear,25.06,<=₹500
Flip Flops,0.0,Crocs,0.0,crocs,2495.0,,2495.0,women_footwear,0.0,"₹1,001–₹5,000"
Combo Canvas Shoes For Women,905.0,Abisto,60.0,abisto,594.0,,1499.0,women_footwear,60.37,"₹501–₹1,000"
Women Black Flats Sandal,600.0,ZIAULA,60.0,ziaula,399.0,,999.0,women_footwear,60.06,<=₹500
Slippers,245.0,GINGER By Lifestyle,35.0,ginger by lifestyle,454.0,,699.0,women_footwear,35.05,<=₹500
"Cassiey Latest Collection, Comfortable & Fashionable Pi...",450.0,IRSOE,45.0,irsoe,549.0,,999.0,women_footwear,45.05,"₹501–₹1,000"
Walking Shoes For Women,505.0,Sukun,50.0,sukun,494.0,,999.0,women_footwear,50.55,<=₹500
Women Navy Casual Sandal,0.0,ADDA,0.0,adda,498.0,,498.0,women_footwear,0.0,<=₹500
Women Black Flats Sandal,624.0,Bootco,62.0,bootco,375.0,,999.0,women_footwear,62.46,<=₹500
Sneakers For Women,50.0,Claptrap,15.0,claptrap,269.0,,319.0,women_footwear,15.67,<=₹500
Women Black Sandal,0.0,Paragon,0.0,paragon,279.0,,279.0,women_footwear,0.0,<=₹500
Women Black Wedges Sandal,120.0,Bata,15.0,bata,679.0,,799.0,women_footwear,15.02,"₹501–₹1,000"
AMD_LF_18 Slippers,274.0,Welcome,45.0,welcome,325.0,,599.0,women_footwear,45.74,<=₹500
Slippers,0.0,GINGER,0.0,ginger,499.0,,499.0,women_footwear,0.0,<=₹500
Ruhi-09 Running Shoes For Women,30.0,Columbus,5.0,columbus,569.0,,599.0,women_footwear,5.01,"₹501–₹1,000"
Women Multicolor Heels Sandal,454.0,RAVIS,64.0,ravis,245.0,,699.0,women_footwear,64.95,<=₹500
"Cassiey Latest Collection, Comfortable & Fashionable Ca...",448.0,IRSOE,44.0,irsoe,551.0,,999.0,women_footwear,44.84,"₹501–₹1,000"
Women Grey Flats Sandal,492.0,BK DREAM,61.0,bk dream,307.0,,799.0,women_footwear,61.58,<=₹500
"Latest Collection, Comfortable & Fashionable Bellies fo...",570.0,Fabbmate,57.0,fabbmate,429.0,,999.0,women_footwear,57.06,<=₹500
Women Brown Wedges Sandal,500.0,TRASE,50.0,trase,499.0,,999.0,women_footwear,50.05,<=₹500
Amy Walking Shoes For Women,89.0,Bata,17.0,bata,410.0,,499.0,women_footwear,17.84,<=₹500
Odius v2 IDP Flip Flops,210.0,Puma,30.0,puma,489.0,,699.0,women_footwear,30.04,<=₹500
Women Brown Wedges Sandal,100.0,ANSHU ENTERPRISES,20.0,anshu enterprises,399.0,,499.0,women_footwear,20.04,<=₹500
Running Shoes For Women,0.0,Lancer,0.0,lancer,499.0,,499.0,women_footwear,0.0,<=₹500
Women Pink Flats Sandal,180.0,AirSoon,36.0,airsoon,319.0,,499.0,women_footwear,36.07,<=₹500
Women Multicolor Flats Sandal,568.0,Myra,63.0,myra,331.0,,899.0,women_footwear,63.18,<=₹500
Women Beige Flats Sandal,596.0,Jack N Union,59.0,jack n union,403.0,,999.0,women_footwear,59.66,<=₹500
Leather Casual Stylish Look Boots Shoes Boots For Women,964.0,Dicy,68.0,dicy,435.0,,1399.0,women_footwear,68.91,<=₹500
Women Beige Heels Sandal,1747.0,TIME AND TRU By Walmart,69.0,time and tru by walmart,752.0,,2499.0,women_footwear,69.91,"₹501–₹1,000"
Slippers,201.0,Welcome,40.0,welcome,298.0,,499.0,women_footwear,40.28,<=₹500
Elasto-03 Casual sneakers for ladies | sports shoes for...,825.0,Asian,55.0,asian,674.0,,1499.0,women_footwear,55.04,"₹501–₹1,000"
Slippers,0.0,Adda,0.0,adda,329.0,,329.0,women_footwear,0.0,<=₹500
Urban SL Sneakers For Women,1520.0,Puma,40.0,puma,2279.0,,3799.0,women_footwear,40.01,"₹1,001–₹5,000"
Flip Flops,50.0,Flipside,10.0,flipside,449.0,,499.0,women_footwear,10.02,<=₹500
RED Blue Flip Flops,21.0,Flite,10.0,flite,178.0,,199.0,women_footwear,10.55,<=₹500
Combo Pack of 2 Latest Collection Stylish Loafers Sneak...,540.0,Shoefly,54.0,shoefly,458.0,,998.0,women_footwear,54.11,<=₹500
Women Multicolor Casual Sandal,161.0,Sparx,18.0,sparx,688.0,,849.0,women_footwear,18.96,"₹501–₹1,000"
"Women Brown, Blue, Maroon Flats Sandal",620.0,Footrendz,62.0,footrendz,379.0,,999.0,women_footwear,62.06,<=₹500
Women's Tread Walk comfortable and Lightweight Running ...,280.0,IRSOE,28.0,irsoe,719.0,,999.0,women_footwear,28.03,"₹501–₹1,000"
Women Tan Flats Sandal,246.0,Footrendz,44.0,footrendz,303.0,,549.0,women_footwear,44.81,<=₹500
"Women Black, Blue, Grey, Pink Flats Sandal",666.0,Footrendz,66.0,footrendz,333.0,,999.0,women_footwear,66.67,<=₹500
Women Brown Wedges Sandal,400.0,Shezone,40.0,shezone,599.0,,999.0,women_footwear,40.04,"₹501–₹1,000"
Slipper for Women's Flip Flops House Slides Home Bathro...,500.0,DRUNKEN,50.0,drunken,499.0,,999.0,women_footwear,50.05,<=₹500
Casuals For Women,400.0,Roclex,40.0,roclex,599.0,,999.0,women_footwear,40.04,"₹501–₹1,000"
Women Off White Flats Sandal,400.0,Shezone,40.0,shezone,599.0,,999.0,women_footwear,40.04,"₹501–₹1,000"
Combo Pack of Women Shoe Sneakers For Women,738.0,Shoefly,49.0,shoefly,759.0,,1497.0,women_footwear,49.3,"₹501–₹1,000"
Women Burgundy Wedges Sandal,450.0,Feel It,45.0,feel it,549.0,,999.0,women_footwear,45.05,"₹501–₹1,000"
Women Grey Flats Sandal,500.0,Sainex,62.0,sainex,299.0,,799.0,women_footwear,62.58,<=₹500
Flip Flops,14.0,BAHAMAS,4.0,bahamas,285.0,,299.0,women_footwear,4.68,<=₹500
Slippers,74.0,Bata,14.0,bata,425.0,,499.0,women_footwear,14.83,<=₹500
Slides,100.0,Do Bhai,20.0,do bhai,399.0,,499.0,women_footwear,20.04,<=₹500
Athleisure Sports Walking Shoes For Women,3987.0,Red Tape,70.0,red tape,1708.0,,5695.0,women_footwear,70.01,"₹1,001–₹5,000"
Women Pink Wedges Sandal,280.0,Gerief,56.0,gerief,219.0,,499.0,women_footwear,56.11,<=₹500
Walking Shoes For Women,500.0,FUNNFEEL,50.0,funnfeel,499.0,,999.0,women_footwear,50.05,<=₹500
Revolution 5 Running Shoes For Women,924.0,Nike,25.0,nike,2771.0,,3695.0,women_footwear,25.01,"₹1,001–₹5,000"
Women Beige Sandal,57.0,Paragon,15.0,paragon,322.0,,379.0,women_footwear,15.04,<=₹500
Women Brown Heels Sandal,400.0,Shezone,40.0,shezone,599.0,,999.0,women_footwear,40.04,"₹501–₹1,000"
Women Brown Sandal,0.0,Paragon,0.0,paragon,249.0,,249.0,women_footwear,0.0,<=₹500
Women Brown Flats Sandal,50.0,Bata,10.0,bata,449.0,,499.0,women_footwear,10.02,<=₹500
Perfect Stylish Girls Casual Shoes Sneakers For Women  ...,610.0,Twin Toes,61.0,twin toes,389.0,,999.0,women_footwear,61.06,<=₹500
Walking Shoes For Women,3847.0,Red Tape,70.0,red tape,1648.0,,5495.0,women_footwear,70.01,"₹1,001–₹5,000"
Casuals For Women,580.0,V2 Retail Limited,52.0,v2 retail limited,519.0,,1099.0,women_footwear,52.78,"₹501–₹1,000"
Women SL-146 Grey Pink Running Shoes For Women,158.0,Sparx,15.0,sparx,891.0,,1049.0,women_footwear,15.06,"₹501–₹1,000"
D'Lux Walker - Cross Motion Walking Shoes For Women,1500.0,Skechers,25.0,skechers,4499.0,,5999.0,women_footwear,25.0,"₹1,001–₹5,000"
Women Brown Wedges Sandal,400.0,TRASE,40.0,trase,599.0,,999.0,women_footwear,40.04,"₹501–₹1,000"
Women_Classic Flip Flops,140.0,Neoz,23.0,neoz,459.0,,599.0,women_footwear,23.37,<=₹500
Womens Comfort Stylish Trending with colorful Printed S...,770.0,Totu,70.0,totu,329.0,,1099.0,women_footwear,70.06,<=₹500
SL 164 Running Shoes For Women,100.0,Sparx,10.0,sparx,899.0,,999.0,women_footwear,10.01,"₹501–₹1,000"
Women Black Flats Sandal,619.0,Bootco,61.0,bootco,380.0,,999.0,women_footwear,61.96,<=₹500
Bellies For Women,500.0,Myra,55.0,myra,399.0,,899.0,women_footwear,55.62,<=₹500
Slides,0.0,GINGER,0.0,ginger,999.0,,999.0,women_footwear,0.0,"₹501–₹1,000"
Bellies For Women,409.0,Jack N Union,51.0,jack n union,379.0,,788.0,women_footwear,51.9,<=₹500
Conik GU IDP Flip Flops,80.0,Puma,20.0,puma,319.0,,399.0,women_footwear,20.05,<=₹500
Flip Flops,238.0,FIT O FIT,47.0,fit o fit,261.0,,499.0,women_footwear,47.7,<=₹500
Women Pink Synthetic Casual Slippers,450.0,REFOAM,50.0,refoam,449.0,,899.0,women_footwear,50.06,<=₹500
Flip Flops,499.0,Crocs,25.0,crocs,1496.0,,1995.0,women_footwear,25.01,"₹1,001–₹5,000"
Go Walk 5 Casuals For Women,1500.0,Skechers,30.0,skechers,3499.0,,4999.0,women_footwear,30.01,"₹1,001–₹5,000"
Slippers & Yoga Paduka Natural Leg Foot Massager Slides,601.0,AMVONZ,60.0,amvonz,399.0,,1000.0,women_footwear,60.1,<=₹500
Ortho-RedBlue-3 Slippers,239.0,DOCTOR EXTRA SOFT,39.0,doctor extra soft,360.0,,599.0,women_footwear,39.9,<=₹500
Combo Pack of 2 Latest Collection Stylish Casual Loafer...,599.0,Axter,60.0,axter,399.0,,998.0,women_footwear,60.02,<=₹500
Anne Flip Flops,40.0,Flipside,10.0,flipside,359.0,,399.0,women_footwear,10.03,<=₹500
Women Burgundy Casual Sandal,1521.0,Carlton London,52.0,carlton london,1374.0,,2895.0,women_footwear,52.54,"₹1,001–₹5,000"
Sports Mesh Running Shoes For Women,350.0,Sparx,38.0,sparx,549.0,,899.0,women_footwear,38.93,"₹501–₹1,000"
Women Black Sandal,500.0,Doctor Soft,50.0,doctor soft,499.0,,999.0,women_footwear,50.05,<=₹500
Boots For Women,500.0,Krafter,50.0,krafter,499.0,,999.0,women_footwear,50.05,<=₹500
Ruhi-03 Walking Shoes For Women,10.0,Columbus,1.0,columbus,589.0,,599.0,women_footwear,1.67,"₹501–₹1,000"
Women Red Sandal,33.0,Paragon,15.0,paragon,186.0,,219.0,women_footwear,15.07,<=₹500
Women Multicolor Flats Sandal,610.0,Aroom,61.0,aroom,389.0,,999.0,women_footwear,61.06,<=₹500
WINNER-N Slippers,30.0,Gliders by Liberty,10.0,gliders by liberty,269.0,,299.0,women_footwear,10.03,<=₹500
Women Multicolor Flats Sandal,499.0,RYAG,49.0,ryag,500.0,,999.0,women_footwear,49.95,<=₹500
Women Grey Flats Sandal,1000.0,Butterflies Steps,66.0,butterflies steps,499.0,,1499.0,women_footwear,66.71,<=₹500
Women SL-123 Magenta Baby Pink Walking Shoes For Women,155.0,Sparx,17.0,sparx,744.0,,899.0,women_footwear,17.24,"₹501–₹1,000"
Women SL-88 Grey Pink Running Shoes For Women,175.0,Sparx,17.0,sparx,824.0,,999.0,women_footwear,17.52,"₹501–₹1,000"
Quest 2 Running Shoes For Women,1799.0,Nike,30.0,nike,4196.0,,5995.0,women_footwear,30.01,"₹1,001–₹5,000"
1152 Walking Shoes For Women,188.0,Camfoot,37.0,camfoot,311.0,,499.0,women_footwear,37.68,<=₹500
Bellies For Women,700.0,Moonwalk,70.0,moonwalk,299.0,,999.0,women_footwear,70.07,<=₹500
Women Blue Sandal,30.0,Paragon,15.0,paragon,169.0,,199.0,women_footwear,15.08,<=₹500
"Casual shoes, Loafers shoes,Comfortable for women Loafe...",600.0,SWIGGY,60.0,swiggy,398.0,,998.0,women_footwear,60.12,<=₹500
Slip On Sneakers For Women,140.0,NORTH STAR,20.0,north star,559.0,,699.0,women_footwear,20.03,"₹501–₹1,000"
Slippers,0.0,Adda,0.0,adda,365.0,,365.0,women_footwear,0.0,<=₹500
Slippers,0.0,Welcome,0.0,welcome,289.0,,289.0,women_footwear,0.0,<=₹500
Women Tan Flats Sandal,209.0,PKKART,41.0,pkkart,290.0,,499.0,women_footwear,41.88,<=₹500
Women Brown Flats Sandal,18.0,Ozzy,12.0,ozzy,121.0,,139.0,women_footwear,12.95,<=₹500
Flip Flops,200.0,KOMOPT,50.0,komopt,199.0,,399.0,women_footwear,50.13,<=₹500
Women Blue Flats Sandal,486.0,BK DREAM,60.0,bk dream,313.0,,799.0,women_footwear,60.83,<=₹500
Slippers,1004.0,Footsoul,71.0,footsoul,395.0,,1399.0,women_footwear,71.77,<=₹500
Women Black Flats Sandal,450.0,Myra,50.0,myra,449.0,,899.0,women_footwear,50.06,<=₹500
People White Lace Up Shoes For Women,720.0,People,40.0,people,1079.0,,1799.0,women_footwear,40.02,"₹1,001–₹5,000"
"Women Gold, Brown Wedges Sandal",500.0,LooksFootwear,50.0,looksfootwear,499.0,,999.0,women_footwear,50.05,<=₹500
Women Tan Casual Sandal,1304.0,Footsoul,76.0,footsoul,395.0,,1699.0,women_footwear,76.75,<=₹500
011-Grey pink-5 Walking Shoes For Women,201.0,Bella Toes,30.0,bella toes,448.0,,649.0,women_footwear,30.97,<=₹500
Women Brown Heels Sandal,400.0,BELLA TOES,40.0,bella toes,599.0,,999.0,women_footwear,40.04,"₹501–₹1,000"
NAPIER Flip Flops,0.0,Liberty,0.0,liberty,399.0,,399.0,women_footwear,0.0,<=₹500
"Pink, Black & White Combo of 3 Jutties Jutis For Women",560.0,RGK'S,56.0,rgk's,439.0,,999.0,women_footwear,56.06,<=₹500
Breakout Wn's IDP Running Shoe For Women,875.0,Puma,25.0,puma,2624.0,,3499.0,women_footwear,25.01,"₹1,001–₹5,000"
Women Brown Sandal,34.0,Paragon,14.0,paragon,195.0,,229.0,women_footwear,14.85,<=₹500
Women Multicolor Flats Sandal,550.0,GIGANTIC,55.0,gigantic,449.0,,999.0,women_footwear,55.06,<=₹500
Combo Pack of 2 Latest Collection Stylish Loafers Sneak...,500.0,Shoefly,50.0,shoefly,498.0,,998.0,women_footwear,50.1,<=₹500
Canvas Shoes For Women,140.0,Asian,28.0,asian,359.0,,499.0,women_footwear,28.06,<=₹500
Women Black Flats Sandal,1204.0,Footsoul,75.0,footsoul,395.0,,1599.0,women_footwear,75.3,<=₹500
Slippers,34.0,Bata,13.0,bata,215.0,,249.0,women_footwear,13.65,<=₹500
Slippers,250.0,Fabbmate,50.0,fabbmate,249.0,,499.0,women_footwear,50.1,<=₹500
Adley Running Shoes For Women,700.0,Power,46.0,power,799.0,,1499.0,women_footwear,46.7,"₹501–₹1,000"
Slipper for Women's Flip Flops House Sildes Home Bathro...,500.0,DRUNKEN,50.0,drunken,499.0,,999.0,women_footwear,50.05,<=₹500
Running Shoes For Women,80.0,Earton,16.0,earton,419.0,,499.0,women_footwear,16.03,<=₹500
Slippers,0.0,InOne,0.0,inone,199.0,,199.0,women_footwear,0.0,<=₹500
Women Black Casual Sandal,0.0,CODE,0.0,code,799.0,,799.0,women_footwear,0.0,"₹501–₹1,000"
Flip Flops,1000.0,Puma,58.0,puma,699.0,,1699.0,women_footwear,58.86,"₹501–₹1,000"
Womens Comfort Stylish Trending with colorful Printed S...,0.0,Totu,0.0,totu,799.0,,799.0,women_footwear,0.0,"₹501–₹1,000"
Forever New Slippers,50.0,Flipside,10.0,flipside,449.0,,499.0,women_footwear,10.02,<=₹500
Women Multicolor Flats Sandal,284.0,Footrendz,51.0,footrendz,265.0,,549.0,women_footwear,51.73,<=₹500
Women Red Flats Sandal,0.0,Paragon,0.0,paragon,229.0,,229.0,women_footwear,0.0,<=₹500
KAFI Flip Flops,0.0,Bata,0.0,bata,499.0,,499.0,women_footwear,0.0,<=₹500
Women White Heels Sandal,525.0,Denill,52.0,denill,474.0,,999.0,women_footwear,52.55,<=₹500
Zod Runner NM Wns IDP Running Shoe For Women,1600.0,Puma,40.0,puma,2399.0,,3999.0,women_footwear,40.01,"₹1,001–₹5,000"
WOMEN BLACK GOLA SLIPPER Flip Flops,50.0,KAYOKSH,20.0,kayoksh,199.0,,249.0,women_footwear,20.08,<=₹500
Slides,839.0,Crocs,33.0,crocs,1656.0,,2495.0,women_footwear,33.63,"₹1,001–₹5,000"
Perfect Stylish Girls High Ankel Boots For Women,401.0,Longwalk,40.0,longwalk,598.0,,999.0,women_footwear,40.14,"₹501–₹1,000"
Combo pack 2 casual bellies for women Bellies For Women,525.0,Earton,52.0,earton,473.0,,998.0,women_footwear,52.61,<=₹500
Synthetic Leather Casual Sneaker shoes for Women/girls ...,579.0,D-SNEAKERZ,57.0,d-sneakerz,420.0,,999.0,women_footwear,57.96,<=₹500
Wigwam Running Shoes For Women,451.0,Power,30.0,power,1048.0,,1499.0,women_footwear,30.09,"₹1,001–₹5,000"
Boots For Women,0.0,Khadim's,0.0,khadim's,799.0,,799.0,women_footwear,0.0,"₹501–₹1,000"
Women Off White Flats Sandal,616.0,Bootco,61.0,bootco,383.0,,999.0,women_footwear,61.66,<=₹500
SL 126 GREY PINK Training & Gym Shoes For Women,0.0,Sparx,0.0,sparx,949.0,,949.0,women_footwear,0.0,"₹501–₹1,000"
Sneakers For Women,0.0,Bata,0.0,bata,499.0,,499.0,women_footwear,0.0,<=₹500
Women Navy Wedges Sandal,50.0,Bata,10.0,bata,449.0,,499.0,women_footwear,10.02,<=₹500
Women Black Flats Sandal,537.0,Bright Sayera,67.0,bright sayera,262.0,,799.0,women_footwear,67.21,<=₹500
Women Silver Flats Sandal,683.0,Footrendz,68.0,footrendz,316.0,,999.0,women_footwear,68.37,<=₹500
TRENDY-BLACK Flip Flops,0.0,A-HA By Liberty,0.0,a-ha by liberty,299.0,,299.0,women_footwear,0.0,<=₹500
Slippers,170.0,KOM-OPT,56.0,kom-opt,129.0,,299.0,women_footwear,56.86,<=₹500
Walking Shoes For Women,0.0,GINGER,0.0,ginger,1399.0,,1399.0,women_footwear,0.0,"₹1,001–₹5,000"
Jutis For Women,200.0,AAPNI CHOICE,40.0,aapni choice,299.0,,499.0,women_footwear,40.08,<=₹500
New Trendy Fashionable And Comfortable Women and Girls ...,200.0,JIANSH,40.0,jiansh,299.0,,499.0,women_footwear,40.08,<=₹500
Shoes for Women Sneakers For Women,200.0,Birde,40.0,birde,299.0,,499.0,women_footwear,40.08,<=₹500
Women Black Casual Sandal,288.0,GIBELLE,41.0,gibelle,411.0,,699.0,women_footwear,41.2,<=₹500
Girls Casual Partywear Sneakers For Women,555.0,Longwalk,55.0,longwalk,444.0,,999.0,women_footwear,55.56,<=₹500
Caper NU IDP Flip Flops,800.0,Puma,47.0,puma,899.0,,1699.0,women_footwear,47.09,"₹501–₹1,000"
Women Multicolor Flats Sandal,526.0,Super Matteress,52.0,super matteress,472.0,,998.0,women_footwear,52.71,<=₹500
Women Blue Clogs Sandal,601.0,Crocs,24.0,crocs,1894.0,,2495.0,women_footwear,24.09,"₹1,001–₹5,000"
SENNA-VOILET Slip On For Women,520.0,Gliders by Liberty,40.0,gliders by liberty,779.0,,1299.0,women_footwear,40.03,"₹501–₹1,000"
Women 86 Casuals For Women,131.0,Sparx,23.0,sparx,418.0,,549.0,women_footwear,23.86,<=₹500
Women Purple Sports Sandal,33.0,Paragon,15.0,paragon,186.0,,219.0,women_footwear,15.07,<=₹500
Casual Sneakers Sneakers For Women,600.0,ROBBOX,60.0,robbox,399.0,,999.0,women_footwear,60.06,<=₹500
Partywear And Casual Chukka Boots for Girls And Women (...,400.0,Commander,40.0,commander,599.0,,999.0,women_footwear,40.04,"₹501–₹1,000"
Progression Pro Wn s IDP Running Shoes For Women,1400.0,Puma,35.0,puma,2599.0,,3999.0,women_footwear,35.01,"₹1,001–₹5,000"
Flip Flops,200.0,Shoe Lab,40.0,shoe lab,299.0,,499.0,women_footwear,40.08,<=₹500
ALESSA Running Shoes For Women,690.0,Fila,30.0,fila,1609.0,,2299.0,women_footwear,30.01,"₹1,001–₹5,000"
"Trending and Unique Style Flip Flops, New Design Slides...",500.0,Des Tongs,58.0,des tongs,349.0,,849.0,women_footwear,58.89,<=₹500
"Training Shoes,Running Shoes,Gym Shoes,Loafers,Casual S...",482.0,Asian,48.0,asian,516.0,,998.0,women_footwear,48.3,"₹501–₹1,000"
Women Pink Wedges Sandal,400.0,Shezone,40.0,shezone,599.0,,999.0,women_footwear,40.04,"₹501–₹1,000"
shoe Bellies For Women,201.0,FA82,40.0,fa82,298.0,,499.0,women_footwear,40.28,<=₹500
Women Neutral Flats Sandal,1204.0,Footsoul,75.0,footsoul,395.0,,1599.0,women_footwear,75.3,<=₹500
Slippers,570.0,RANKONE,63.0,rankone,329.0,,899.0,women_footwear,63.4,<=₹500
Women Tan Flats Sandal,180.0,Liberty,30.0,liberty,419.0,,599.0,women_footwear,30.05,<=₹500
Women Maroon Flats Sandal,209.0,PKKART,41.0,pkkart,290.0,,499.0,women_footwear,41.88,<=₹500
Flip Flops,678.0,Shooting Star,67.0,shooting star,320.0,,998.0,women_footwear,67.94,<=₹500
Women Black Bellies Sandal,500.0,XE Looks,50.0,xe looks,499.0,,999.0,women_footwear,50.05,<=₹500
Women Red Flats Sandal,209.0,PKKART,41.0,pkkart,290.0,,499.0,women_footwear,41.88,<=₹500
Women Tan Flats Sandal,482.0,BK DREAM,60.0,bk dream,317.0,,799.0,women_footwear,60.33,<=₹500
Women Yellow Flats Sandal,209.0,PKKART,41.0,pkkart,290.0,,499.0,women_footwear,41.88,<=₹500
Women Maroon Flats Sandal,495.0,BK DREAM,61.0,bk dream,304.0,,799.0,women_footwear,61.95,<=₹500
Skinny Women Grey Jeans,785.0,Flying Machine,52.0,flying machine,714.0,,1499.0,women_westernwear,52.37,"₹501–₹1,000"
Printed Women Round Neck White T-Shirt,500.0,Pepe Jeans,50.0,pepe jeans,499.0,,999.0,women_westernwear,50.05,<=₹500
Casual Roll-up Sleeve Solid Women Dark Blue Top,739.0,KURTI WORLD,73.0,kurti world,260.0,,999.0,women_westernwear,73.97,<=₹500
Skinny Women Light Blue Jeans,1200.0,BuyNewTrend,75.0,buynewtrend,399.0,,1599.0,women_westernwear,75.05,<=₹500
"Printed, Striped Women White, Black Regular Shorts",200.0,pdpm,50.0,pdpm,199.0,,399.0,women_westernwear,50.13,<=₹500
Women A-line Black Dress,700.0,Daevish,58.0,daevish,499.0,,1199.0,women_westernwear,58.38,<=₹500
Women Multicolor Capri,870.0,SharkTribe,62.0,sharktribe,529.0,,1399.0,women_westernwear,62.19,"₹501–₹1,000"
Skinny Women Dark Blue Jeans,1200.0,BuyNewTrend,75.0,buynewtrend,399.0,,1599.0,women_westernwear,75.05,<=₹500
Casual Short Sleeve Solid Women Maroon Top,810.0,Rebound,81.0,rebound,189.0,,999.0,women_westernwear,81.08,<=₹500
Printed Women Round Neck Multicolor T-Shirt,650.0,So Sweety,50.0,so sweety,649.0,,1299.0,women_westernwear,50.04,"₹501–₹1,000"
Flared Women Maroon Cotton Rayon Blend Trousers,720.0,pdpm,64.0,pdpm,399.0,,1119.0,women_westernwear,64.34,<=₹500
CN FASHION Churidar  Legging,944.0,,69.0,,405.0,,1349.0,women_westernwear,69.98,<=₹500
Slim Women Blue Jeans,850.0,DELMY,53.0,delmy,749.0,,1599.0,women_westernwear,53.16,"₹501–₹1,000"
Slim Women Blue Jeans,668.0,Flying Machine,44.0,flying machine,831.0,,1499.0,women_westernwear,44.56,"₹501–₹1,000"
"Printed Women Henley Neck White, Pink T-Shirt",634.0,Metronaut,68.0,metronaut,295.0,,929.0,women_westernwear,68.25,<=₹500
CN FASHION Churidar  Legging,874.0,,67.0,,425.0,,1299.0,women_westernwear,67.28,<=₹500
Solid Women Round Neck Yellow T-Shirt,900.0,Elepants,75.0,elepants,299.0,,1199.0,women_westernwear,75.06,<=₹500
Solid Women Round Neck Yellow T-Shirt,710.0,BASE 41,71.0,base 41,289.0,,999.0,women_westernwear,71.07,<=₹500
Full Sleeve Ombre Women Denim Jacket,1034.0,BuyNewTrend,68.0,buynewtrend,465.0,,1499.0,women_westernwear,68.98,<=₹500
Slim Women Blue Jeans,1373.0,Spykar,54.0,spykar,1126.0,,2499.0,women_westernwear,54.94,"₹1,001–₹5,000"
"Color Block Women Round Neck White, Black T-Shirt",750.0,VIVINKS,75.0,vivinks,249.0,,999.0,women_westernwear,75.08,<=₹500
Printed Women Round Neck Light Green T-Shirt,700.0,AG Fashions,70.0,ag fashions,299.0,,999.0,women_westernwear,70.07,<=₹500
Solid Women Round Neck Red T-Shirt,900.0,Elepants,75.0,elepants,299.0,,1199.0,women_westernwear,75.06,<=₹500
Skinny Women White Jeans,1019.0,Pepe Jeans,46.0,pepe jeans,1180.0,,2199.0,women_westernwear,46.34,"₹1,001–₹5,000"
Solid Women Round Neck Light Green T-Shirt,900.0,Elepants,75.0,elepants,299.0,,1199.0,women_westernwear,75.06,<=₹500
Casual Bell Sleeve Solid Women Pink Top,700.0,VAANYA,70.0,vaanya,299.0,,999.0,women_westernwear,70.07,<=₹500
Solid Women Round Neck Red T-Shirt,710.0,BASE 41,71.0,base 41,289.0,,999.0,women_westernwear,71.07,<=₹500
Super Skinny Women Blue Jeans,1344.0,Levi's,43.0,levi's,1755.0,,3099.0,women_westernwear,43.37,"₹1,001–₹5,000"
"Solid Women Round Neck Maroon, Yellow T-Shirt",601.0,Reifica,60.0,reifica,398.0,,999.0,women_westernwear,60.16,<=₹500
"Printed Women Round Neck Red, Blue T-Shirt",550.0,FLEXIMAA,55.0,fleximaa,449.0,,999.0,women_westernwear,55.06,<=₹500
Color Block Women Round Neck Multicolor T-Shirt,810.0,Rebound,81.0,rebound,189.0,,999.0,women_westernwear,81.08,<=₹500
Super Skinny Women Blue Jeans,873.0,Pepe Jeans,39.0,pepe jeans,1326.0,,2199.0,women_westernwear,39.7,"₹1,001–₹5,000"
Amitgroup Black Jegging,601.0,,60.0,,398.0,,999.0,women_westernwear,60.16,<=₹500
"Casual Full Sleeve Striped Women White, Yellow Top",1150.0,Aelomart,71.0,aelomart,449.0,,1599.0,women_westernwear,71.92,<=₹500
Casual Cutout Sleeve Solid Women Dark Blue Top,1700.0,silkova,85.0,silkova,299.0,,1999.0,women_westernwear,85.04,<=₹500
Casual Full Sleeve Color Block Women White Top,1180.0,DUENITE,80.0,duenite,295.0,,1475.0,women_westernwear,80.0,<=₹500
"Regular Fit Women Dark Blue, Orange Poly Crepe Trousers",850.0,Emeros,63.0,emeros,499.0,,1349.0,women_westernwear,63.01,<=₹500
Printed Women Round Neck White T-Shirt,488.0,Pepe Jeans,48.0,pepe jeans,511.0,,999.0,women_westernwear,48.85,"₹501–₹1,000"
"Casual Cap Sleeve Printed, Checkered Women White, Black...",1275.0,U&F,75.0,u&f,424.0,,1699.0,women_westernwear,75.04,<=₹500
Casual Cutout Sleeve Solid Women Yellow Top,1600.0,silkova,80.0,silkova,399.0,,1999.0,women_westernwear,80.04,<=₹500
Amitgroup Black Jegging,1570.0,,79.0,,399.0,,1969.0,women_westernwear,79.74,<=₹500
Women Fit and Flare Multicolor Dress,949.0,Hetvi Creation,63.0,hetvi creation,550.0,,1499.0,women_westernwear,63.31,"₹501–₹1,000"
"Solid Women Round Neck Maroon, Black T-Shirt",601.0,Reifica,60.0,reifica,398.0,,999.0,women_westernwear,60.16,<=₹500
Solid Women Round Neck Green T-Shirt,710.0,BASE 41,71.0,base 41,289.0,,999.0,women_westernwear,71.07,<=₹500
Women Black Dungaree,1000.0,BuyNewTrend,62.0,buynewtrend,599.0,,1599.0,women_westernwear,62.54,"₹501–₹1,000"
Women A-line Multicolor Dress,950.0,DSK STUDIO,73.0,dsk studio,349.0,,1299.0,women_westernwear,73.13,<=₹500
Color Block Women Round Neck Red T-Shirt,720.0,BASE 41,72.0,base 41,279.0,,999.0,women_westernwear,72.07,<=₹500
Women Printed Wrap Around Multicolor Skirt,760.0,MODERN KART,69.0,modern kart,339.0,,1099.0,women_westernwear,69.15,<=₹500
"Solid Women Round Neck Black, Yellow T-Shirt",900.0,VIVINKS,75.0,vivinks,299.0,,1199.0,women_westernwear,75.06,<=₹500
Women Straight Half Sleeve Multicolor Shrug,748.0,Indibelle,59.0,indibelle,501.0,,1249.0,women_westernwear,59.89,"₹501–₹1,000"
Full Sleeve Solid Women Denim Jacket,1075.0,MONTREZ,71.0,montrez,424.0,,1499.0,women_westernwear,71.71,<=₹500
"Women Fit and Flare White, Black Dress",950.0,DSK STUDIO,73.0,dsk studio,349.0,,1299.0,women_westernwear,73.13,<=₹500
"Women Fit and Flare White, Black Dress",650.0,Rangun,65.0,rangun,349.0,,999.0,women_westernwear,65.07,<=₹500
Casual Roll-up Sleeve Solid Women Pink Top,739.0,KURTI WORLD,73.0,kurti world,260.0,,999.0,women_westernwear,73.97,<=₹500
Graphic Print Women Round Neck Multicolor T-Shirt,800.0,Young Trendz,61.0,young trendz,499.0,,1299.0,women_westernwear,61.59,<=₹500
Skinny Women Light Blue Jeans,1100.0,MONTREZ,73.0,montrez,399.0,,1499.0,women_westernwear,73.38,<=₹500
CN FASHION Churidar  Legging,715.0,,71.0,,284.0,,999.0,women_westernwear,71.57,<=₹500
CN FASHION Churidar  Legging,1074.0,,71.0,,425.0,,1499.0,women_westernwear,71.65,<=₹500
Solid Women Round Neck Black T-Shirt,710.0,BASE 41,71.0,base 41,289.0,,999.0,women_westernwear,71.07,<=₹500
Jogger Fit Women Blue Jeans,1713.0,A-Okay,75.0,a-okay,562.0,,2275.0,women_westernwear,75.3,"₹501–₹1,000"
Printed Women Henley Neck Dark Blue T-Shirt,544.0,Metronaut,64.0,metronaut,295.0,,839.0,women_westernwear,64.84,<=₹500
MIK FASHION Black Tregging,870.0,,66.0,,429.0,,1299.0,women_westernwear,66.97,<=₹500
Women Fit and Flare Multicolor Dress,500.0,Aayu,45.0,aayu,599.0,,1099.0,women_westernwear,45.5,"₹501–₹1,000"
Casual 3/4 Sleeve Printed Women Yellow Top,600.0,DUENITE,60.0,duenite,399.0,,999.0,women_westernwear,60.06,<=₹500
Typography Women Round Neck Orange T-Shirt,449.0,AG Fashions,44.0,ag fashions,550.0,,999.0,women_westernwear,44.94,"₹501–₹1,000"
Striped Women Round Neck Multicolor T-Shirt,749.0,Elepants,74.0,elepants,250.0,,999.0,women_westernwear,74.97,<=₹500
Full Sleeve Washed Women Jacket,2145.0,TOKYO TALKIES,65.0,tokyo talkies,1154.0,,3299.0,women_westernwear,65.02,"₹1,001–₹5,000"
Graphic Print Women Round Neck Multicolor T-Shirt,929.0,Young Trendz,63.0,young trendz,530.0,,1459.0,women_westernwear,63.67,"₹501–₹1,000"
Full Sleeve Solid Women Denim Jacket,1100.0,BuyNewTrend,73.0,buynewtrend,399.0,,1499.0,women_westernwear,73.38,<=₹500
Printed Women Round Neck Red T-Shirt,849.0,CRAFTLY,77.0,craftly,250.0,,1099.0,women_westernwear,77.25,<=₹500
Casual 3/4 Sleeve Solid Women Green Top,702.0,GMI,63.0,gmi,397.0,,1099.0,women_westernwear,63.88,<=₹500
"Solid Women Round Neck Black, Yellow T-Shirt",601.0,Reifica,60.0,reifica,398.0,,999.0,women_westernwear,60.16,<=₹500
Printed Women Round Neck Multicolor T-Shirt,1151.0,FLEXIMAA,63.0,fleximaa,648.0,,1799.0,women_westernwear,63.98,"₹501–₹1,000"
Printed Women Round Neck Blue T-Shirt,700.0,AG Fashion,70.0,ag fashion,299.0,,999.0,women_westernwear,70.07,<=₹500
Relaxed Women Multicolor Rayon Trousers,200.0,pdpm,40.0,pdpm,299.0,,499.0,women_westernwear,40.08,<=₹500
Casual Cap Sleeve Printed Women Multicolor Top,500.0,2 Day,50.0,2 day,499.0,,999.0,women_westernwear,50.05,<=₹500
Solid Women Round Neck White T-Shirt,710.0,BASE 41,71.0,base 41,289.0,,999.0,women_westernwear,71.07,<=₹500
Casual Regular Sleeve Printed Women Yellow Top,600.0,Absorbing,60.0,absorbing,399.0,,999.0,women_westernwear,60.06,<=₹500
Color Block Women Black Tights,1100.0,Neu Look,73.0,neu look,399.0,,1499.0,women_westernwear,73.38,<=₹500
Solid Women Round Neck Purple T-Shirt,142.0,FLEXIMAA,40.0,fleximaa,207.0,,349.0,women_westernwear,40.69,<=₹500
Solid Women Round Neck Dark Blue T-Shirt,900.0,Elepants,75.0,elepants,299.0,,1199.0,women_westernwear,75.06,<=₹500
Checkered Women Multicolor Night Shorts,450.0,Curare,45.0,curare,549.0,,999.0,women_westernwear,45.05,"₹501–₹1,000"
Casual Short Sleeve Solid Women Red Top,624.0,upperkutt,62.0,upperkutt,375.0,,999.0,women_westernwear,62.46,<=₹500
"Women A-line Multicolor, Dark Blue, Pink, Beige Dress",1331.0,Selvia,72.0,selvia,499.0,,1830.0,women_westernwear,72.73,<=₹500
Formal Short Sleeve Solid Women Green Top,699.0,GMI,70.0,gmi,299.0,,998.0,women_westernwear,70.04,<=₹500
3/4th Sleeve Solid Women Jacket,1550.0,MONTREZ,77.0,montrez,449.0,,1999.0,women_westernwear,77.54,<=₹500
Printed Women Round Neck Black T-Shirt,700.0,RG,70.0,rg,299.0,,999.0,women_westernwear,70.07,<=₹500
Full Sleeve Solid Women Denim Jacket,1600.0,MONTREZ,80.0,montrez,399.0,,1999.0,women_westernwear,80.04,<=₹500
Casual 3/4 Sleeve Printed Women Multicolor Top,900.0,DARZI,75.0,darzi,299.0,,1199.0,women_westernwear,75.06,<=₹500
Casual Half Sleeve Printed Women Yellow Top,1000.0,Gritstones,76.0,gritstones,299.0,,1299.0,women_westernwear,76.98,<=₹500
Color Block Women Round Neck Yellow T-Shirt,996.0,Tap in,76.0,tap in,299.0,,1295.0,women_westernwear,76.91,<=₹500
Solid Women Round Neck Yellow T-Shirt,314.0,fabstone collection,52.0,fabstone collection,285.0,,599.0,women_westernwear,52.42,<=₹500
"Color Block Women Round Neck White, Brown T-Shirt",750.0,VIVINKS,75.0,vivinks,249.0,,999.0,women_westernwear,75.08,<=₹500
Casual Bell Sleeve Solid Women Dark Blue Top,628.0,VAANYA,62.0,vaanya,371.0,,999.0,women_westernwear,62.86,<=₹500
"Printed Women Round Neck Red, Yellow T-Shirt",1300.0,Broadstar,65.0,broadstar,699.0,,1999.0,women_westernwear,65.03,"₹501–₹1,000"
Women Maxi Multicolor Dress,844.0,Kannan,64.0,kannan,455.0,,1299.0,women_westernwear,64.97,<=₹500
Printed Women Round Neck Multicolor T-Shirt,1367.0,FLEXIMAA,75.0,fleximaa,432.0,,1799.0,women_westernwear,75.99,<=₹500
Women Gathered Multicolor Dress,1400.0,ASEAN,70.0,asean,599.0,,1999.0,women_westernwear,70.04,"₹501–₹1,000"
Full Sleeve Embellished Women Denim Jacket,1000.0,BuyNewTrend,66.0,buynewtrend,499.0,,1499.0,women_westernwear,66.71,<=₹500
Casual 3/4 Sleeve Solid Women Light Green Top,500.0,Shinoy,50.0,shinoy,499.0,,999.0,women_westernwear,50.05,<=₹500
Checkered Women Black Regular Shorts,800.0,Pratyusha,72.0,pratyusha,299.0,,1099.0,women_westernwear,72.79,<=₹500
"Casual Petal Sleeve Printed Women Red, White Top",894.0,Selvia,76.0,selvia,269.0,,1163.0,women_westernwear,76.87,<=₹500
"Color Block Women Round Neck Dark Blue, Grey T-Shirt",750.0,SharkTribe,75.0,sharktribe,249.0,,999.0,women_westernwear,75.08,<=₹500
FUBAR Ankle Length  Legging,321.0,,53.0,,279.0,,600.0,women_westernwear,53.5,<=₹500
Regular Fit Women Multicolor Pure Cotton Trousers,616.0,Unique Choice,61.0,unique choice,383.0,,999.0,women_westernwear,61.66,<=₹500
"Striped Women Round Neck White, Blue, Black T-Shirt",749.0,Elepants,74.0,elepants,250.0,,999.0,women_westernwear,74.97,<=₹500
Graphic Print Women Round Neck Multicolor T-Shirt,947.0,Young Trendz,64.0,young trendz,512.0,,1459.0,women_westernwear,64.91,"₹501–₹1,000"
Promise Deal Multicolor Jegging,800.0,,61.0,,499.0,,1299.0,women_westernwear,61.59,<=₹500
Mesh Blue Jegging,500.0,,62.0,,299.0,,799.0,women_westernwear,62.58,<=₹500
Solid Women Round Neck Multicolor T-Shirt,615.0,The Dry State,61.0,the dry state,384.0,,999.0,women_westernwear,61.56,<=₹500
Casual Ruffled Sleeve Lace Women White Top,1164.0,Selvia,69.0,selvia,499.0,,1663.0,women_westernwear,69.99,<=₹500
Casual Short Sleeve Solid Women Yellow Top,1624.0,upperkutt,81.0,upperkutt,375.0,,1999.0,women_westernwear,81.24,<=₹500
"Regular Fit Women Multicolor, Light Green Poly Crepe Tr...",850.0,Emeros,63.0,emeros,499.0,,1349.0,women_westernwear,63.01,<=₹500
"Casual Full Sleeve Striped Women White, Maroon Top",1150.0,Aelomart,71.0,aelomart,449.0,,1599.0,women_westernwear,71.92,<=₹500
Casual 3/4 Sleeve Solid Women Dark Blue Top,950.0,Venisa,67.0,venisa,449.0,,1399.0,women_westernwear,67.91,<=₹500
Women Maxi Maroon Dress,1160.0,Hetvi Creation,68.0,hetvi creation,539.0,,1699.0,women_westernwear,68.28,"₹501–₹1,000"
Party Bell Sleeve Embroidered Women Green Top,500.0,Sahiba Impex,50.0,sahiba impex,499.0,,999.0,women_westernwear,50.05,<=₹500
Printed Women Round Neck Yellow T-Shirt,288.0,Levi's,28.0,levi's,711.0,,999.0,women_westernwear,28.83,"₹501–₹1,000"
Regular Fit Women Yellow Rayon Trousers,200.0,pdpm,40.0,pdpm,299.0,,499.0,women_westernwear,40.08,<=₹500
Slim Women Blue Jeans,819.0,Flying Machine,54.0,flying machine,680.0,,1499.0,women_westernwear,54.64,"₹501–₹1,000"
Women Solid Flared Maroon Skirt,1500.0,TANDUL,75.0,tandul,499.0,,1999.0,women_westernwear,75.04,<=₹500
Casual Half Sleeve Printed Women White Top,1000.0,Gritstones,76.0,gritstones,299.0,,1299.0,women_westernwear,76.98,<=₹500
Checkered Women Multicolor Boxer Shorts,450.0,Curare,45.0,curare,549.0,,999.0,women_westernwear,45.05,"₹501–₹1,000"
Printed Women Round Neck Multicolor T-Shirt,800.0,Young Trendz,61.0,young trendz,499.0,,1299.0,women_westernwear,61.59,<=₹500
NAAZ Fashions Black Jegging,510.0,,63.0,,289.0,,799.0,women_westernwear,63.83,<=₹500
Women Checkered Casual Slim Shirt,1223.0,Lee,61.0,lee,776.0,,1999.0,women_westernwear,61.18,"₹501–₹1,000"
Women Fit and Flare Black Dress,1000.0,New Ethnic 4 You,76.0,new ethnic 4 you,299.0,,1299.0,women_westernwear,76.98,<=₹500
Jogger Fit Women Light Blue Jeans,1713.0,A-Okay,75.0,a-okay,562.0,,2275.0,women_westernwear,75.3,"₹501–₹1,000"
"Solid Women Round Neck Maroon, Black, Grey T-Shirt",1168.0,Ap'pulse,64.0,ap'pulse,629.0,,1797.0,women_westernwear,65.0,"₹501–₹1,000"
Regular Fit Women Maroon Pure Cotton Trousers,669.0,DECKEDUP,74.0,deckedup,230.0,,899.0,women_westernwear,74.42,<=₹500
Casual Sleeveless Solid Women Black Top,0.0,Jockey,0.0,jockey,279.0,,279.0,women_westernwear,0.0,<=₹500
Printed Women Round Neck Green T-Shirt,350.0,Wrangler,39.0,wrangler,545.0,,895.0,women_westernwear,39.11,"₹501–₹1,000"
Mesh Blue Jegging,450.0,,60.0,,299.0,,749.0,women_westernwear,60.08,<=₹500
Casual 3/4 Sleeve Printed Women Grey Top,350.0,FEBIA,50.0,febia,349.0,,699.0,women_westernwear,50.07,<=₹500
Casual Bell Sleeve Printed Women Multicolor Top,700.0,Gujari,63.0,gujari,399.0,,1099.0,women_westernwear,63.69,<=₹500
Women Fit and Flare Black Dress,2149.0,Crease & Clips,76.0,crease & clips,650.0,,2799.0,women_westernwear,76.78,"₹501–₹1,000"
Printed Women Round Neck Grey T-Shirt,700.0,RG,70.0,rg,299.0,,999.0,women_westernwear,70.07,<=₹500
Casual 3/4 Sleeve Lace Women Black Top,750.0,Le Bourgeois,75.0,le bourgeois,249.0,,999.0,women_westernwear,75.08,<=₹500
Regular Fit Women Green Cotton Blend Trousers,900.0,Q-Rious,60.0,q-rious,599.0,,1499.0,women_westernwear,60.04,"₹501–₹1,000"
Regular Fit Women Black Hosiery Trousers,350.0,NEYSA,50.0,neysa,349.0,,699.0,women_westernwear,50.07,<=₹500
Casual Roll-up Sleeve Solid Women Yellow Top,739.0,KURTI WORLD,73.0,kurti world,260.0,,999.0,women_westernwear,73.97,<=₹500
Printed Women Round Neck Pink T-Shirt,600.0,RG,66.0,rg,299.0,,899.0,women_westernwear,66.74,<=₹500
Casual Flared Sleeve Solid Women Maroon Top,700.0,GOD BLESS,58.0,god bless,499.0,,1199.0,women_westernwear,58.38,<=₹500
Party 3/4 Sleeve Printed Women White Top,861.0,J B Fashion,66.0,j b fashion,438.0,,1299.0,women_westernwear,66.28,<=₹500
Graphic Print Women Round Neck Multicolor T-Shirt,960.0,Young Trendz,65.0,young trendz,499.0,,1459.0,women_westernwear,65.8,<=₹500
Printed Women Round Neck Black T-Shirt,700.0,CRAZYINK,70.0,crazyink,299.0,,999.0,women_westernwear,70.07,<=₹500
Casual Half Sleeve Solid Women Black Top,700.0,BASE 41,70.0,base 41,299.0,,999.0,women_westernwear,70.07,<=₹500
Slim Fit Women Black Polycotton Trousers,917.0,Van Heusen,50.0,van heusen,882.0,,1799.0,women_westernwear,50.97,"₹501–₹1,000"
Flared Women Dark Blue Cotton Rayon Blend Trousers,900.0,KD,81.0,kd,199.0,,1099.0,women_westernwear,81.89,<=₹500
Solid Women Jumpsuit,2100.0,Slenor,70.0,slenor,899.0,,2999.0,women_westernwear,70.02,"₹501–₹1,000"
Slim Women Blue Jeans,1690.0,A-Okay,74.0,a-okay,585.0,,2275.0,women_westernwear,74.29,"₹501–₹1,000"
Solid Women Round Neck Dark Green T-Shirt,920.0,INK FREE FASHION,76.0,ink free fashion,279.0,,1199.0,women_westernwear,76.73,<=₹500
Regular Fit Women Dark Blue Hosiery Trousers,350.0,NEYSA,50.0,neysa,349.0,,699.0,women_westernwear,50.07,<=₹500
Amitgroup Black Jegging,1452.0,,78.0,,398.0,,1850.0,women_westernwear,78.49,<=₹500
Women T Shirt Black Dress,700.0,COUPLESTUFF.IN,70.0,couplestuff.in,299.0,,999.0,women_westernwear,70.07,<=₹500
Regular Fit Women Multicolor Polyester Trousers,805.0,POPWINGS,61.0,popwings,494.0,,1299.0,women_westernwear,61.97,<=₹500
Casual 3/4 Sleeve Solid Women Yellow Top,633.0,BLezza,63.0,blezza,366.0,,999.0,women_westernwear,63.36,<=₹500
Graphic Print Women Round Neck Yellow T-Shirt,900.0,Dillinger,75.0,dillinger,299.0,,1199.0,women_westernwear,75.06,<=₹500
"Solid Women Round Neck Dark Blue, Yellow T-Shirt",641.0,Reifica,64.0,reifica,358.0,,999.0,women_westernwear,64.16,<=₹500
Printed Women Round Neck Pink T-Shirt,700.0,RG,70.0,rg,299.0,,999.0,women_westernwear,70.07,<=₹500
Full Sleeve Washed Women Jacket,2470.0,VTV,82.0,vtv,529.0,,2999.0,women_westernwear,82.36,"₹501–₹1,000"
"Regular Fit Women Green, Black Cotton Blend Trousers",300.0,Me Craft,30.0,me craft,699.0,,999.0,women_westernwear,30.03,"₹501–₹1,000"
Striped Women Round Neck Dark Blue T-Shirt,810.0,Yes'No,81.0,yes'no,189.0,,999.0,women_westernwear,81.08,<=₹500
Women Solid Casual Slim Shirt,750.0,aaj collection,62.0,aaj collection,449.0,,1199.0,women_westernwear,62.55,<=₹500
"Printed Women Round Neck Black, Grey T-Shirt",550.0,FLEXIMAA,55.0,fleximaa,449.0,,999.0,women_westernwear,55.06,<=₹500
Casual Full Sleeve Solid Women Light Green Top,1200.0,Aelomart,75.0,aelomart,399.0,,1599.0,women_westernwear,75.05,<=₹500
"Women Dark Blue, Red Capri",1109.0,A9,61.0,a9,689.0,,1798.0,women_westernwear,61.68,"₹501–₹1,000"
Casual Bell Sleeve Solid Women Black Top,1000.0,VAANYA,76.0,vaanya,299.0,,1299.0,women_westernwear,76.98,<=₹500
Women Maroon Dungaree,900.0,BuyNewTrend,60.0,buynewtrend,599.0,,1499.0,women_westernwear,60.04,"₹501–₹1,000"
Women A-line Green Dress,450.0,Sheetal Associates,45.0,sheetal associates,549.0,,999.0,women_westernwear,45.05,"₹501–₹1,000"
Casual Butterfly Sleeve Floral Print Women Multicolor T...,1031.0,Oomph!,77.0,oomph!,299.0,,1330.0,women_westernwear,77.52,<=₹500
"Printed, Color Block Women Round Neck Dark Blue T-Shirt",850.0,Dillinger,70.0,dillinger,349.0,,1199.0,women_westernwear,70.89,<=₹500
Women Gown Maroon Dress,550.0,IQRA FASHION,55.0,iqra fashion,449.0,,999.0,women_westernwear,55.06,<=₹500
Printed Women Round Neck Black T-Shirt,288.0,Levi's,28.0,levi's,711.0,,999.0,women_westernwear,28.83,"₹501–₹1,000"
Checkered Women Black Regular Shorts,584.0,My Swag,64.0,my swag,315.0,,899.0,women_westernwear,64.96,<=₹500
Casual Short Sleeve Solid Women Yellow Top,810.0,Rebound,81.0,rebound,189.0,,999.0,women_westernwear,81.08,<=₹500
Women Maxi Pink Dress,500.0,Sheetal Associates,50.0,sheetal associates,499.0,,999.0,women_westernwear,50.05,<=₹500
"Casual Slit Sleeve, Flared Sleeve Lace Women Red Top",1164.0,Selvia,69.0,selvia,499.0,,1663.0,women_westernwear,69.99,<=₹500
"Casual Regular Sleeve Color Block Women White, Maroon T...",1200.0,Aelomart,75.0,aelomart,399.0,,1599.0,women_westernwear,75.05,<=₹500
Casual 3/4 Sleeve Solid Women Pink Top,500.0,Shinoy,50.0,shinoy,499.0,,999.0,women_westernwear,50.05,<=₹500
Casual Regular Sleeve Striped Women Multicolor Top,950.0,TANDUL,79.0,tandul,249.0,,1199.0,women_westernwear,79.23,<=₹500
"Flared Women Black, Grey Poly Silk Trousers",490.0,STYLE HIVE,49.0,style hive,509.0,,999.0,women_westernwear,49.05,"₹501–₹1,000"
Casual Sleeveless Solid Women Dark Blue Top,750.0,GOD BLESS,62.0,god bless,449.0,,1199.0,women_westernwear,62.55,<=₹500
Casual Roll-up Sleeve Embroidered Women Yellow Top,620.0,Silkova,62.0,silkova,379.0,,999.0,women_westernwear,62.06,<=₹500
"Color Block Women Round Neck Red, White T-Shirt",750.0,VIVINKS,75.0,vivinks,249.0,,999.0,women_westernwear,75.08,<=₹500
Military Camouflage Women Henley Neck Multicolor T-Shir...,710.0,Metronaut,74.0,metronaut,249.0,,959.0,women_westernwear,74.04,<=₹500
"Regular Fit Women Maroon, Orange Poly Crepe Trousers",850.0,Emeros,63.0,emeros,499.0,,1349.0,women_westernwear,63.01,<=₹500
Casual Full Sleeve Solid Women Black Top,650.0,Le Bourgeois,65.0,le bourgeois,349.0,,999.0,women_westernwear,65.07,<=₹500
Casual 3/4 Sleeve Checkered Women Grey Top,750.0,GOD BLESS,57.0,god bless,549.0,,1299.0,women_westernwear,57.74,"₹501–₹1,000"
Women Maxi Maroon Dress,305.0,Aayu,33.0,aayu,594.0,,899.0,women_westernwear,33.93,"₹501–₹1,000"
Regular Fit Women Multicolor Viscose Blend Trousers,700.0,DARZI,58.0,darzi,499.0,,1199.0,women_westernwear,58.38,<=₹500
Solid Women Blue Tights,900.0,Neu Look,69.0,neu look,399.0,,1299.0,women_westernwear,69.28,<=₹500
"Printed Women Round Neck Green, Yellow T-Shirt",1300.0,Broadstar,65.0,broadstar,699.0,,1999.0,women_westernwear,65.03,"₹501–₹1,000"
Women A-line Blue Dress,450.0,Sheetal Associates,45.0,sheetal associates,549.0,,999.0,women_westernwear,45.05,"₹501–₹1,000"
Women Solid Casual Shirt,1150.0,Aaj Collection,71.0,aaj collection,449.0,,1599.0,women_westernwear,71.92,<=₹500
Color Block Women Round Neck Multicolor T-Shirt,616.0,The Dry State,61.0,the dry state,383.0,,999.0,women_westernwear,61.66,<=₹500
Casual Regular Sleeve Embroidered Women Maroon Top,619.0,Attire4ever,61.0,attire4ever,380.0,,999.0,women_westernwear,61.96,<=₹500
"Striped Women White, Black Night Shorts",1012.0,Dreambe,75.0,dreambe,337.0,,1349.0,women_westernwear,75.02,<=₹500
Color Block Women Hooded Neck Yellow T-Shirt,850.0,Tap-in,71.0,tap-in,345.0,,1195.0,women_westernwear,71.13,<=₹500
MIK FASHION Black Jegging,709.0,,70.0,,290.0,,999.0,women_westernwear,70.97,<=₹500
Casual Full Sleeve Solid Women White Top,1200.0,Aelomart,75.0,aelomart,399.0,,1599.0,women_westernwear,75.05,<=₹500
Women Maxi Blue Dress,1851.0,Peplum,74.0,peplum,648.0,,2499.0,women_westernwear,74.07,"₹501–₹1,000"
Printed Women Round Neck Black T-Shirt,830.0,CRAFTLY,75.0,craftly,269.0,,1099.0,women_westernwear,75.52,<=₹500
Casual 3/4 Sleeve Checkered Women Black Top,900.0,Glance Designs,69.0,glance designs,399.0,,1299.0,women_westernwear,69.28,<=₹500
Casual Regular Sleeve Printed Women Green Top,700.0,Gujari,63.0,gujari,399.0,,1099.0,women_westernwear,63.69,<=₹500
Ratan Cloth Factory 3/4th/Calf Length Legging,701.0,,70.0,,298.0,,999.0,women_westernwear,70.17,<=₹500
Casual Regular Sleeve Solid Women Pink Top,795.0,NITVAN,66.0,nitvan,404.0,,1199.0,women_westernwear,66.31,<=₹500
Flared Women Multicolor Poly Crepe Trousers,580.0,Emeros,64.0,emeros,319.0,,899.0,women_westernwear,64.52,<=₹500
"Self Design, Solid Women Round Neck Multicolor T-Shirt",1031.0,Young Trendz,59.0,young trendz,698.0,,1729.0,women_westernwear,59.63,"₹501–₹1,000"
Solid Women Black Regular Shorts,616.0,The Dry State,61.0,the dry state,383.0,,999.0,women_westernwear,61.66,<=₹500
Casual Roll-up Sleeve Checkered Women Yellow Top,750.0,GOD BLESS,62.0,god bless,449.0,,1199.0,women_westernwear,62.55,<=₹500
Regular Fit Women Black Cotton Blend Trousers,634.0,Q-Rious,63.0,q-rious,365.0,,999.0,women_westernwear,63.46,<=₹500
Casual Bell Sleeve Solid Women Maroon Top,1050.0,Istyle Can,70.0,istyle can,449.0,,1499.0,women_westernwear,70.05,<=₹500
Women Cargos,1050.0,EditLook,60.0,editlook,699.0,,1749.0,women_westernwear,60.03,"₹501–₹1,000"
Women A-line Black Dress,751.0,Crease & Clips,60.0,crease & clips,498.0,,1249.0,women_westernwear,60.13,<=₹500
"Flared Women Brown, Beige Rayon Trousers",849.0,Aawari,70.0,aawari,350.0,,1199.0,women_westernwear,70.81,<=₹500
Striped Women Round Neck Yellow T-Shirt,700.0,Dillinger,70.0,dillinger,299.0,,999.0,women_westernwear,70.07,<=₹500
Party Flared Sleeve Printed Women Light Blue Top,810.0,J B Fashion,62.0,j b fashion,489.0,,1299.0,women_westernwear,62.36,<=₹500
Casual 3/4 Sleeve Solid Women Pink Top,1100.0,BuyNewTrend,73.0,buynewtrend,399.0,,1499.0,women_westernwear,73.38,<=₹500
Relaxed Women Multicolor Cotton Blend Trousers,616.0,Unique Choice,61.0,unique choice,383.0,,999.0,women_westernwear,61.66,<=₹500
FSF FASHION Black Jegging,1503.0,,79.0,,380.0,,1883.0,women_westernwear,79.82,<=₹500
Casual Short Sleeve Printed Women Red Top,440.0,FLEXIMAA,55.0,fleximaa,359.0,,799.0,women_westernwear,55.07,<=₹500
Casual 3/4 Sleeve Solid Women Maroon Top,500.0,Shinoy,50.0,shinoy,499.0,,999.0,women_westernwear,50.05,<=₹500
Printed Women Round Neck Red T-Shirt,672.0,WEFT,70.0,weft,277.0,,949.0,women_westernwear,70.81,<=₹500
Solid Women Round Neck Dark Blue T-Shirt,600.0,Ap'pulse,60.0,ap'pulse,399.0,,999.0,women_westernwear,60.06,<=₹500
Regular Women Blue Jeans,907.0,Pepe Jeans,45.0,pepe jeans,1092.0,,1999.0,women_westernwear,45.37,"₹1,001–₹5,000"
Women Maxi Light Blue Dress,754.0,Tokyo Talkies,50.0,tokyo talkies,745.0,,1499.0,women_westernwear,50.3,"₹501–₹1,000"
Regular Fit Women Green Cotton Rayon Blend Trousers,751.0,GOODWILL,62.0,goodwill,449.0,,1200.0,women_westernwear,62.58,<=₹500
Casual Half Sleeve Printed Women Red Top,1000.0,Gritstones,76.0,gritstones,299.0,,1299.0,women_westernwear,76.98,<=₹500
"Printed Women Henley Neck White, Black T-Shirt",584.0,Metronaut,66.0,metronaut,295.0,,879.0,women_westernwear,66.44,<=₹500
"Solid Women Round Neck Dark Blue, Maroon, Pink T-Shirt",1168.0,Ap'pulse,64.0,ap'pulse,629.0,,1797.0,women_westernwear,65.0,"₹501–₹1,000"
TRISHTY FASHION Black Jegging,750.0,,75.0,,249.0,,999.0,women_westernwear,75.08,<=₹500
Solid Women Jumpsuit,948.0,Uptownie Lite,55.0,uptownie lite,751.0,,1699.0,women_westernwear,55.8,"₹501–₹1,000"
Military Camouflage Women Round Neck Multicolor T-Shirt,465.0,Pepe Jeans,38.0,pepe jeans,734.0,,1199.0,women_westernwear,38.78,"₹501–₹1,000"
Women Fit and Flare Pink Dress,1000.0,New Ethnic 4 You,76.0,new ethnic 4 you,299.0,,1299.0,women_westernwear,76.98,<=₹500
Casual Sleeveless Solid Women Black Top,70.0,Jockey,26.0,jockey,199.0,,269.0,women_westernwear,26.02,<=₹500
Women Maxi Orange Dress,1400.0,Milost,70.0,milost,599.0,,1999.0,women_westernwear,70.04,"₹501–₹1,000"
Skinny Women Light Blue Jeans,900.0,BuyNewTrend,64.0,buynewtrend,499.0,,1399.0,women_westernwear,64.33,<=₹500
KEX Ankle Length  Legging,349.0,,43.0,,449.0,,798.0,women_westernwear,43.73,<=₹500
"Printed Women Round Neck Purple, Yellow T-Shirt",1300.0,Broadstar,65.0,broadstar,699.0,,1999.0,women_westernwear,65.03,"₹501–₹1,000"
Slim Women Light Blue Jeans,610.0,LNK,61.0,lnk,389.0,,999.0,women_westernwear,61.06,<=₹500
Regular Fit Women Yellow Rayon Trousers,730.0,Envy 9,73.0,envy 9,269.0,,999.0,women_westernwear,73.07,<=₹500
Printed Women Multicolor Night Shorts,838.0,A9,55.0,a9,659.0,,1497.0,women_westernwear,55.98,"₹501–₹1,000"
Women Maxi Black Dress,1570.0,westturn,71.0,westturn,629.0,,2199.0,women_westernwear,71.4,"₹501–₹1,000"
KHUSHI ENTERPRISES Ankle Length  Legging,729.0,,72.0,,270.0,,999.0,women_westernwear,72.97,<=₹500
Women Maxi Yellow Dress,844.0,Kannan,64.0,kannan,455.0,,1299.0,women_westernwear,64.97,<=₹500
Relaxed Women Multicolor Polycotton Trousers,1620.0,Pixie,67.0,pixie,774.0,,2394.0,women_westernwear,67.67,"₹501–₹1,000"
Skinny Women Dark Blue Jeans,990.0,Metronaut,60.0,metronaut,659.0,,1649.0,women_westernwear,60.04,"₹501–₹1,000"
Women Bandage Yellow Dress,520.0,Zima leto,40.0,zima leto,779.0,,1299.0,women_westernwear,40.03,"₹501–₹1,000"
Solid Women Scoop Neck Pink T-Shirt,734.0,Puma,56.0,puma,565.0,,1299.0,women_westernwear,56.51,"₹501–₹1,000"
3/4th Sleeve Solid Women Jacket,1050.0,MONTREZ,70.0,montrez,449.0,,1499.0,women_westernwear,70.05,<=₹500
"Color Block Women Round Neck Blue, Pink T-Shirt",700.0,BASE 41,70.0,base 41,299.0,,999.0,women_westernwear,70.07,<=₹500
"Printed Women Round Neck Black, Yellow T-Shirt",1300.0,Broadstar,65.0,broadstar,699.0,,1999.0,women_westernwear,65.03,"₹501–₹1,000"
Casual Short Sleeve Printed Women Pink Top,440.0,FLEXIMAA,55.0,fleximaa,359.0,,799.0,women_westernwear,55.07,<=₹500
Flared Women Blue Jeans,900.0,Nifty,50.0,nifty,899.0,,1799.0,women_westernwear,50.03,"₹501–₹1,000"
"Solid Women Round Neck White, Yellow T-Shirt",601.0,Reifica,60.0,reifica,398.0,,999.0,women_westernwear,60.16,<=₹500
Women Fit and Flare Black Dress,450.0,G & M Collections,45.0,g & m collections,549.0,,999.0,women_westernwear,45.05,"₹501–₹1,000"
Women Gathered Black Dress,1366.0,Metro Fashion,68.0,metro fashion,633.0,,1999.0,women_westernwear,68.33,"₹501–₹1,000"
Solid Women Round Neck Yellow T-Shirt,740.0,Viral Trend,74.0,viral trend,259.0,,999.0,women_westernwear,74.07,<=₹500
Casual Bell Sleeve Solid Women Multicolor Top,640.0,BOSQUE,64.0,bosque,359.0,,999.0,women_westernwear,64.06,<=₹500
Full Sleeve Floral Print Women Denim Jacket,1034.0,BuyNewTrend,68.0,buynewtrend,465.0,,1499.0,women_westernwear,68.98,<=₹500
Casual Short Sleeve Solid Women Blue Top,1124.0,upperkutt,74.0,upperkutt,375.0,,1499.0,women_westernwear,74.98,<=₹500
Solid Women Round Neck Red T-Shirt,810.0,Yes'No,81.0,yes'no,189.0,,999.0,women_westernwear,81.08,<=₹500
Casual Regular Sleeve Printed Women Pink Top,700.0,Gujari,63.0,gujari,399.0,,1099.0,women_westernwear,63.69,<=₹500
"Casual Cold Shoulder Printed, Geometric Print Women Whi...",894.0,Selvia,76.0,selvia,269.0,,1163.0,women_westernwear,76.87,<=₹500
world choice Multicolor Jegging,800.0,,53.0,,699.0,,1499.0,women_westernwear,53.37,"₹501–₹1,000"
Casual Bell Sleeve Printed Women Pink Top,560.0,FEBIA,62.0,febia,339.0,,899.0,women_westernwear,62.29,<=₹500
Solid Women High Neck Black T-Shirt,801.0,Ap'pulse,66.0,ap'pulse,398.0,,1199.0,women_westernwear,66.81,<=₹500
Printed Women Round Neck Orange T-Shirt,900.0,Dillinger,75.0,dillinger,299.0,,1199.0,women_westernwear,75.06,<=₹500
3/4th Sleeve Solid Women Jacket,851.0,GSA MALL,56.0,gsa mall,648.0,,1499.0,women_westernwear,56.77,"₹501–₹1,000"
Full Sleeve Solid Women Jacket,1023.0,Funday Fashion,68.0,funday fashion,476.0,,1499.0,women_westernwear,68.25,<=₹500
Solid Women V-neck Multicolor T-Shirt,643.0,FLEXIMAA,45.0,fleximaa,756.0,,1399.0,women_westernwear,45.96,"₹501–₹1,000"
"Slim Women Light Blue, Blue Jeans",1112.0,PARILON,58.0,parilon,787.0,,1899.0,women_westernwear,58.56,"₹501–₹1,000"
Party 3/4 Sleeve Self Design Women Pink Top,700.0,Krapal,77.0,krapal,199.0,,899.0,women_westernwear,77.86,<=₹500
"Casual Full Sleeve Self Design Women Red, Black Top",1000.0,Emeros,66.0,emeros,499.0,,1499.0,women_westernwear,66.71,<=₹500
Women Gathered Dark Blue Dress,1367.0,Metro Fashion,68.0,metro fashion,632.0,,1999.0,women_westernwear,68.38,"₹501–₹1,000"
Casual Regular Sleeve Printed Women Yellow Top,0.0,Gujari,0.0,gujari,1099.0,,1099.0,women_westernwear,0.0,"₹1,001–₹5,000"
Jogger Fit Women Dark Blue Jeans,1713.0,A-Okay,75.0,a-okay,562.0,,2275.0,women_westernwear,75.3,"₹501–₹1,000"
Casual Half Sleeve Solid Women Yellow Top,699.0,GMI,70.0,gmi,299.0,,998.0,women_westernwear,70.04,<=₹500
"Printed Women White, Blue Night Shorts",965.0,Dreambe,68.0,dreambe,434.0,,1399.0,women_westernwear,68.98,<=₹500
Military Camouflage Women Hooded Green T-Shirt,545.0,Metronaut,57.0,metronaut,404.0,,949.0,women_westernwear,57.43,<=₹500
Women Fit and Flare Blue Dress,950.0,New Ethnic 4 You,73.0,new ethnic 4 you,349.0,,1299.0,women_westernwear,73.13,<=₹500
Regular Fit Women Black Polyester Trousers,805.0,popwings,61.0,popwings,494.0,,1299.0,women_westernwear,61.97,<=₹500
RAMYA COLLECTION Legging,1402.0,,77.0,,398.0,,1800.0,women_westernwear,77.89,<=₹500
"Ombre Women Hooded Neck White, Green T-Shirt",600.0,Gritstones,60.0,gritstones,399.0,,999.0,women_westernwear,60.06,<=₹500
Printed Women Round Neck White T-Shirt,122.0,Denizen From Levis,24.0,denizen from levis,377.0,,499.0,women_westernwear,24.45,<=₹500
Casual Bell Sleeve Solid Women Maroon Top,454.0,Vogue Nation,50.0,vogue nation,445.0,,899.0,women_westernwear,50.5,<=₹500
Casual Short Sleeve Solid Women Dark Blue Top,810.0,Rebound,81.0,rebound,189.0,,999.0,women_westernwear,81.08,<=₹500
Solid Women Multicolor Tights,950.0,NEU LOOK,63.0,neu look,549.0,,1499.0,women_westernwear,63.38,"₹501–₹1,000"
Regular Fit Women Black Cotton Blend Trousers,700.0,JAIPUR VASTRA,70.0,jaipur vastra,299.0,,999.0,women_westernwear,70.07,<=₹500
Full Sleeve Solid Women Jacket,1071.0,Funday Fashion,71.0,funday fashion,428.0,,1499.0,women_westernwear,71.45,<=₹500
Casual 3/4 Sleeve Floral Print Women Multicolor Top,400.0,2 Day,50.0,2 day,399.0,,799.0,women_westernwear,50.06,<=₹500
Solid Women Maroon Tights,1000.0,Neu Look,66.0,neu look,499.0,,1499.0,women_westernwear,66.71,<=₹500
"Printed Women Multicolor Beach Shorts, Night Shorts, Re...",798.0,A9,53.0,a9,699.0,,1497.0,women_westernwear,53.31,"₹501–₹1,000"
Casual Layered Sleeve Graphic Print Women Yellow Top,1195.0,clothvilla,74.0,clothvilla,404.0,,1599.0,women_westernwear,74.73,<=₹500
Full Sleeve Solid Women Denim Jacket,1110.0,Funday Fashion,69.0,funday fashion,489.0,,1599.0,women_westernwear,69.42,<=₹500
Regular Women Pink Capri,300.0,Meet Nex,50.0,meet nex,299.0,,599.0,women_westernwear,50.08,<=₹500
Solid Women Black Tights,1447.0,Puma,62.0,puma,852.0,,2299.0,women_westernwear,62.94,"₹501–₹1,000"
Regular Fit Women Multicolor Crepe Trousers,700.0,DARZI,70.0,darzi,299.0,,999.0,women_westernwear,70.07,<=₹500
Striped Women Multicolor Boxer Shorts,315.0,Aasi - House of Nayo,45.0,aasi - house of nayo,384.0,,699.0,women_westernwear,45.06,<=₹500
Women Maxi Blue Dress,850.0,Dev Fashion,65.0,dev fashion,449.0,,1299.0,women_westernwear,65.43,<=₹500
Women Maxi White Dress,844.0,Kannan,64.0,kannan,455.0,,1299.0,women_westernwear,64.97,<=₹500
Solid Women Round Neck Dark Blue T-Shirt,1200.0,Wrath,80.0,wrath,299.0,,1499.0,women_westernwear,80.05,<=₹500
Casual Bell Sleeve Solid Women Yellow Top,1000.0,VAANYA,76.0,vaanya,299.0,,1299.0,women_westernwear,76.98,<=₹500
Casual 3/4 Sleeve Solid Women Maroon Top,950.0,Venisa,67.0,venisa,449.0,,1399.0,women_westernwear,67.91,<=₹500
Casual Roll-up Sleeve Embroidered Women Yellow Top,700.0,Silkova,70.0,silkova,299.0,,999.0,women_westernwear,70.07,<=₹500
Regular Fit Women Black Cotton Blend Trousers,750.0,Stylum Fab,75.0,stylum fab,249.0,,999.0,women_westernwear,75.08,<=₹500
Printed Women Round Neck Grey T-Shirt,700.0,AG Fashion,70.0,ag fashion,299.0,,999.0,women_westernwear,70.07,<=₹500
Casual Half Sleeve Solid Women Red Top,700.0,BASE 41,70.0,base 41,299.0,,999.0,women_westernwear,70.07,<=₹500
Regular Fit Women Blue Polyester Trousers,805.0,popwings,61.0,popwings,494.0,,1299.0,women_westernwear,61.97,<=₹500
Solid Women Turtle Neck Black T-Shirt,400.0,SharkTribe,50.0,sharktribe,399.0,,799.0,women_westernwear,50.06,<=₹500
Typography Women Round Neck Blue T-Shirt,0.0,People,0.0,people,299.0,,299.0,women_westernwear,0.0,<=₹500
Regular Fit Women Black Cotton Blend Trousers,1201.0,Addyvero,70.0,addyvero,498.0,,1699.0,women_westernwear,70.69,<=₹500
Flared Women Black Viscose Trousers,350.0,pdpm,50.0,pdpm,349.0,,699.0,women_westernwear,50.07,<=₹500
Women Gown Pink Dress,550.0,IQRA FASHION,55.0,iqra fashion,449.0,,999.0,women_westernwear,55.06,<=₹500
Party Flared Sleeve Self Design Women Maroon Top,900.0,Alfa Fashion,69.0,alfa fashion,399.0,,1299.0,women_westernwear,69.28,<=₹500
"Printed, Typography Women Round Neck Blue T-Shirt",950.0,AG Fashion,63.0,ag fashion,549.0,,1499.0,women_westernwear,63.38,"₹501–₹1,000"
Casual Bell Sleeve Solid Women Purple Top,700.0,BLACK KILLER,70.0,black killer,299.0,,999.0,women_westernwear,70.07,<=₹500
Slim Women Light Blue Jeans,850.0,BuyNewTrend,60.0,buynewtrend,549.0,,1399.0,women_westernwear,60.76,"₹501–₹1,000"
Casual 3/4 Sleeve Solid Women Green Top,1256.0,COBIO MAN,78.0,cobio man,343.0,,1599.0,women_westernwear,78.55,<=₹500
Slim Women Grey Jeans,924.0,Nifty,61.0,nifty,575.0,,1499.0,women_westernwear,61.64,"₹501–₹1,000"
Flared Women White Cotton Rayon Blend Trousers,897.0,KD,81.0,kd,199.0,,1096.0,women_westernwear,81.84,<=₹500
"Women A-line Dark Blue, Red Dress",600.0,PURVAJA,60.0,purvaja,399.0,,999.0,women_westernwear,60.06,<=₹500
"Women Gown Dark Blue, Gold Dress",550.0,Jaipuri Attire,55.0,jaipuri attire,449.0,,999.0,women_westernwear,55.06,<=₹500
Regular Women Black Jeans,730.0,V2 Retail Limited,52.0,v2 retail limited,669.0,,1399.0,women_westernwear,52.18,"₹501–₹1,000"
Graphic Print Women Blue Night Shorts,630.0,Kotty,70.0,kotty,269.0,,899.0,women_westernwear,70.08,<=₹500
Relaxed Women Blue Rayon Trousers,100.0,pdpm,22.0,pdpm,349.0,,449.0,women_westernwear,22.27,<=₹500
Women Checkered Casual Shirt,765.0,Roadster,45.0,roadster,934.0,,1699.0,women_westernwear,45.03,"₹501–₹1,000"
Casual Bell Sleeve Embellished Women Blue Top,601.0,Sheetal Associates,60.0,sheetal associates,398.0,,999.0,women_westernwear,60.16,<=₹500
"Regular Fit Women Red, Blue, Black Lycra Blend Trousers",905.0,Edge Plus,69.0,edge plus,395.0,,1300.0,women_westernwear,69.62,<=₹500
Graphic Print Women Hooded Maroon T-Shirt,616.0,The Dry State,61.0,the dry state,383.0,,999.0,women_westernwear,61.66,<=₹500
Printed Women Round Neck Grey T-Shirt,600.0,Young Trendz,66.0,young trendz,299.0,,899.0,women_westernwear,66.74,<=₹500
Solid Women Blue Regular Shorts,200.0,V2 Retail Limited,50.0,v2 retail limited,199.0,,399.0,women_westernwear,50.13,<=₹500
Codetrot Black Jegging,509.0,,63.0,,290.0,,799.0,women_westernwear,63.7,<=₹500
Women Two Piece Dress Black Dress,680.0,NEYSA,48.0,neysa,719.0,,1399.0,women_westernwear,48.61,"₹501–₹1,000"
Regular Fit Women Brown Rayon Trousers,490.0,Aawari,49.0,aawari,509.0,,999.0,women_westernwear,49.05,"₹501–₹1,000"
Women Gathered Green Dress,1748.0,Selvia,70.0,selvia,749.0,,2497.0,women_westernwear,70.0,"₹501–₹1,000"
Flared Women White Cotton Rayon Blend Trousers,922.0,VTV,76.0,vtv,277.0,,1199.0,women_westernwear,76.9,<=₹500
"Self Design, Solid Women Round Neck White, Black, Grey ...",1031.0,Young Trendz,59.0,young trendz,698.0,,1729.0,women_westernwear,59.63,"₹501–₹1,000"
Casual 3/4 Sleeve Solid Women Green Top,709.0,Anuttara Fashions,70.0,anuttara fashions,290.0,,999.0,women_westernwear,70.97,<=₹500
Full Sleeve Washed Women Jacket,2400.0,VTV,80.0,vtv,599.0,,2999.0,women_westernwear,80.03,"₹501–₹1,000"
Casual 3/4 Sleeve Embroidered Women Maroon Top,800.0,AANIA,66.0,aania,399.0,,1199.0,women_westernwear,66.72,<=₹500
"Solid Women Round Neck Purple, Red, Green T-Shirt",482.0,FLEXIMAA,45.0,fleximaa,567.0,,1049.0,women_westernwear,45.95,"₹501–₹1,000"
Regular Fit Women Green Pure Cotton Trousers,750.0,Jaipur Kurti,57.0,jaipur kurti,549.0,,1299.0,women_westernwear,57.74,"₹501–₹1,000"
Casual Half Sleeve Printed Women Black Top,708.0,BESTIC FASHION,70.0,bestic fashion,292.0,,1000.0,women_westernwear,70.8,<=₹500
Regular Fit Women Grey Cotton Blend Trousers,364.0,Aawari,52.0,aawari,335.0,,699.0,women_westernwear,52.07,<=₹500
Casual 3/4 Sleeve Floral Print Women Maroon Top,761.0,Selvia,71.0,selvia,299.0,,1060.0,women_westernwear,71.79,<=₹500
Vandana Indigo Multicolor Jegging,580.0,,52.0,,519.0,,1099.0,women_westernwear,52.78,"₹501–₹1,000"
Casual 3/4 Sleeve Printed Women Grey Top,654.0,DUENITE,65.0,duenite,345.0,,999.0,women_westernwear,65.47,<=₹500
Regular Fit Women Maroon Cotton Blend Trousers,364.0,Aawari,52.0,aawari,335.0,,699.0,women_westernwear,52.07,<=₹500
Casual Full Sleeve Solid Women Black Top,740.0,Viral Trend,74.0,viral trend,259.0,,999.0,women_westernwear,74.07,<=₹500
Solid Women Black Denim Shorts,462.0,AAKRITHI,54.0,aakrithi,387.0,,849.0,women_westernwear,54.42,<=₹500
Women Gathered Black Dress,1244.0,Metro Fashion,69.0,metro fashion,555.0,,1799.0,women_westernwear,69.15,"₹501–₹1,000"
Burdy Ankle Length  Legging,594.0,,59.0,,405.0,,999.0,women_westernwear,59.46,<=₹500
"Solid Women Round Neck White, Maroon T-Shirt",601.0,Reifica,60.0,reifica,398.0,,999.0,women_westernwear,60.16,<=₹500
"Relaxed Women White, Black Cotton Lycra Blend Trousers",724.0,SKYLINE TRADING,72.0,skyline trading,275.0,,999.0,women_westernwear,72.47,<=₹500
Casual Cold Shoulder Printed Women Multicolor Top,520.0,Rare,52.0,rare,479.0,,999.0,women_westernwear,52.05,<=₹500
Slim Women Blue Jeans,851.0,DELMY,53.0,delmy,748.0,,1599.0,women_westernwear,53.22,"₹501–₹1,000"
Skinny Women Light Blue Jeans,460.0,Ziva Fashion,46.0,ziva fashion,539.0,,999.0,women_westernwear,46.05,"₹501–₹1,000"
Women Checkered Casual Hood Shirt,550.0,BLACK KILLER,55.0,black killer,449.0,,999.0,women_westernwear,55.06,<=₹500
"Printed, Color Block Women Round Neck Dark Blue, Red, G...",800.0,Himgiri International,66.0,himgiri international,399.0,,1199.0,women_westernwear,66.72,<=₹500
Full Sleeve Ombre Women Denim Jacket,1030.0,Adiba,68.0,adiba,469.0,,1499.0,women_westernwear,68.71,<=₹500
Graphic Print Women Round Neck Pink T-Shirt,960.0,Puma,64.0,puma,539.0,,1499.0,women_westernwear,64.04,"₹501–₹1,000"
Printed Women Round Neck Black T-Shirt,600.0,Broadstar,60.0,broadstar,399.0,,999.0,women_westernwear,60.06,<=₹500
Printed Women Round Neck Pink T-Shirt,734.0,Puma,56.0,puma,565.0,,1299.0,women_westernwear,56.51,"₹501–₹1,000"
Women Gathered Orange Dress,1400.0,ASEAN,70.0,asean,599.0,,1999.0,women_westernwear,70.04,"₹501–₹1,000"
Casual Half Sleeve Printed Women Orange Top,210.0,V2 Retail Limited,52.0,v2 retail limited,189.0,,399.0,women_westernwear,52.63,<=₹500
Casual Regular Sleeve Printed Women Dark Blue Top,550.0,FLEXIMAA,55.0,fleximaa,449.0,,999.0,women_westernwear,55.06,<=₹500
"Regular Fit Women Dark Blue, Maroon Rayon Trousers",490.0,Aawari,49.0,aawari,509.0,,999.0,women_westernwear,49.05,"₹501–₹1,000"
Regular Fit Women Black Polyester Trousers,805.0,POPWINGS,61.0,popwings,494.0,,1299.0,women_westernwear,61.97,<=₹500
Regular Fit Women Dark Blue Pure Cotton Trousers,620.0,Jaipur Kurti,53.0,jaipur kurti,529.0,,1149.0,women_westernwear,53.96,"₹501–₹1,000"
Slim Women Light Blue Jeans,924.0,Nifty,61.0,nifty,575.0,,1499.0,women_westernwear,61.64,"₹501–₹1,000"
"Color Block Women Round Neck White, Black T-Shirt",800.0,VIVINKS,80.0,vivinks,199.0,,999.0,women_westernwear,80.08,<=₹500
Solid Women Round Neck Black T-Shirt,640.0,Ap'pulse,64.0,ap'pulse,359.0,,999.0,women_westernwear,64.06,<=₹500
Casual 3/4 Sleeve Checkered Women Black Top,900.0,BLANCORA,69.0,blancora,399.0,,1299.0,women_westernwear,69.28,<=₹500
Printed Women Round Neck Maroon T-Shirt,900.0,Dillinger,75.0,dillinger,299.0,,1199.0,women_westernwear,75.06,<=₹500
"Color Block Women Round Neck Blue, Yellow T-Shirt",700.0,BASE 41,70.0,base 41,299.0,,999.0,women_westernwear,70.07,<=₹500
SOLID PINK CAPRI Women Pink Capri,276.0,A9,46.0,a9,323.0,,599.0,women_westernwear,46.08,<=₹500
Skinny Women Black Jeans,822.0,Flying Machine,54.0,flying machine,677.0,,1499.0,women_westernwear,54.84,"₹501–₹1,000"
"Color Block Women Round Neck Pink, Yellow T-Shirt",616.0,The Dry State,61.0,the dry state,383.0,,999.0,women_westernwear,61.66,<=₹500
"Solid Women Round Neck White, Black T-Shirt",601.0,Reifica,60.0,reifica,398.0,,999.0,women_westernwear,60.16,<=₹500
Solid Women Round Neck White T-Shirt,1200.0,Wrath,80.0,wrath,299.0,,1499.0,women_westernwear,80.05,<=₹500
KEX Churidar  Legging,150.0,,37.0,,249.0,,399.0,women_westernwear,37.59,<=₹500
Full Sleeve Solid Women Jacket,1500.0,Puma,50.0,puma,1499.0,,2999.0,women_westernwear,50.02,"₹1,001–₹5,000"
"Casual Cap Sleeve Printed Women Dark Blue, White Top",1275.0,U&F,75.0,u&f,424.0,,1699.0,women_westernwear,75.04,<=₹500
Full Sleeve Washed Women Denim Jacket,1030.0,WILFREDO,73.0,wilfredo,369.0,,1399.0,women_westernwear,73.62,<=₹500
Flared Women Black Cotton Blend Trousers,466.0,Aawari,62.0,aawari,284.0,,750.0,women_westernwear,62.13,<=₹500
Skinny Women Blue Jeans,987.0,Flying Machine,58.0,flying machine,712.0,,1699.0,women_westernwear,58.09,"₹501–₹1,000"
Women Dark Blue Dungaree,3158.0,Fnocks,78.0,fnocks,841.0,,3999.0,women_westernwear,78.97,"₹501–₹1,000"
Casual Bell Sleeve Printed Women Multicolor Top,800.0,DARZI,66.0,darzi,399.0,,1199.0,women_westernwear,66.72,<=₹500
Graphic Print Women Round Neck Red T-Shirt,400.0,Lee,40.0,lee,599.0,,999.0,women_westernwear,40.04,"₹501–₹1,000"
Women High Low Black Dress,633.0,Rigo,52.0,rigo,566.0,,1199.0,women_westernwear,52.79,"₹501–₹1,000"
Women Shift Blue Dress,1000.0,ILLI LONDON,58.0,illi london,699.0,,1699.0,women_westernwear,58.86,"₹501–₹1,000"
Slim Women Grey Jeans,882.0,DELMY,55.0,delmy,717.0,,1599.0,women_westernwear,55.16,"₹501–₹1,000"
"Self Design, Solid Women Round Neck Red, White, Yellow ...",1031.0,Young Trendz,59.0,young trendz,698.0,,1729.0,women_westernwear,59.63,"₹501–₹1,000"
Solid Women Hooded Neck Pink T-Shirt,573.0,Affair,57.0,affair,426.0,,999.0,women_westernwear,57.36,<=₹500
Casual Half Sleeve Solid Women Black Top,800.0,Rebound,80.0,rebound,199.0,,999.0,women_westernwear,80.08,<=₹500
Flared Women White Polycotton Trousers,1029.0,Pluss,64.0,pluss,560.0,,1589.0,women_westernwear,64.76,"₹501–₹1,000"
Slim Women Pink Jeans,1263.0,Kotty,63.0,kotty,736.0,,1999.0,women_westernwear,63.18,"₹501–₹1,000"
Solid Women High Neck Yellow T-Shirt,1200.0,Lime,80.0,lime,299.0,,1499.0,women_westernwear,80.05,<=₹500
Casual Full Sleeve Solid Women Black Top,332.0,Miss Chase,41.0,miss chase,467.0,,799.0,women_westernwear,41.55,<=₹500
Printed Women Round Neck Blue T-Shirt,270.0,V2 Retail Limited,54.0,v2 retail limited,229.0,,499.0,women_westernwear,54.11,<=₹500
Regular Fit Women White Cotton Linen Blend Trousers,500.0,AAKRITHI,55.0,aakrithi,399.0,,899.0,women_westernwear,55.62,<=₹500
"Regular Fit Women White, Maroon, Black Cotton Lycra Ble...",2036.0,Q-Rious,67.0,q-rious,961.0,,2997.0,women_westernwear,67.93,"₹501–₹1,000"
Color Block Women Round Neck Red T-Shirt,996.0,Tap in,76.0,tap in,299.0,,1295.0,women_westernwear,76.91,<=₹500
Promise Deal White Jegging,669.0,,70.0,,275.0,,944.0,women_westernwear,70.87,<=₹500
"Solid Women V-neck Red, Black T-Shirt",321.0,FLEXIMAA,45.0,fleximaa,378.0,,699.0,women_westernwear,45.92,<=₹500
"Solid Women Round Neck Maroon, Black, Pink T-Shirt",1168.0,Ap'pulse,64.0,ap'pulse,629.0,,1797.0,women_westernwear,65.0,"₹501–₹1,000"
Casual Short Sleeve Printed Women Black Top,440.0,FLEXIMAA,55.0,fleximaa,359.0,,799.0,women_westernwear,55.07,<=₹500
"Women A-line Red, Blue Dress",1400.0,6TH AVENUE STREETWEAR,70.0,6th avenue streetwear,599.0,,1999.0,women_westernwear,70.04,"₹501–₹1,000"
Women Pleated Green Dress,995.0,Archi Enterprise,66.0,archi enterprise,504.0,,1499.0,women_westernwear,66.38,"₹501–₹1,000"
Women Sheath Black Dress,800.0,Miss Chase,48.0,miss chase,849.0,,1649.0,women_westernwear,48.51,"₹501–₹1,000"
Casual Cold Shoulder Solid Women Blue Top,520.0,Rare,52.0,rare,479.0,,999.0,women_westernwear,52.05,<=₹500
Women A-line Red Dress,450.0,Sheetal Associates,45.0,sheetal associates,549.0,,999.0,women_westernwear,45.05,"₹501–₹1,000"
Women Fit and Flare Yellow Dress,1540.0,Rudraaksha,81.0,rudraaksha,359.0,,1899.0,women_westernwear,81.1,<=₹500
Casual Sleeveless Solid Women Pink Top,70.0,Jockey,26.0,jockey,199.0,,269.0,women_westernwear,26.02,<=₹500
Slim Women White Jeans,1000.0,Nifty,55.0,nifty,799.0,,1799.0,women_westernwear,55.59,"₹501–₹1,000"
"Women Maxi White, Pink Dress",1001.0,LIMESWOOD CREATION,62.0,limeswood creation,598.0,,1599.0,women_westernwear,62.6,"₹501–₹1,000"
Casual Full Sleeve Solid Women Black Top,934.0,BuyNewTrend,71.0,buynewtrend,365.0,,1299.0,women_westernwear,71.9,<=₹500
Solid Women Black Tights,1100.0,Neu Look,73.0,neu look,399.0,,1499.0,women_westernwear,73.38,<=₹500
Solid Women Multicolor Basic Shorts,741.0,AJ FASHIONS,74.0,aj fashions,258.0,,999.0,women_westernwear,74.17,<=₹500
Regular Women Blue Jeans,900.0,Roadster,60.0,roadster,599.0,,1499.0,women_westernwear,60.04,"₹501–₹1,000"
Women Maxi Yellow Dress,1550.0,Rudraaksha,77.0,rudraaksha,449.0,,1999.0,women_westernwear,77.54,<=₹500
"Solid Women Round Neck Pink, Black T-Shirt",403.0,Levi's,28.0,levi's,996.0,,1399.0,women_westernwear,28.81,"₹501–₹1,000"
Slim Women Black Jeans,2084.0,TYFFYN,83.0,tyffyn,415.0,,2499.0,women_westernwear,83.39,<=₹500
Women Maxi Dark Blue Dress,1350.0,Aks,54.0,aks,1149.0,,2499.0,women_westernwear,54.02,"₹1,001–₹5,000"
"Solid Women Henley Dark Green, Pink T-Shirt",721.0,Q-Rious,60.0,q-rious,477.0,,1198.0,women_westernwear,60.18,<=₹500
Regular Fit Women White Cotton Blend Trousers,1604.0,AAKRITHI,80.0,aakrithi,395.0,,1999.0,women_westernwear,80.24,<=₹500
Regular Fit Women Grey Rayon Trousers,951.0,Hinayat Fashion,73.0,hinayat fashion,349.0,,1300.0,women_westernwear,73.15,<=₹500
Women Shirt Blue Dress,1560.0,Miss Chase,65.0,miss chase,839.0,,2399.0,women_westernwear,65.03,"₹501–₹1,000"
Fzc Light Blue Jegging,1151.0,,63.0,,648.0,,1799.0,women_westernwear,63.98,"₹501–₹1,000"
Women Pleated Yellow Dress,995.0,Archi Enterprise,66.0,archi enterprise,504.0,,1499.0,women_westernwear,66.38,"₹501–₹1,000"
Party Noodle Strap Printed Women Pink Top,975.0,Metro Fashion,68.0,metro fashion,444.0,,1419.0,women_westernwear,68.71,<=₹500
Graphic Print Women Multicolor Boxer Shorts,499.0,Hotfits,50.0,hotfits,499.0,,998.0,women_westernwear,50.0,<=₹500
Women Fit and Flare Black Dress,1101.0,PURVAJA,73.0,purvaja,398.0,,1499.0,women_westernwear,73.45,<=₹500
Casual Regular Sleeve Striped Women Blue Top,1630.0,PURVI,81.0,purvi,369.0,,1999.0,women_westernwear,81.54,<=₹500
CETC CHAOBA Multicolor Jegging,610.0,,61.0,,389.0,,999.0,women_westernwear,61.06,<=₹500
Slim Women Blue Jeans,979.0,Flying Machine,54.0,flying machine,820.0,,1799.0,women_westernwear,54.42,"₹501–₹1,000"
Women A-line Multicolor Dress,1501.0,Oomph!,75.0,oomph!,499.0,,2000.0,women_westernwear,75.05,<=₹500
Women Printed Wrap Around Red Skirt,621.0,Frionkandy,62.0,frionkandy,378.0,,999.0,women_westernwear,62.16,<=₹500
Women Striped Layered Multicolor Skirt,950.0,BuyNewTrend,67.0,buynewtrend,449.0,,1399.0,women_westernwear,67.91,<=₹500
Skinny Women Grey Jeans,1420.0,Metronaut,67.0,metronaut,679.0,,2099.0,women_westernwear,67.65,"₹501–₹1,000"
Casual Short Sleeve Printed Women Grey Top,440.0,FLEXIMAA,55.0,fleximaa,359.0,,799.0,women_westernwear,55.07,<=₹500
Casual Juliet Sleeve Printed Women Black Top,708.0,BESTIC FASHION,70.0,bestic fashion,292.0,,1000.0,women_westernwear,70.8,<=₹500
Casual Full Sleeve Striped Women Maroon Top,660.0,Harpa,55.0,harpa,539.0,,1199.0,women_westernwear,55.05,"₹501–₹1,000"
"Color Block Women Round Neck White, Maroon T-Shirt",800.0,VIVINKS,80.0,vivinks,199.0,,999.0,women_westernwear,80.08,<=₹500
Full Sleeve Self Design Women Denim Jacket,930.0,WILFREDO,71.0,wilfredo,369.0,,1299.0,women_westernwear,71.59,<=₹500
Printed Women Tunic,1527.0,Serein,76.0,serein,472.0,,1999.0,women_westernwear,76.39,<=₹500
Women Maxi Grey Dress,305.0,Aayu,33.0,aayu,594.0,,899.0,women_westernwear,33.93,"₹501–₹1,000"
Party Butterfly Sleeve Printed Women Blue Top,1031.0,Oomph!,77.0,oomph!,299.0,,1330.0,women_westernwear,77.52,<=₹500
"Casual Slit Sleeve, Half Sleeve Printed Women Red, Blac...",200.0,IQRA FASHION,28.0,iqra fashion,499.0,,699.0,women_westernwear,28.61,<=₹500
"Women Maxi Green, Blue Dress",720.0,Jaipuri,65.0,jaipuri,379.0,,1099.0,women_westernwear,65.51,<=₹500
"Solid Women Round Neck Dark Blue, Black T-Shirt",601.0,Reifica,60.0,reifica,398.0,,999.0,women_westernwear,60.16,<=₹500
Casual 3/4 Sleeve Printed Women Multicolor Top,500.0,VSkin,50.0,vskin,499.0,,999.0,women_westernwear,50.05,<=₹500
Women Maxi White Dress,550.0,Aayu,50.0,aayu,549.0,,1099.0,women_westernwear,50.05,"₹501–₹1,000"
Women Fit and Flare Dark Blue Dress,650.0,MILOST,65.0,milost,349.0,,999.0,women_westernwear,65.07,<=₹500
Printed Women Round Neck Blue T-Shirt,372.0,Lee,41.0,lee,527.0,,899.0,women_westernwear,41.38,"₹501–₹1,000"
"Printed Women Round Neck Reversible Green, Black T-Shir...",509.0,BXA,63.0,bxa,290.0,,799.0,women_westernwear,63.7,<=₹500
Women Skater Blue Dress,940.0,CrazeVilla,50.0,crazevilla,930.0,,1870.0,women_westernwear,50.27,"₹501–₹1,000"
Casual Sleeveless Printed Women Dark Blue Top,601.0,DONATELLA,60.0,donatella,399.0,,1000.0,women_westernwear,60.1,<=₹500
Women Multicolor Capri,559.0,A9,46.0,a9,639.0,,1198.0,women_westernwear,46.66,"₹501–₹1,000"
IKHLAS Churidar  Legging,2300.0,,76.0,,699.0,,2999.0,women_westernwear,76.69,"₹501–₹1,000"
Floral Print Women Round Neck Multicolor T-Shirt,403.0,Levi's,28.0,levi's,996.0,,1399.0,women_westernwear,28.81,"₹501–₹1,000"
Skinny Women Blue Jeans,800.0,Herway,57.0,herway,599.0,,1399.0,women_westernwear,57.18,"₹501–₹1,000"
"Flared Women White, Pink Rayon Trousers",849.0,Aawari,70.0,aawari,350.0,,1199.0,women_westernwear,70.81,<=₹500
OSM Churidar  Legging,500.0,,71.0,,199.0,,699.0,women_westernwear,71.53,<=₹500
Regular Fit Women Maroon Poly Crepe Trousers,1500.0,DARZI,75.0,darzi,499.0,,1999.0,women_westernwear,75.04,<=₹500
Women A-line Purple Dress,921.0,Crease & Clips,60.0,crease & clips,599.0,,1520.0,women_westernwear,60.59,"₹501–₹1,000"
Slim Women Black Jeans,1836.0,A-Okay,77.0,a-okay,539.0,,2375.0,women_westernwear,77.31,"₹501–₹1,000"
WORD CHOICE Black Jegging,750.0,,75.0,,249.0,,999.0,women_westernwear,75.08,<=₹500
Slim Women Grey Jeans,940.0,EditLook,62.0,editlook,559.0,,1499.0,women_westernwear,62.71,"₹501–₹1,000"
Women A-line Black Dress,1000.0,New Ethnic 4 You,76.0,new ethnic 4 you,299.0,,1299.0,women_westernwear,76.98,<=₹500
Slim Women Light Blue Jeans,1777.0,A-Okay,78.0,a-okay,498.0,,2275.0,women_westernwear,78.11,<=₹500
"Striped Women Round Neck White, Pink T-Shirt",700.0,Dillinger,70.0,dillinger,299.0,,999.0,women_westernwear,70.07,<=₹500
Regular Fit Women White Hosiery Trousers,300.0,NEYSA,42.0,neysa,399.0,,699.0,women_westernwear,42.92,<=₹500
Solid Women Maroon Tights,900.0,Neu Look,69.0,neu look,399.0,,1299.0,women_westernwear,69.28,<=₹500
Women Fit and Flare Blue Dress,1026.0,Sassafras,57.0,sassafras,773.0,,1799.0,women_westernwear,57.03,"₹501–₹1,000"
Solid Women V-neck Multicolor T-Shirt,482.0,FLEXIMAA,45.0,fleximaa,567.0,,1049.0,women_westernwear,45.95,"₹501–₹1,000"
Washed Women Blue Hotpants,1736.0,A-Okay,76.0,a-okay,539.0,,2275.0,women_westernwear,76.31,"₹501–₹1,000"
Solid Women Round Neck Multicolor T-Shirt,879.0,Reifica,54.0,reifica,720.0,,1599.0,women_westernwear,54.97,"₹501–₹1,000"
Full Sleeve Solid Women Denim Jacket,1034.0,BuyNewTrend,68.0,buynewtrend,465.0,,1499.0,women_westernwear,68.98,<=₹500
Regular Fit Women Black Rayon Trousers,490.0,Aawari,49.0,aawari,509.0,,999.0,women_westernwear,49.05,"₹501–₹1,000"
Graphic Print Women Round Neck Multicolor T-Shirt,150.0,Honey by Pantaloons,20.0,honey by pantaloons,597.0,,747.0,women_westernwear,20.08,"₹501–₹1,000"
Women Printed Casual Hood Shirt,550.0,VAANYA,55.0,vaanya,449.0,,999.0,women_westernwear,55.06,<=₹500
Fzc Light Blue Jegging,711.0,,64.0,,388.0,,1099.0,women_westernwear,64.7,<=₹500
Women Maxi Yellow Dress,504.0,Sheetal Associates,50.0,sheetal associates,495.0,,999.0,women_westernwear,50.45,<=₹500
Super Skinny Women Black Jeans,976.0,Levi's,48.0,levi's,1023.0,,1999.0,women_westernwear,48.82,"₹1,001–₹5,000"
Solid Women Round Neck Light Blue T-Shirt,1210.0,Wrath,80.0,wrath,289.0,,1499.0,women_westernwear,80.72,<=₹500
RD Fashions White Jegging,500.0,,62.0,,299.0,,799.0,women_westernwear,62.58,<=₹500
Solid Women Black Tights,900.0,Neu Look,69.0,neu look,399.0,,1299.0,women_westernwear,69.28,<=₹500
Casual Bell Sleeve Applique Women Yellow Top,600.0,Sheetal Associates,60.0,sheetal associates,399.0,,999.0,women_westernwear,60.06,<=₹500
Solid Women Round Neck Dark Blue T-Shirt,142.0,FLEXIMAA,40.0,fleximaa,207.0,,349.0,women_westernwear,40.69,<=₹500
"Relaxed Women White, Black Cotton Lycra Blend Trousers",724.0,RMG FASHION,72.0,rmg fashion,275.0,,999.0,women_westernwear,72.47,<=₹500
Casual Roll-up Sleeve Solid Women Dark Blue Top,764.0,VESHBHUSHA,76.0,veshbhusha,235.0,,999.0,women_westernwear,76.48,<=₹500
Women Maxi Dark Blue Dress,800.0,Shivam Creation,61.0,shivam creation,499.0,,1299.0,women_westernwear,61.59,<=₹500
Women Self Design Flared Red Skirt,1500.0,LOROFY,75.0,lorofy,499.0,,1999.0,women_westernwear,75.04,<=₹500
Casual 3/4 Sleeve Printed Women Blue Top,570.0,FEBIA,63.0,febia,329.0,,899.0,women_westernwear,63.4,<=₹500
Women Checkered Casual Point Collar Shirt,620.0,Amadore,62.0,amadore,379.0,,999.0,women_westernwear,62.06,<=₹500
Women Fit and Flare Multicolor Dress,1023.0,New Ethnic 4 You,78.0,new ethnic 4 you,276.0,,1299.0,women_westernwear,78.75,<=₹500
Solid Women Round Neck Black T-Shirt,142.0,FLEXIMAA,40.0,fleximaa,207.0,,349.0,women_westernwear,40.69,<=₹500
Women Fit and Flare Pink Dress,600.0,MILOST,60.0,milost,399.0,,999.0,women_westernwear,60.06,<=₹500
DAMEN MODE Light Blue Jegging,847.0,,56.0,,652.0,,1499.0,women_westernwear,56.5,"₹501–₹1,000"
Party 3/4 Sleeve Solid Women Green Top,500.0,Shinoy,50.0,shinoy,499.0,,999.0,women_westernwear,50.05,<=₹500
Boot-Leg Women Beige Jeans,1483.0,Levi's,35.0,levi's,2716.0,,4199.0,women_westernwear,35.32,"₹1,001–₹5,000"
Women Gown Dark Blue Dress,834.0,Frionkandy,64.0,frionkandy,465.0,,1299.0,women_westernwear,64.2,<=₹500
RAMYA COLLECTION Churidar  Legging,1231.0,,82.0,,269.0,,1500.0,women_westernwear,82.07,<=₹500
Casual 3/4 Sleeve Solid Women Pink Top,1580.0,Serein,79.0,serein,419.0,,1999.0,women_westernwear,79.04,<=₹500
3/4th Sleeve Washed Women Denim Jacket,1075.0,MONTREZ,71.0,montrez,424.0,,1499.0,women_westernwear,71.71,<=₹500
Women Pleated Maroon Dress,995.0,Archi Enterprise,66.0,archi enterprise,504.0,,1499.0,women_westernwear,66.38,"₹501–₹1,000"
Solid Women V-neck Black T-Shirt,142.0,FLEXIMAA,40.0,fleximaa,207.0,,349.0,women_westernwear,40.69,<=₹500
Color Block Women Hooded Neck Maroon T-Shirt,850.0,Tap-in,71.0,tap-in,345.0,,1195.0,women_westernwear,71.13,<=₹500
Regular Fit Women Multicolor Poly Crepe Trousers,700.0,Kannan,58.0,kannan,499.0,,1199.0,women_westernwear,58.38,<=₹500
Casual 3/4 Sleeve Striped Women Black Top,662.0,DEEWA,66.0,deewa,337.0,,999.0,women_westernwear,66.27,<=₹500
Mesh Blue Jegging,550.0,,68.0,,249.0,,799.0,women_westernwear,68.84,<=₹500
Slim Women Black Jeans,924.0,Nifty,61.0,nifty,575.0,,1499.0,women_westernwear,61.64,"₹501–₹1,000"
Formal Short Sleeve Solid Women Pink Top,699.0,GMI,70.0,gmi,299.0,,998.0,women_westernwear,70.04,<=₹500
Women Multicolor Capri,648.0,Espresso,43.0,espresso,849.0,,1497.0,women_westernwear,43.29,"₹501–₹1,000"
Women Shift White Dress,470.0,G & M Collections,52.0,g & m collections,429.0,,899.0,women_westernwear,52.28,<=₹500
Women Grey Dungaree,600.0,famiss fashion,60.0,famiss fashion,399.0,,999.0,women_westernwear,60.06,<=₹500
Slim Women White Jeans,860.0,Nifty,57.0,nifty,639.0,,1499.0,women_westernwear,57.37,"₹501–₹1,000"
Striped Women Tunic,1500.0,Serein,75.0,serein,499.0,,1999.0,women_westernwear,75.04,<=₹500
Women Asymmetric Multicolor Dress,1300.0,Absorbing,65.0,absorbing,699.0,,1999.0,women_westernwear,65.03,"₹501–₹1,000"
Casual 3/4 Sleeve Solid Women Black Top,882.0,VAANYA,67.0,vaanya,417.0,,1299.0,women_westernwear,67.9,<=₹500
Boot-Leg Women Blue Jeans,1000.0,Nifty,55.0,nifty,799.0,,1799.0,women_westernwear,55.59,"₹501–₹1,000"
Solid Women Black Tights,344.0,Icable,34.0,icable,655.0,,999.0,women_westernwear,34.43,"₹501–₹1,000"
Casual Regular Sleeve Solid Women Black Top,700.0,Cation,58.0,cation,499.0,,1199.0,women_westernwear,58.38,<=₹500
Party Puff Sleeve Solid Women Red Top,1000.0,ILLI LONDON,66.0,illi london,499.0,,1499.0,women_westernwear,66.71,<=₹500
"Casual Slit Sleeve, Half Sleeve Printed Women White, Bl...",200.0,IQRA FASHION,28.0,iqra fashion,499.0,,699.0,women_westernwear,28.61,<=₹500
Casual 3/4 Sleeve Floral Print Women Multicolor Top,900.0,BLANCORA,69.0,blancora,399.0,,1299.0,women_westernwear,69.28,<=₹500
Striped Women Round Neck Orange T-Shirt,700.0,Dillinger,70.0,dillinger,299.0,,999.0,women_westernwear,70.07,<=₹500
Slim Women Dark Blue Jeans,1690.0,A-Okay,74.0,a-okay,585.0,,2275.0,women_westernwear,74.29,"₹501–₹1,000"
Slim Fit Women White Cotton Lycra Blend Trousers,0.0,LYRA,0.0,lyra,450.0,,450.0,women_westernwear,0.0,<=₹500
Casual Shoulder Strap Solid Women White Top,644.0,Veni Vidi Vici,55.0,veni vidi vici,526.0,,1170.0,women_westernwear,55.04,"₹501–₹1,000"
Solid Women s Pink T-Shirt,372.0,Lee,41.0,lee,527.0,,899.0,women_westernwear,41.38,"₹501–₹1,000"
Casual 3/4 Sleeve Printed Women Multicolor Top,800.0,VSkin,61.0,vskin,499.0,,1299.0,women_westernwear,61.59,<=₹500
Solid Women Black Tights,1000.0,Neu Look,66.0,neu look,499.0,,1499.0,women_westernwear,66.71,<=₹500
Graphic Print Women Round Neck Black T-Shirt,580.0,Levi's,36.0,levi's,1019.0,,1599.0,women_westernwear,36.27,"₹1,001–₹5,000"
Printed Women Black Regular Shorts,1050.0,Hardys,80.0,hardys,249.0,,1299.0,women_westernwear,80.83,<=₹500
Super Skinny Women Dark Blue Jeans,937.0,Levi's,46.0,levi's,1062.0,,1999.0,women_westernwear,46.87,"₹1,001–₹5,000"
Casual Regular Sleeve Floral Print Women Yellow Top,901.0,DARZI,75.0,darzi,298.0,,1199.0,women_westernwear,75.15,<=₹500
Casual Sleeveless Solid Women White Top,0.0,Jockey,0.0,jockey,269.0,,269.0,women_westernwear,0.0,<=₹500
Women Fit and Flare Dark Blue Dress,601.0,Dream Beauty Fashion,60.0,dream beauty fashion,398.0,,999.0,women_westernwear,60.16,<=₹500
Relaxed Women Maroon Polycotton Trousers,380.0,People,47.0,people,419.0,,799.0,women_westernwear,47.56,<=₹500
Printed Women Multicolor Regular Shorts,600.0,MONTU,60.0,montu,399.0,,999.0,women_westernwear,60.06,<=₹500
Women Pleated Black Dress,995.0,Archi Enterprise,66.0,archi enterprise,504.0,,1499.0,women_westernwear,66.38,"₹501–₹1,000"
Printed Women Round Neck Black T-Shirt,606.0,Levi's,43.0,levi's,793.0,,1399.0,women_westernwear,43.32,"₹501–₹1,000"
Women Skater Blue Dress,952.0,New Ethnic 4 You,73.0,new ethnic 4 you,347.0,,1299.0,women_westernwear,73.29,<=₹500
Regular Fit Women Cream Cotton Blend Trousers,634.0,Q-Rious,63.0,q-rious,365.0,,999.0,women_westernwear,63.46,<=₹500
Casual Short Sleeve Solid Women Red Top,445.0,LAYA,52.0,laya,404.0,,849.0,women_westernwear,52.41,<=₹500
"Solid Women Round Neck Maroon, Yellow T-Shirt",900.0,VIVINKS,75.0,vivinks,299.0,,1199.0,women_westernwear,75.06,<=₹500
Casual Sleeveless Floral Print Women Pink Top,885.0,UNFAKENOW,73.0,unfakenow,314.0,,1199.0,women_westernwear,73.81,<=₹500
Solid Women Round Neck Pink T-Shirt,258.0,Puma,23.0,puma,841.0,,1099.0,women_westernwear,23.48,"₹501–₹1,000"
Flared Women Maroon Cotton Blend Trousers,1201.0,Addyvero,70.0,addyvero,498.0,,1699.0,women_westernwear,70.69,<=₹500
Striped Women Jumpsuit,1724.0,Slenor,68.0,slenor,775.0,,2499.0,women_westernwear,68.99,"₹501–₹1,000"
Casual No Sleeve Solid Women Black Top,730.0,Texco,56.0,texco,569.0,,1299.0,women_westernwear,56.2,"₹501–₹1,000"
Solid Women Black Sports Shorts,305.0,Puma,23.0,puma,994.0,,1299.0,women_westernwear,23.48,"₹501–₹1,000"
Casual Sleeveless Solid Women Black Top,600.0,Purple Feather,60.0,purple feather,399.0,,999.0,women_westernwear,60.06,<=₹500
Casual Sleeveless Solid Women Grey Top,0.0,Jockey,0.0,jockey,204.0,,204.0,women_westernwear,0.0,<=₹500
"Printed Women Round Neck Grey, Yellow T-Shirt",1300.0,Broadstar,65.0,broadstar,699.0,,1999.0,women_westernwear,65.03,"₹501–₹1,000"
Women Maxi Purple Dress,500.0,Sheetal Associates,50.0,sheetal associates,499.0,,999.0,women_westernwear,50.05,<=₹500
Jogger Fit Women Dark Blue Jeans,894.0,Neha,71.0,neha,355.0,,1249.0,women_westernwear,71.58,<=₹500
"Solid Women Round Neck Blue, Black T-Shirt",740.0,Viral Trend,74.0,viral trend,259.0,,999.0,women_westernwear,74.07,<=₹500
Striped Women Black Tights,710.0,Eazy Trendz,71.0,eazy trendz,289.0,,999.0,women_westernwear,71.07,<=₹500
Color Block Women Hooded Neck Light Green T-Shirt,342.0,fabstone collection,52.0,fabstone collection,307.0,,649.0,women_westernwear,52.7,<=₹500
Full Sleeve Washed Women Denim Jacket,1000.0,BuyNewTrend,66.0,buynewtrend,499.0,,1499.0,women_westernwear,66.71,<=₹500
DHARMEE Poly Silk Embroidered Suit Fabric,650.0,,50.0,,649.0,,1299.0,women_westernwear,50.04,"₹501–₹1,000"
Women Fit and Flare Multicolor Dress,1550.0,PURVAJA,81.0,purvaja,349.0,,1899.0,women_westernwear,81.62,<=₹500
"Women Maxi White, Black Dress",642.0,Rangun,64.0,rangun,357.0,,999.0,women_westernwear,64.26,<=₹500
Women Maxi Red Dress,2001.0,Lady Stark,71.0,lady stark,798.0,,2799.0,women_westernwear,71.49,"₹501–₹1,000"
Slim Women Black Jeans,782.0,DELMY,52.0,delmy,717.0,,1499.0,women_westernwear,52.17,"₹501–₹1,000"
Women A-line Light Blue Dress,1044.0,TOKYO TALKIES,58.0,tokyo talkies,755.0,,1799.0,women_westernwear,58.03,"₹501–₹1,000"
Color Block Women Round Neck Multicolor T-Shirt,1370.0,The Dry State,68.0,the dry state,629.0,,1999.0,women_westernwear,68.53,"₹501–₹1,000"
"Solid Women Round Neck Dark Blue, Yellow T-Shirt",900.0,VIVINKS,75.0,vivinks,299.0,,1199.0,women_westernwear,75.06,<=₹500
Women Maxi Black Dress,642.0,Rangun,64.0,rangun,357.0,,999.0,women_westernwear,64.26,<=₹500
"Casual Bell Sleeve Solid, Lace Women Black Top",1000.0,BuyNewTrend,71.0,buynewtrend,399.0,,1399.0,women_westernwear,71.48,<=₹500
Casual Bell Sleeve Floral Print Women White Top,800.0,DARZI,66.0,darzi,399.0,,1199.0,women_westernwear,66.72,<=₹500
Printed Women Round Neck Grey T-Shirt,385.0,Only,55.0,only,314.0,,699.0,women_westernwear,55.08,<=₹500
Women Shift Black Dress,1000.0,ILLI LONDON,58.0,illi london,699.0,,1699.0,women_westernwear,58.86,"₹501–₹1,000"
Women Maxi Pink Dress,1155.0,Harpa,55.0,harpa,944.0,,2099.0,women_westernwear,55.03,"₹501–₹1,000"
Regular Fit Women Maroon Cotton Blend Trousers,700.0,Jaipur Kurti,58.0,jaipur kurti,499.0,,1199.0,women_westernwear,58.38,<=₹500
Women A-line Brown Dress,1240.0,Jaipur Kurti,65.0,jaipur kurti,659.0,,1899.0,women_westernwear,65.3,"₹501–₹1,000"
Women A-line Black Dress,693.0,My Swag,58.0,my swag,494.0,,1187.0,women_westernwear,58.38,<=₹500
Casual Bell Sleeve Solid Women Brown Top,1200.0,Fab Star,80.0,fab star,299.0,,1499.0,women_westernwear,80.05,<=₹500
"Self Design, Solid Women Round Neck Blue, Black, Grey T...",1031.0,Young Trendz,59.0,young trendz,698.0,,1729.0,women_westernwear,59.63,"₹501–₹1,000"
Casual 3/4 Sleeve Printed Women Light Blue Top,700.0,DMP FASHION,70.0,dmp fashion,299.0,,999.0,women_westernwear,70.07,<=₹500
Solid Women V-neck Purple T-Shirt,142.0,FLEXIMAA,40.0,fleximaa,207.0,,349.0,women_westernwear,40.69,<=₹500
Casual Butterfly Sleeve Solid Women Purple Top,1031.0,Oomph!,77.0,oomph!,299.0,,1330.0,women_westernwear,77.52,<=₹500
Women Dark Blue Capri,150.0,Greenwich,23.0,greenwich,499.0,,649.0,women_westernwear,23.11,<=₹500
Solid Women Tunic,950.0,GOD BLESS,63.0,god bless,549.0,,1499.0,women_westernwear,63.38,"₹501–₹1,000"
Regular Fit Women Red Rayon Trousers,490.0,Aawari,49.0,aawari,509.0,,999.0,women_westernwear,49.05,"₹501–₹1,000"
"Casual Cold Shoulder, Shoulder Strap Floral Print Women...",931.0,Selvia,70.0,selvia,399.0,,1330.0,women_westernwear,70.0,<=₹500
