Brand,Brand_Normalized,Category,Discount_Amount,Discount rates,Original Prices,Price,Ratings,Product Name,Discount_Rate_Calculated
,,baby,158.0,15.0,1049.0,891.0,,Pampers Baby-Dry Pants Diaper - New Born,15.06
,,baby,216.0,18.0,1195.0,979.0,,"Mamaearth Complete Baby Care Kit with Baby Lotion, Sham...",18.08
,,baby,326.0,33.0,975.0,649.0,,Billion Extra Absorb Diaper Pants - M,33.44
,,baby,213.0,25.0,850.0,637.0,,Himalaya Total Care Baby Pants - XL,25.06
,,baby,345.0,23.0,1499.0,1154.0,,MamyPoko Pants Extra Absorb Diapers - L,23.02
,,baby,40.0,10.0,399.0,359.0,,MamyPoko Pants Standard Diapers - S,10.03
,,baby,460.0,23.0,1998.0,1538.0,,MamyPoko Pants Extra Absorb Diapers - XL,23.02
,,baby,40.0,10.0,399.0,359.0,,MamyPoko Pants Standard Diapers - L,10.03
,,baby,651.0,60.0,1080.0,429.0,,"Little's Soft Cleansing Baby Wipes with Aloe Vera, Jojo...",60.28
,,baby,345.0,23.0,1499.0,1154.0,,MamyPoko Pants Extra Absorb Diapers - M,23.02
,,baby,262.0,24.0,1049.0,787.0,,Huggies Wonder Pants Diaper - L,24.98
,,baby,165.0,15.0,1099.0,934.0,,Pampers Baby-Dry Pants Diaper - XL,15.01
,,baby,36.0,7.0,499.0,463.0,,MamyPoko Pants Extra Absorb Diapers - XXL,7.21
,,baby,27.0,2.0,999.0,972.0,,Pampers Active Baby Diapers - New Born,2.7
,,baby,460.0,23.0,1998.0,1538.0,,MamyPoko Pants Extra Absorb Diapers - L,23.02
,,baby,40.0,10.0,399.0,359.0,,MamyPoko Pants Standard Diapers - M,10.03
,,baby,315.0,58.0,540.0,225.0,,"Little's Soft Cleansing Baby Wipes with Aloe Vera, Jojo...",58.33
,,baby,326.0,33.0,975.0,649.0,,Billion Extra Absorb Diaper Pants - S,33.44
,,baby,176.0,16.0,1049.0,873.0,,Pampers Baby-Dry Pants Diaper - M,16.78
,,baby,165.0,15.0,1099.0,934.0,,Pampers Baby-Dry Pants Diaper - S,15.01
,,baby,230.0,23.0,999.0,769.0,,MamyPoko Pants Extra Absorb Diapers - New Born,23.02
,,baby,460.0,23.0,1998.0,1538.0,,MamyPoko Pants Extra Absorb Diapers - M,23.02
,,baby,300.0,25.0,1200.0,900.0,,Johnson's Baby Skincare Wipes,25.0
,,baby,420.0,20.0,2099.0,1679.0,,Pampers Pants Diapers Monthly Box Pack New - M,20.01
,,baby,77.0,11.0,699.0,622.0,,Pampers New Extra Large Size Diapers Pants (28 Count) -...,11.02
,,baby,40.0,10.0,399.0,359.0,,MamyPoko Pants Standard Diapers - XL,10.03
,,baby,285.0,30.0,950.0,665.0,,Himalaya Happy Baby Gift Pack,30.0
,,baby,75.0,15.0,499.0,424.0,,Huggies Wonder Pants Diaper - XXL,15.03
,,baby,200.0,25.0,800.0,600.0,,Himalaya Total Care Baby Pants - L,25.0
,,baby,78.0,26.0,297.0,219.0,,"LuvLap Baby Moisturising Wipes with Aloe Vera, 72 Wipes...",26.26
,,baby,326.0,33.0,975.0,649.0,,Billion Extra Absorb Diaper Pants - L,33.44
,,baby,30.0,15.0,199.0,169.0,,Huggies Wonder Pants Diaper - XS,15.08
,,baby,208.0,18.0,1099.0,891.0,,Pampers Baby-Dry Pants Diaper - L,18.93
,,baby,1500.0,33.0,4499.0,2999.0,,Miss & Chief Baby Playpen Bassinet,33.34
,,baby,323.0,23.0,1398.0,1075.0,,Huggies Wonder Pants Medium Size Diapers Combo Pack Of ...,23.1
,,baby,262.0,24.0,1049.0,787.0,,Huggies Wonder Pants Diaper - M,24.98
,,baby,440.0,20.0,2199.0,1759.0,,Pampers Pants Diapers Monthly Box Pack New - XL,20.01
,,baby,81.0,11.0,699.0,618.0,,Pampers Baby-Dry Pants Diaper - M,11.59
,,baby,326.0,33.0,975.0,649.0,,Billion Extra Absorb Diaper Pants - XL,33.44
,,baby,4.0,4.0,99.0,95.0,,"Mamaearth Natural Anti Mosquito Body Roll On, 40ml",4.04
,,baby,5.0,10.0,48.0,43.0,,Himalaya Gentle Baby Soap,10.42
,,baby,45.0,12.0,375.0,330.0,,Himalaya Massage Oil,12.0
,,baby,270.0,18.0,1499.0,1229.0,,MamyPoko Extra Absorb Diaper - XL,18.01
,,baby,286.0,27.0,1049.0,763.0,,Huggies Wonder pants - XL,27.26
,,baby,5.0,5.0,85.0,80.0,,Odomos Naturals Mosquito Repellent Spray,5.88
,,baby,161.0,23.0,699.0,538.0,,MamyPoko Pants Extra Absorb Diapers - New Born,23.03
,,baby,0.0,0.0,590.0,590.0,,Nestle Nan Pro 2 Follow-up Formula Powder Stage 2,0.0
,,baby,188.0,25.0,750.0,562.0,,Himalaya Total Care Baby Pants - M,25.07
,,baby,42.0,6.0,699.0,657.0,,MamyPoko Pants Extra Absorb Diapers - M,6.01
,,baby,1.0,1.0,100.0,99.0,,Dabur Lal Tail,1.0
,,baby,0.0,0.0,300.0,300.0,,Nestle Lactogen Follow-up-Formula (Stage 3),0.0
,,baby,82.0,11.0,699.0,617.0,,Pampers New Large Size Diapers Pants (44 Count) - L,11.73
,,baby,586.0,27.0,2099.0,1513.0,,Huggies Wonder Pants Diapers - M,27.92
,,baby,5.0,5.0,85.0,80.0,,Himalaya GENTLE BABY SHAMPOO Baby Boys & Baby Girls,5.88
,,baby,440.0,20.0,2199.0,1759.0,,Pampers Pants Diapers Monthly Box Pack New - L,20.01
,,baby,8.0,5.0,149.0,141.0,,Mamaearth 100 Percent Natural Berry Blast Kids Toothpas...,5.37
,,baby,22.0,7.0,299.0,277.0,,MamyPoko Pants Extra Absorb Diapers - XXXL,7.36
,,baby,0.0,0.0,262.0,262.0,,Nestle Cerelac 5 Grains & Fruits Cereal,0.0
,,baby,34.0,13.0,255.0,221.0,,Johnson's Baby Soap (with New Easy Grip Shape) (Buy 3 G...,13.33
,,baby,22.0,8.0,275.0,253.0,,Himalaya Gentle Baby Shampoo pack Baby Boys & Baby Girl...,8.0
,,baby,0.0,0.0,315.0,315.0,,Nestle Lactogen Follow-up-Formula (Stage 2),0.0
,,baby,531.0,25.0,2099.0,1568.0,,Huggies Wonder Pants - L,25.3
,,baby,125.0,17.0,699.0,574.0,,Huggies Wonder Pants - M,17.88
,,baby,292.0,20.0,1398.0,1106.0,,Huggies Extra Large Size Wonder Pants 76 (38 X 2) - XL,20.89
,,baby,48.0,6.0,798.0,750.0,,MamyPoko Pants Standard Diapers - XL,6.02
,,baby,316.0,30.0,1050.0,734.0,,Himalaya Total Care - M,30.1
,,baby,460.0,23.0,1998.0,1538.0,,MamyPoko Pants Extra Absorb Diapers - S,23.02
,,baby,22.0,8.0,275.0,253.0,,Himalaya Baby Lotion 400 ml,8.0
,,baby,35.0,10.0,349.0,314.0,,Huggies Dry pants Small - S,10.03
,,baby,211.0,28.0,730.0,519.0,,Billion Extra Absorb Diaper Pants - XL,28.9
,,baby,0.0,0.0,257.0,257.0,,Nestle Cerelac Multigrain & Fruits Cereal,0.0
,,baby,9.0,5.0,165.0,156.0,,Johnson's Baby No More Tears Shampoo 200 ml Baby Boys &...,5.45
,,baby,0.0,0.0,50.0,50.0,,Oral-B Kids Soft Toothbrush,0.0
,,baby,66.0,18.0,360.0,294.0,,Johnson's Baby No More Tears Shampoo 500 ml Baby Boys &...,18.33
,,baby,0.0,0.0,325.0,325.0,,Nestle Lactogen Infant Formula (Stage 1),0.0
,,baby,90.0,50.0,180.0,90.0,,Little's Soft Cleansing Baby Wipes,50.0
,,baby,232.0,22.0,1049.0,817.0,,Huggies Wonder pants - S,22.12
,,baby,0.0,0.0,220.0,220.0,,Nestle Cerelac Wheat Apple Cherry Cereal,0.0
,,baby,112.0,16.0,699.0,587.0,,Huggies Wonder Pants - XL,16.02
,,baby,2.0,1.0,130.0,128.0,,Johnson's Baby Powder,1.54
,,baby,89.0,17.0,499.0,410.0,,Huggies Wonder Pants Diaper - L,17.84
,,baby,8.0,10.0,79.0,71.0,,Colgate Kids Minion Extra Soft Toothbrush,10.13
,,baby,0.0,0.0,33.0,33.0,,Johnson's Baby Ultra Soft Toothbrush,0.0
,,baby,204.0,37.0,549.0,345.0,,LuvLap Baby liquid Cleanser 1000 ml,37.16
,,baby,195.0,54.0,360.0,165.0,,"Little's Soft Cleansing Baby Wipes with Aloe Vera, Jojo...",54.17
,,baby,211.0,28.0,730.0,519.0,,Billion Extra Absorb Diaper Pants - S,28.9
,,baby,49.0,7.0,699.0,650.0,,Pampers New Extra Large Size Diapers Pants (36 Count) -...,7.01
,,baby,42.0,6.0,699.0,657.0,,MamyPoko Pants Extra Absorb Diapers - XL,6.01
,,baby,799.0,39.0,1998.0,1199.0,,Little Angel Baby Diaper Pants - M,39.99
,,baby,25.0,10.0,249.0,224.0,,Mamaearth Moisturizing Baby Bathing Soap Bar pH 5.5 wit...,10.04
,,baby,36.0,10.0,360.0,324.0,,Johnson's Baby Oil with Vitamin E,10.0
,,baby,15.0,6.0,235.0,220.0,,Himalaya baby cream extra soft and gentle,6.38
,,baby,17.0,10.0,165.0,148.0,,Himalaya Baby Massage Oil,10.3
,,baby,101.0,19.0,520.0,419.0,,Billion Extra Absorb Diaper Pants - L,19.42
,,baby,521.0,61.0,850.0,329.0,,SYGA Manual Breast Pump with Nipple  - Manual,61.29
,,baby,112.0,16.0,699.0,587.0,,Huggies Wonder Pants Diaper - S,16.02
,,baby,179.0,17.0,1049.0,870.0,,Pampers Active Baby Taped Diapers - M,17.06
,,baby,0.0,0.0,190.0,190.0,,Nestle Cerelac Wheat Apple Cereal,0.0
,,baby,10.0,5.0,200.0,190.0,,Himalaya Happy Baby Care Gift Pack,5.0
,,baby,82.0,11.0,699.0,617.0,,Pampers New Small Size Diapers Pants (58 Count) - S,11.73
,,baby,0.0,0.0,299.0,299.0,,Mogal enterprise Baby Swimming 13 Pcs Sounding Bath Toy...,0.0
,,baby,0.0,0.0,257.0,257.0,,Nestle Cerelac Multi Grain Dal Veg Cereal,0.0
,,baby,192.0,18.0,1049.0,857.0,,Pampers Premium Care Pants Diapers - M,18.3
,,baby,420.0,20.0,2099.0,1679.0,,Pampers Premium Care Pants Diapers Monthly Box Pack - X...,20.01
,,baby,34.0,3.0,949.0,915.0,,Pampers Baby-Dry Diapers - L,3.58
,,baby,225.0,34.0,645.0,420.0,,MeeMee Anti Bacterial Caring Baby Wet Wipes with Aloe V...,34.88
,,baby,92.0,19.0,470.0,378.0,,Himalaya Happy baby gift pack,19.57
,,baby,20.0,5.0,399.0,379.0,,"Pampers New Diapers Pants, Small, 36 Count - S",5.01
,,baby,4.0,6.0,65.0,61.0,,Himalaya Baby powder,6.15
,,baby,75.0,5.0,1499.0,1424.0,,Pampers Active Baby Diapers Taped Large Size,5.0
,,baby,39.0,15.0,258.0,219.0,,Johnson's Baby Powder( 400g) with Baby Soap(100 g),15.12
,,baby,215.0,43.0,499.0,284.0,,Miss & Chief Bed Protector Sheet- Waterproof & Reusable,43.09
,,baby,289.0,20.0,1398.0,1109.0,,Huggies Small Size Wonder Pants120 ( 60 X 2) - S,20.67
,,baby,315.0,15.0,2099.0,1784.0,,Huggies Wonder Pants - XL,15.01
,,baby,6.0,5.0,110.0,104.0,,Himalaya Diaper Rash Cream,5.45
,,baby,227.0,21.0,1049.0,822.0,,Pampers Premium Care Pants - XL,21.64
,,baby,124.0,25.0,495.0,371.0,,MeeMee Anti Bacterial Caring Baby Wet Wipes with Lemon ...,25.05
,,baby,0.0,0.0,197.0,197.0,,Amulspray Infant Milk Food,0.0
,,baby,518.0,37.0,1398.0,880.0,,Little Angel Baby Diaper Pants (2 x 42 Pcs) - XL,37.05
,,baby,270.0,18.0,1499.0,1229.0,,"MamyPoko Extra Absorb Diaper - Small Size, Pack of 126 ...",18.01
,,baby,17.0,4.0,349.0,332.0,,Pampers Active Baby Diapers - New Born,4.87
,,baby,158.0,15.0,1049.0,891.0,,Pampers New Extra Extra Extra Large Size Diapers Pants ...,15.06
,,baby,799.0,39.0,1998.0,1199.0,,Little Angel Baby Diaper Pants - L,39.99
,,baby,695.0,58.0,1194.0,499.0,,Little's Soft Cleansing Baby Lid Pack of 6,58.21
,,baby,48.0,12.0,399.0,351.0,,Mamaearth Gentle Cleansing Shampoo for Babies (400 ml) ...,12.03
,,baby,0.0,0.0,580.0,580.0,,Nestle Nan Pro Follow-up-Formula (Stage 4),0.0
,,baby,25.0,5.0,499.0,474.0,,Pampers Baby-Dry Pants Diapers - XXL,5.01
,,baby,1.0,0.0,380.0,379.0,,Sebamed Baby Cleansing Bar (150 g),0.26
,,baby,10.0,5.0,199.0,189.0,,Pampers Pants Diapers - XS,5.03
,,baby,0.0,0.0,180.0,180.0,,Nestle Cerelac Wheat Cereal,0.0
,,baby,36.0,7.0,499.0,463.0,,MamyPoko Pants Extra Absorb Diapers - L,7.21
,,baby,2.0,1.0,130.0,128.0,,Johnson's Baby Cream,1.54
,,baby,384.0,19.0,1999.0,1615.0,,Huggies Wonder Pants - S,19.21
,,baby,0.0,0.0,182.0,182.0,,Nestle Cerelac Rice Cereal,0.0
,,baby,420.0,20.0,2099.0,1679.0,,Pampers Premium Care Pants Diapers Monthly Box Pack - L,20.01
,,baby,615.0,20.0,2999.0,2384.0,,"Pampers New Diaper Pants Super Value Box, Large (Pack o...",20.51
,,baby,412.0,68.0,599.0,187.0,,"TOPHAVEN Baby Knee Pads for Crawling,Comfortable Knee C...",68.78
,,baby,104.0,15.0,690.0,586.0,,Johnson's Skincare Wipes 80s (Pack of 3),15.07
,,baby,51.0,7.0,699.0,648.0,,MamyPoko Pants Extra Absorb Diapers - S,7.3
,,baby,0.0,0.0,177.0,177.0,,Nestle Nestum Rice Fruits Cereal,0.0
,,baby,700.0,70.0,999.0,299.0,,IM ENTERPRISE Colorful Floating Baby Bath Aquatic Anima...,70.07
,,baby,251.0,35.0,699.0,448.0,,Miss & Chief Bed Protector Sheet- Waterproof & Reusable,35.91
,,baby,50.0,15.0,315.0,265.0,,Huggies Ultra soft - XS,15.87
,,baby,200.0,40.0,499.0,299.0,,TEMSON Baby Bath Tub/Pool - 2 FT Bath Toy,40.08
,,baby,30.0,15.0,199.0,169.0,,Huggies Dry pants Large - L,15.08
,,baby,0.0,0.0,132.0,132.0,,Himalaya GENTLE BABY SOAP VALUE PACK,0.0
,,baby,8.0,5.0,145.0,137.0,,Himalaya Baby Lotion,5.52
,,baby,30.0,12.0,249.0,219.0,,Indus Valley BIO Organic Extra Virgin Coconut Oil,12.05
,,baby,158.0,15.0,1049.0,891.0,,Pampers Premium Care Pant Style Diapers Small Size - 70...,15.06
,,baby,420.0,20.0,2099.0,1679.0,,Pampers Premium Care Pants Diapers Monthly Box Pack - M,20.01
,,baby,60.0,15.0,379.0,319.0,,Wishkey Baby Bath Toys-Set Of 14 For Boys Girls Kids Ba...,15.83
,,baby,0.0,0.0,242.0,242.0,,Nestle Cerelac Wheat - Rice Mixed Fruit Cereal,0.0
,,baby,0.0,0.0,715.0,715.0,,Enfamil A Plus Stage 1 Infant Formula,0.0
,,baby,901.0,75.0,1200.0,299.0,,Brandonn Solid Single Hooded Baby Blanket,75.08
,,baby,89.0,17.0,499.0,410.0,,Huggies Wonder Pants Diaper - S,17.84
,,baby,7.0,5.0,128.0,121.0,,Himalaya Baby Cream,5.47
,,baby,0.0,0.0,495.0,495.0,,Philips Avent NATURAL 2.0 BOTTLE 260ml Single - 260 ml,0.0
,,baby,799.0,39.0,1998.0,1199.0,,Little Angel Baby Diaper - XL,39.99
,,baby,16.0,8.0,199.0,183.0,,"Mamaearth Gentle Cleansing Baby Shampoo : New borns, ba...",8.04
,,baby,90.0,26.0,345.0,255.0,,"LuvLap Baby Moisturising Wipes with Aloe Vera,72 Wipes/...",26.09
,,baby,0.0,0.0,235.0,235.0,,Nestle Cerelac Rice Vegetables Cereal,0.0
,,baby,23.0,10.0,230.0,207.0,,Johnson's Baby Hair Oil,10.0
,,baby,4.0,2.0,195.0,191.0,,MamyPoko Pants Standard Diapers - S,2.05
,,baby,52.0,14.0,349.0,297.0,,Huggies Dry pants Medium - M,14.9
,,baby,2.0,1.0,165.0,163.0,,Johnson's Baby No More Tears Shampoo Baby Boys & Baby G...,1.21
,,baby,518.0,37.0,1398.0,880.0,,Little Angel Baby Diaper Pants (2 x 56 Pcs) - M,37.05
,,baby,560.0,35.0,1600.0,1040.0,,Himalaya Total Care Baby Pants CMB(M) 4NX28'S - M,35.0
,,baby,48.0,12.0,399.0,351.0,,Mamaearth Daily Moisturizing Lotion (400 ml) …,12.03
,,baby,0.0,0.0,137.0,137.0,,Nestle Nestum Rice (Stage 1) Cereal,0.0
,,baby,22.0,7.0,299.0,277.0,,MamyPoko Pants Extra Absorb Diapers - New Born,7.36
,,baby,49.0,20.0,245.0,196.0,,Himalaya Gentle Baby Laundry Wash 500 ml (Pouch) Liquid...,20.0
,,baby,20.0,7.0,275.0,255.0,,MamyPoko Pants Extra Absorb Diapers - XXL,7.27
,,baby,0.0,0.0,242.0,242.0,,Nestle Cerelac Wheat Honey Dates Cereal,0.0
,,baby,192.0,12.0,1599.0,1407.0,,Huggies Wonder pants - XL,12.01
,,baby,150.0,15.0,999.0,849.0,,Pampers Baby Taped Diapers - M,15.02
,,baby,300.0,50.0,599.0,299.0,,Vasundhara Mart 12 Pics Chuchu M Bath Toy,50.08
,,baby,56.0,16.0,349.0,293.0,,Huggies Dry pants- XL - XL,16.05
,,baby,89.0,7.0,1183.0,1094.0,,"Sebamed Baby Lotion, 400ml",7.52
,,baby,0.0,0.0,705.0,705.0,,Aptamil Infant Formula (Stage 1),0.0
,,baby,0.0,0.0,58.0,58.0,,Johnson's Baby Soap with Baby Lotion & Vitamin E,0.0
,,baby,71.0,35.0,199.0,128.0,,"Lifekrafts Baby Silicone Finger Toothbrush , Baby Finge...",35.68
,,baby,16.0,8.0,198.0,182.0,,"Mamaearth Natural Anti Mosquito Body Roll On, 40ml (Pac...",8.08
,,baby,24.0,8.0,299.0,275.0,,Pampers Premium Care Pants - XS,8.03
,,baby,715.0,71.0,999.0,284.0,,Always Sporty BABY POOL 2FT,71.57
,,baby,22.0,2.0,999.0,977.0,,MamyPoko Pants - M,2.2
,,baby,15.0,1.0,1049.0,1034.0,,Pampers Active Baby Diapers - M,1.43
,,baby,41.0,14.0,275.0,234.0,,Huggies Wonder Pants - M,14.91
,,baby,101.0,16.0,630.0,529.0,,Huggies Ultra soft - XS,16.03
,,baby,16.0,8.0,199.0,183.0,,"Mamaearth Talc Free Organic Dusting Powder for Babies, ...",8.04
,,baby,0.0,0.0,231.0,231.0,,Nestle Cerelac Wheat Orange Cereal,0.0
,,baby,419.0,15.0,2790.0,2371.0,,MamyPoko Pants Extra Absorb Diapers - XL,15.02
,,baby,0.0,0.0,710.0,710.0,,Nestle Nan Excella Pro Follow-up Formula-powder (Stage ...,0.0
,,baby,74.0,27.0,265.0,191.0,,LuvLap Hippo Spout 225ml,27.92
,,baby,126.0,31.0,400.0,274.0,,Fashion Huts Nylon Infants Baby Bedding with Mosquitoes...,31.5
,,baby,149.0,30.0,495.0,346.0,,Himalaya Gentle Baby Laundry Wash 1 Ltr (Bottle) Liquid...,30.1
,,baby,700.0,70.0,999.0,299.0,,LWF 12 Piece Chu Chu Bath Toy Animal Shape BPA Free 100...,70.07
,,baby,311.0,62.0,500.0,189.0,,Naughty Kidz Star Shaped Baby Food Feeder||Fruit Feeder...,62.2
,,baby,25.0,15.0,165.0,140.0,,Pigeon Strawberry Children Toothpaste,15.15
,,baby,207.0,12.0,1699.0,1492.0,,MamyPoko Pants Extra Absorb Diapers - XL,12.18
,,baby,24.0,6.0,399.0,375.0,,"Pampers New Diapers Pants, Medium, 28 Count - M",6.02
,,baby,19.0,10.0,184.0,165.0,,Himalaya Soothing Baby Wipes,10.33
,,baby,8.0,5.0,150.0,142.0,,Himalaya Extra Moisturizing baby wash 200 ml,5.33
,,baby,311.0,62.0,499.0,188.0,,MMShopy Fruit and Food Nibbler & Feeding Pacifier DD Fe...,62.32
,,baby,30.0,3.0,850.0,820.0,,Sebamed Baby Wash Extra Soft 400ml,3.53
,,baby,630.0,20.0,3149.0,2519.0,,"Pampers Premium Care Super Value box pack, Large (Pack ...",20.01
,,baby,10.0,3.0,265.0,255.0,,Sebamed kids Cleansing bar for delicate skin - Pack of ...,3.77
,,baby,128.0,30.0,425.0,297.0,,Himalaya Gentle Baby Laundry Wash 1 Ltr (Pouch) Liquid ...,30.12
,,baby,200.0,50.0,399.0,199.0,,SSS - Automatic Toothpaste Dispenser with 5 Toothbrush ...,50.13
,,baby,235.0,35.0,669.0,434.0,,LuvLap Liquid cleanser bottle 1.5 ltr,35.13
,,baby,200.0,25.0,799.0,599.0,,LuvLap Breast Pump  - Manual,25.03
,,baby,363.0,22.0,1580.0,1217.0,,Huggies Dry pants- Medium - M,22.97
,,baby,10.0,5.0,195.0,185.0,,Himalaya Babycare Gift Pack of 4,5.13
,,baby,0.0,0.0,730.0,730.0,,Nestle Nan Excella Pro Infant Formula Powder (Stage 1),0.0
,,baby,41.0,15.0,260.0,219.0,,Billion Extra Absorb Diaper Pants - M,15.77
,,baby,0.0,0.0,599.0,599.0,,Nestle Nan Pro 1 Infant Formula Powder,0.0
,,baby,5.0,5.0,85.0,80.0,,Himalaya Refreshing Baby Wash,5.88
,,baby,0.0,0.0,400.0,400.0,,Beautiq Baby Collections Complete Stainless Steel Feedi...,0.0
,,baby,824.0,82.0,999.0,175.0,,"kakustore Baby Crawling Anti-Slip Knee, Unisex Baby Tod...",82.48
,,baby,0.0,0.0,105.0,105.0,,Johnson's Baby Oil with Vitamin E,0.0
,,baby,1.0,1.0,100.0,99.0,,Johnson's Active Kids Clean & Fresh Shampoo Baby Boys &...,1.0
,,baby,64.0,15.0,425.0,361.0,,Himalaya Total Care Baby Pants - L,15.06
,,baby,345.0,23.0,1499.0,1154.0,,Huggies Wonder pants - S,23.02
,,baby,36.0,7.0,499.0,463.0,,MamyPoko Pants Extra Absorb Diapers - S,7.21
,,baby,28.0,14.0,195.0,167.0,,"Pigeon COTTON BALLS, 100PCS/PACK PSH",14.36
,,baby,41.0,15.0,260.0,219.0,,Billion Extra Absorb Diaper Pants - S,15.77
,,baby,224.0,56.0,399.0,175.0,,Miss & Chief Bed Protector Sheet- Waterproof & Reusable,56.14
,,baby,649.0,64.0,999.0,350.0,,Fareto Baby Hosiery Single Layer Cotton Cloth Tying Kno...,64.96
,,baby,26.0,8.0,320.0,294.0,,MamyPoko Wipes with Green Tea Essence,8.12
,,baby,150.0,10.0,1499.0,1349.0,,MamyPoko Pants Extra Absorb Diapers - S,10.01
,,baby,0.0,0.0,99.0,99.0,,MamyPoko Pants Extra Absorb Diapers - New Born,0.0
,,baby,44.0,4.0,999.0,955.0,,MamyPoko Pants Extra Absorb Diapers - S,4.4
,,baby,44.0,17.0,249.0,205.0,,LuvLap Pizza Pie design Silicone Teether Teether,17.67
,,baby,2.0,1.0,129.0,127.0,,BELLA COTTON BUDS WITH ALOE VERA EXTRACT PLASTIC BOX,1.55
,,baby,368.0,23.0,1599.0,1231.0,,Huggies Wonder pants - L,23.01
,,baby,0.0,0.0,345.0,345.0,,Similac Follow-up Formula (Stage 2),0.0
,,baby,45.0,25.0,179.0,134.0,,LuvLap Breast Pads - 24's Pack,25.14
,,baby,155.0,51.0,300.0,145.0,,Everything Imported Best Safe Shampoo Bathing Protect S...,51.67
,,baby,0.0,0.0,249.0,249.0,,Adore Supreme 5Pcs Baby Milk Bottle Nipple Straw Brush ...,0.0
,,baby,397.0,79.0,499.0,102.0,,Futaba Adjustable Baby Shower Cap,79.56
,,baby,1.0,1.0,79.0,78.0,,Himalaya Gentle Baby Wipes,1.27
,,baby,2.0,2.0,99.0,97.0,,Huggies Dry pants Small - S,2.02
,,baby,14.0,5.0,270.0,256.0,,Johnson's New Cream 100gm (Pack of 2),5.19
,,baby,75.0,15.0,470.0,395.0,,Huggies Dry - L,15.96
,,baby,22.0,8.0,264.0,242.0,,Himalaya Gentle Baby Soap 6N X 75G,8.33
,,baby,210.0,52.0,399.0,189.0,,Croox Baby's BPA-Free Silicone Food Nibbler for Fruit a...,52.63
,,baby,5.0,5.0,92.0,87.0,,Odomos Naturals Non Sticky Mosquito Repellent Cream,5.43
,,baby,1764.0,42.0,4194.0,2430.0,,"Little Angel Baby Diaper Pants, Extra Large (6 X Pack o...",42.06
,,baby,0.0,0.0,515.0,515.0,,Dexolac Premium 2 Follow-Up Formula (After 6 Months) Ti...,0.0
,,baby,0.0,0.0,190.0,190.0,,Pigeon Peristaltic Nipple 2 Pc L Size Fast Flow Nipple,0.0
,,baby,0.0,0.0,87.0,87.0,,Johnson's Baby No More Tears Shampoo 100 ml Baby Boys &...,0.0
,,baby,101.0,19.0,520.0,419.0,,Billion Extra Absorb Diaper Pants - M,19.42
,,baby,53.0,12.0,435.0,382.0,,Johnson's Baby No more Tears Shampoo with Hair oil,12.18
,,baby,0.0,0.0,720.0,720.0,,Nestle Nan Excella Pro Follow-up Formula-powder (Stage ...,0.0
,,baby,49.0,7.0,699.0,650.0,,Pampers Pant Style Diapers New Born - 62 Pieces - XS,7.01
,,baby,210.0,28.0,750.0,540.0,,"LuvLap Baby 99% Pure Water Wipes, 72 wipes/pack, Pack o...",28.0
,,baby,420.0,15.0,2799.0,2379.0,,MamyPoko Pants Extra Absorb Diapers - L,15.01
,,baby,15.0,12.0,120.0,105.0,,Dabur Amla Kids Nourishing Hair Oil,12.5
,,baby,75.0,25.0,299.0,224.0,,Pigeon Baby Powder With Fragrance,25.08
,,baby,0.0,0.0,715.0,715.0,,Enfamil A Plus Follow-up Formula Stage 2,0.0
,,baby,720.0,65.0,1099.0,379.0,,Manzon Girls Casual Dress Panty,65.51
,,baby,0.0,0.0,159.0,159.0,,1st Step Powder Box - Blue,0.0
,,baby,240.0,48.0,499.0,259.0,,Chartbusters New Born Baby Cotton Hosiery Padded Premiu...,48.1
,,baby,448.0,56.0,796.0,348.0,,Little's Soft Cleansing Baby Wipes Lid Pack of 4,56.28
,,baby,15.0,5.0,299.0,284.0,,Pampers Premium care Pants Diapers Small Size 21 pc Pac...,5.02
,,baby,1.0,1.0,95.0,94.0,,Johnson's Milk Plus Rice Lotion,1.05
,,baby,10.0,1.0,637.0,627.0,,Sebamed Baby Cream Extra Soft - 200 Ml,1.57
,,baby,56.0,20.0,280.0,224.0,,Pigeon Liquid Cleanser 200 Ml Refill Combo,20.0
,,baby,546.0,57.0,950.0,404.0,,SYGA Premium  - Manual,57.47
,,baby,236.0,33.0,715.0,479.0,,Enfamil A Plus Stage 3 Follow-up Formula,33.01
,,baby,30.0,10.0,299.0,269.0,,Mamaearth Nourishing Hair Oil for Babies,10.03
,,baby,896.0,28.0,3199.0,2303.0,,Huggies Wonder Sumo Pack - S,28.01
,,baby,14.0,8.0,170.0,156.0,,Johnson's Milk+ Rice Lotion 200 ml,8.24
,,baby,0.0,0.0,242.0,242.0,,Nestle Cerelac Wheat-Rice Mixed Vegetable Cereal,0.0
,,baby,214.0,47.0,455.0,241.0,,LuvLap Birdie Sipper 160ml,47.03
,,baby,0.0,0.0,269.0,269.0,,Chicco Bottle Wellbeing Pink 250Ml Sil Love In - 250 ml,0.0
,,baby,410.0,58.0,699.0,289.0,,MOM & SON Cotton Diaper Changing Mat,58.66
,,baby,54.0,3.0,1499.0,1445.0,,Pampers Active Baby Diapers - XL,3.6
,,baby,3.0,3.0,88.0,85.0,,Johnson's All Day Long Baby Lotion,3.41
,,baby,300.0,60.0,499.0,199.0,,LMN Child Care Booties,60.12
,,baby,500.0,27.0,1799.0,1299.0,,Sunbaby Musical Activity Walker With Parent Rod,27.79
,,baby,251.0,55.0,450.0,199.0,,SYGA 4 Pcs Baby Milk Bottle Nipple Straw Brush Sponge N...,55.78
,,baby,131.0,23.0,550.0,419.0,,Himalaya Original Baby Shampoo Baby Boys & Baby Girls,23.82
,,baby,132.0,35.0,375.0,243.0,,BodyGuard Premium Paraben Free Baby Wet Wipes with Aloe...,35.2
,,baby,580.0,20.0,2899.0,2319.0,,"Pampers New Diaper Pants Super Value Box, Small (Pack o...",20.01
,,baby,0.0,0.0,315.0,315.0,,Nestle Lactogen Follow-up Formula Powder (Stage 2),0.0
,,baby,615.0,68.0,900.0,285.0,,My New Born Cartoon Crib AC Blanket,68.33
,,baby,460.0,57.0,799.0,339.0,,mile fashion New Born Washable Reusable Hosiery Cotton ...,57.57
,,baby,33.0,15.0,219.0,186.0,,LuvLap Silicone Breast Shield Breast Nipple Shield,15.07
,,baby,349.0,49.0,699.0,350.0,,Fareto Baby Hosiery Single Layer Cotton Cloth Tying Kno...,49.93
,,baby,440.0,20.0,2199.0,1759.0,,Pampers Diaper Pants Monthly Pack - S,20.01
,,baby,0.0,0.0,350.0,350.0,,Pigeon Peristaltic Nursing Bottle Rpp 240Ml (White) Nip...,0.0
,,baby,126.0,24.0,525.0,399.0,,Philips Avent Premium,24.0
,,baby,35.0,5.0,699.0,664.0,,The Moms Co. Tear-Free Natural Baby Wash with Calendula...,5.01
,,baby,131.0,23.0,550.0,419.0,,Himalaya Original Baby Lotion,23.82
,,baby,3.0,0.0,749.0,746.0,,Pampers Active Baby Diapers - S,0.4
,,baby,0.0,0.0,95.0,95.0,,Himalaya Baby Massage Oil,0.0
,,baby,0.0,0.0,650.0,650.0,,Similac IQ Plus Infant Formula (Stage 1),0.0
,,baby,420.0,20.0,2099.0,1679.0,,Pampers Premium Care Pants Diapers Small Size 140 pc Pa...,20.01
,,baby,29.0,14.0,199.0,170.0,,Mamaearth Deeply Nourishing Body Wash for Babies,14.57
,,baby,18.0,5.0,349.0,331.0,,Mothercare All We Know Baby Shampoo - K3600 Baby Boys &...,5.16
,,baby,2.0,2.0,70.0,68.0,,Himalaya Refreshing Baby Soap,2.86
,,baby,61.0,15.0,400.0,339.0,,Himalaya Total Care Baby Pants - M,15.25
,,baby,0.0,0.0,304.0,304.0,,Dexolac Infant Formula Powder (Stage 3),0.0
,,baby,0.0,0.0,479.0,479.0,,Chicco Body Wash and Shampoo (500ml) Baby Boys & Baby G...,0.0
,,baby,0.0,0.0,705.0,705.0,,Aptamil Infant Formula (Stage 2),0.0
,,baby,0.0,0.0,270.0,270.0,,Pigeon Peristaltic Nipple 3 Pc L Size Fast Flow Nipple,0.0
,,baby,53.0,5.0,1049.0,996.0,,Pampers Active Baby Diapers Large - L,5.05
,,baby,1757.0,44.0,3992.0,2235.0,,Baby Plus Baby Diaper Pants Medium (8 Pack X 36 Pcs) - ...,44.01
,,baby,10.0,5.0,200.0,190.0,,Johnson's Baby Care Collection,5.0
,,baby,66.0,9.0,685.0,619.0,,Cetaphil Baby Daily Lotion,9.64
,,baby,101.0,19.0,520.0,419.0,,Billion Extra Absorb Diaper Pants - S,19.42
,,baby,0.0,0.0,395.0,395.0,,Philips Avent Natural - 125 ml,0.0
,,baby,187.0,16.0,1150.0,963.0,,"Cetaphil Baby Gentle Wash and Shampoo, With Shea Butter...",16.26
,,baby,0.0,0.0,55.0,55.0,,Biotique Bio Disney Pixar Cars Nutty Almond Nourishing ...,0.0
,,baby,400.0,57.0,699.0,299.0,,Hetkrishi Bath Toys for Baby Non-Toxic Toddler Set Mult...,57.22
,,baby,15.0,5.0,299.0,284.0,,Pampers Baby-Dry Diapers Small - New Born,5.02
,,baby,1.0,1.0,75.0,74.0,,Johnson's Milk Plus Rice Cream,1.33
,,baby,20.0,5.0,399.0,379.0,,"Pampers New X-Large Size Diapers Pants, 21 Count - XL",5.01
,,baby,2.0,0.0,800.0,798.0,,Himalaya Baby Pants - L,0.25
,,baby,0.0,0.0,790.0,790.0,,Huggies New Dry Diapers - M,0.0
,,baby,0.0,0.0,109.0,109.0,,LuvLap Baby 100% Unbleached Cotton Buds Eco friendly - ...,0.0
,,baby,0.0,0.0,184.0,184.0,,Manna Banana Rich Cereal,0.0
,,baby,0.0,0.0,145.0,145.0,,Johnson's Baby Powder Blossoms,0.0
,,baby,192.0,12.0,1599.0,1407.0,,Huggies Wonder pants - M,12.01
,,baby,61.0,19.0,319.0,258.0,,Pigeon Nose Cleaner Manual Nasal Aspirator,19.12
,,baby,1349.0,67.0,1999.0,650.0,,Miss & Chief Polycotton Bedding Set,67.48
,,baby,7.0,3.0,199.0,192.0,,Pampers Baby-Dry Pants Diaper - L,3.52
,,baby,5.0,2.0,180.0,175.0,,Dove Baby Lotion Rich Moisture,2.78
,,baby,53.0,10.0,529.0,476.0,,BELLA BABY HAPPYDIAPERS - M,10.02
,,baby,512.0,16.0,3199.0,2687.0,,Huggies Wonder Sumo Pack - M,16.01
,,baby,101.0,19.0,520.0,419.0,,Billion Extra Absorb Diaper Pants - XL,19.42
,,baby,1401.0,33.0,4200.0,2799.0,,Dash Musical Walker & Rocker With Parent Rod,33.36
,,baby,82.0,21.0,379.0,297.0,,Mothercare All We Know Baby Lotion - K3602,21.64
,,baby,58.0,6.0,927.0,869.0,,Sebamed Childrens'Shampoo Baby Boys & Baby Girls,6.26
,,baby,512.0,16.0,3199.0,2687.0,,Huggies Wonder Sumo Pack - L,16.01
,,baby,210.0,52.0,399.0,189.0,,CHHOTE SAHEB Cotton U shape Baby Pillow Pack of 1,52.63
,,baby,60.0,10.0,599.0,539.0,,1st Step Size Adjustable Reusable Diaper With Diaper Li...,10.02
,,baby,571.0,57.0,995.0,424.0,,Little's Soft Cleansing Baby Wipes Lid Pack of 5,57.39
,,baby,0.0,0.0,495.0,495.0,,Philips Avent Anti Colic Bottle with Air Free Vent - 26...,0.0
,,baby,27.0,2.0,999.0,972.0,,Pampers Baby-Dry Diapers - M,2.7
,,baby,35.0,8.0,420.0,385.0,,Pigeon Liquid Cleanser 200 Ml Naturals Combo (Pack Of 3...,8.33
,,baby,204.0,45.0,449.0,245.0,,"MOM & SON Cotton, Mustard Seeds Soft U Shape Baby Pillo...",45.43
,,baby,5.0,0.0,925.0,920.0,,Figaro Baby Massage Olive Oil 1L,0.54
,,baby,20.0,5.0,399.0,379.0,,Chicco Talcum Powder 500 Gr.,5.01
,,baby,1757.0,44.0,3992.0,2235.0,,Baby Plus Baby Diaper Pants Large ( 8 Pack X 32 Pcs) - ...,44.01
,,baby,0.0,0.0,650.0,650.0,,Similac IQ Plus Follow-up Formula (Stage 2),0.0
,,baby,515.0,24.0,2095.0,1580.0,,Philips Avent Manual Breast  - Manual,24.58
,,baby,329.0,32.0,998.0,669.0,,Little Angel Baby Diaper Pants (2 x 40 Pcs) - M,32.97
,,baby,0.0,0.0,318.0,318.0,,Nestle Lactogen Follow-up Formula (Stage 2) Tin,0.0
,,baby,240.0,30.0,799.0,559.0,,"Pigeon PANTS DIAPER, EXTRA LARGE (28 PCS) - XL",30.04
,,baby,74.0,10.0,739.0,665.0,,BELLA BABY HAPPY DIAPERS - L,10.01
,,baby,354.0,70.0,499.0,145.0,,CPEX Baby Bath Cap,70.94
,,baby,0.0,0.0,1699.0,1699.0,,"Bambo Nature Size 4, Tall pack 7-14 kg, Large Size, 48 ...",0.0
,,baby,1301.0,72.0,1800.0,499.0,,"My New Born Cotton 200 GSM Bath, Hand, Face Towel Set",72.28
,,baby,0.0,0.0,330.0,330.0,,Nestle Cerelac Organic Selection Wheat Mixed Fruit Cere...,0.0
,,baby,3.0,0.0,1199.0,1196.0,,Pampers Premium Care Pants - M,0.25
,,baby,251.0,50.0,499.0,248.0,,"Myynti Baby Knee Pads for Kids Safety Crawling, Anti-Sl...",50.3
,,baby,48.0,12.0,400.0,352.0,,Johnson's Baby Top to Toe Baby Bath (500ml) with Baby L...,12.0
,,baby,99.0,33.0,299.0,200.0,,LuvLap Cotton Baby Sleeping Mat,33.11
,,baby,22.0,8.0,264.0,242.0,,Himalaya Extra Moisturizing Baby Soap 6NX75G,8.33
,,baby,311.0,62.0,499.0,188.0,,MMShopy Fruit and Food Nibbler & Feeding Pacifier 1B Fe...,62.32
,,baby,77.0,10.0,770.0,693.0,,Huggies Ultra Soft Diapers - M,10.0
,,baby,579.0,57.0,999.0,420.0,,"Royal Krishna Velvet, Nylon Bedding Set",57.96
,,baby,659.0,73.0,899.0,240.0,,AVNISH knee and elbow pads for kids Multicolor Baby Kne...,73.3
,,baby,30.0,10.0,300.0,270.0,,MeeMee Premium Breathable Baby Diapers (Medium - 20 Pie...,10.0
,,baby,96.0,30.0,319.0,223.0,,"LuvLap Silicone Easy Squeezy Baby Food Feeder, 4M+, 90m...",30.09
,,baby,0.0,0.0,325.0,325.0,,Philips AVENT Natural 2 Fast flow teats 6m+ Fast Flow N...,0.0
,,baby,2.0,0.0,499.0,497.0,,Pampers Baby-Dry Pants Diaper - S,0.4
,,baby,70.0,20.0,349.0,279.0,,"MeeMee Anti-Bacterial Baby Liquid Cleanser for Fruits, ...",20.06
,,baby,20.0,10.0,199.0,179.0,,"Pigeon Hand and Mouth Wipes 20S, 2 In 1",10.05
,,baby,59.0,15.0,384.0,325.0,,Himalaya Gentle Baby Soap 6N X 125G,15.36
,,baby,0.0,0.0,45.0,45.0,,Johnson's Skincare Wipes,0.0
,,baby,111.0,23.0,470.0,359.0,,Huggies New Dry Diapers - S,23.62
,,baby,600.0,20.0,2999.0,2399.0,,"Pampers New Diaper Pants Super Value Box, Medium (Pack ...",20.01
,,baby,309.0,61.0,499.0,190.0,,CONAVA Plastic Automatic Toothpaste Dispenser with Brus...,61.92
,,baby,0.0,0.0,140.0,140.0,,Nestle Nestum Rice Cereal,0.0
,,baby,16.0,8.0,199.0,183.0,,Mamaearth Moisturizing Daily Lotion For Babies/Kids,8.04
,,baby,50.0,5.0,849.0,799.0,,"Bambo Nature Maxi 7-18 kg , 30 Count - M",5.89
,,baby,7.0,5.0,135.0,128.0,,Baby Dove Rich Moisture Wipes,5.19
,,baby,267.0,66.0,399.0,132.0,,Honey Boo Silicone Baby Fresh Fruit Food Feeder Teether...,66.92
,,baby,3.0,0.0,450.0,447.0,,Curatio atogla lotion,0.67
,,baby,16.0,8.0,198.0,182.0,,"Mamaearth Mosquito Fabric Roll On, 8ml (Pack of 2)",8.08
,,baby,0.0,0.0,360.0,360.0,,Similac Follow-up Formula Stage 3,0.0
,,baby,118.0,26.0,448.0,330.0,,Johnson's Baby No More Tears Shampoo 500ml with Baby Lo...,26.34
,,baby,0.0,0.0,33.0,33.0,,Johnson's Baby Soap,0.0
,,baby,0.0,0.0,849.0,849.0,,"Bambo Nature Size 4, 7-14 kg, Pants Style, Large Size, ...",0.0
,,baby,20.0,5.0,399.0,379.0,,Pampers Premium Care Pants - M,5.01
,,baby,17.0,4.0,349.0,332.0,,Pampers Active Baby Taped Diapers - M,4.87
,,baby,811.0,67.0,1200.0,389.0,,My New Born Terry Cotton 200 GSM Bath Towel,67.58
,,baby,0.0,0.0,159.0,159.0,,1st Step Powder Box - Pink,0.0
,,baby,0.0,0.0,550.0,550.0,,Similac Advance Infant Formula (Stage 1),0.0
,,baby,0.0,0.0,1498.0,1498.0,,Pampers Active Baby Diapers - Small (3-8 kg) 92 pcs - S,0.0
,,baby,60.0,26.0,229.0,169.0,,"LuvLap Jumbo Sky Spout Sipper, BPA Free, 300 ml, 6m+",26.2
,,baby,0.0,0.0,799.0,799.0,,Pampers Active Baby Diapers - XL,0.0
,,baby,46.0,5.0,829.0,783.0,,Sebamed Baby Wash Extra Soft 400Ml Baby Care Products,5.55
,,baby,2.0,2.0,99.0,97.0,,Huggies Dry pants Medium - M,2.02
,,baby,16.0,8.0,199.0,183.0,,Mamaearth Natural Repellent Mosquito Patches For Babies...,8.04
,,baby,49.0,7.0,699.0,650.0,,Pampers Premium Care Pants - L,7.01
,,baby,0.0,0.0,1699.0,1699.0,,"Bambo Nature Size 3, tall pack, 4-8 kg, Medium Size, 52...",0.0
,,baby,396.0,56.0,695.0,299.0,,Johnson's 24-hour moisture for healthy feeling skin,56.98
,,baby,512.0,16.0,3199.0,2687.0,,Huggies Wonder Sumo Pack - XL,16.01
,,baby,851.0,70.0,1200.0,349.0,,"My New Born Fine Quality Towel fabric, Super Soft and S...",70.92
,,baby,6.0,3.0,195.0,189.0,,MamyPoko Pants Extra Absorb Diapers - New Born,3.08
,,baby,0.0,0.0,530.0,530.0,,Nestle Nangrow Nutritious Milk Drink Creamy Vanilla,0.0
,,baby,1050.0,61.0,1699.0,649.0,,ODELEE Musical Activity Walker,61.8
,,baby,77.0,10.0,770.0,693.0,,Huggies Ultra Soft Diapers - S,10.0
,,baby,148.0,14.0,1047.0,899.0,,Control D 70% IPA,14.14
,,baby,40.0,13.0,299.0,259.0,,Indus Valley Bio Organic Extra Virgin Olive Massage Oil...,13.38
,,baby,0.0,0.0,329.0,329.0,,MeeMee Premium Glass Feeding Bottle - Pink - 240 ml,0.0
,,baby,26.0,9.0,275.0,249.0,,"Adore Bottle, Nipple & Vegetable Liquid Cleaner 400ml",9.45
,,baby,53.0,10.0,529.0,476.0,,BELLA BABY HAPPY DIAPERS - XL,10.02
,,baby,0.0,0.0,550.0,550.0,,Similac Advance Follow-Up Formula (Stage 2),0.0
,,baby,984.0,75.0,1299.0,315.0,,SmartRAHO Boys Festive & Party Kurta and Dhoti Pant Set,75.75
,,baby,23.0,3.0,700.0,677.0,,Himalaya Total Care Baby Pants - S,3.29
,,baby,70.0,23.0,299.0,229.0,,BabyButtons Hosiery Cotton 170 GSM Face Towel,23.41
,,baby,810.0,81.0,999.0,189.0,,N BAHUBALI Girls Midi/Knee Length Casual Dress,81.08
,,baby,600.0,60.0,999.0,399.0,,ODELEE HANDEL POTTY CHAIR FOR KIDS Potty Seat,60.06
,,baby,29.0,10.0,275.0,246.0,,Pigeon BABY BATHING BAR 3 IN 1,10.55
,,baby,470.0,52.0,899.0,429.0,,Royalkart Cockroach Killing Bait Killer Effective Mirac...,52.28
,,baby,60.0,12.0,490.0,430.0,,Himalaya BABY KIT,12.24
,,baby,300.0,60.0,499.0,199.0,,VIC Kid Edge & Corner Cushion Guard for Baby Proofing |...,60.12
,,baby,200.0,50.0,399.0,199.0,,liveonshop Automatic Toothpaste Dispenser With 5 Toothb...,50.13
,,baby,76.0,16.0,450.0,374.0,,Pigeon Baby Transparent Soap without Case,16.89
,,baby,2.0,1.0,160.0,158.0,,Johnson's Baby Nappy Pads - New Born,1.25
,,baby,2500.0,41.0,5999.0,3499.0,,Webby Fiddle Diddle Baby Bouncer Cum Rocker Rocker and ...,41.67
,,baby,53.0,10.0,529.0,476.0,,BELLA BABY HAPPY DIAPERS - L,10.02
,,baby,100.0,30.0,333.0,233.0,,"LuvLap Silicone Easy Squeezy Baby Food Feeder, 4M+, 180...",30.03
,,baby,68.0,17.0,399.0,331.0,,WOW Skin Science Kids 3 in 1 Tip to Toe Wash - Peach - ...,17.04
,,baby,345.0,70.0,490.0,145.0,,Flipkart SmartBuy Toothpaste Dispenser with Toothbrush ...,70.41
,,baby,50.0,14.0,349.0,299.0,,Control D 70% IPA BNH65,14.33
,,baby,202.0,40.0,501.0,299.0,,Bluwings Bathtub Animal Toy With Chu Chu Sound For Kids...,40.32
,,baby,0.0,0.0,495.0,495.0,,Similac Isomil Soy Infant Formula,0.0
,,baby,19.0,3.0,560.0,541.0,,Curatio Tedibar Soap (Pack Of 4),3.39
,,baby,259.0,51.0,499.0,240.0,,"MOM & SON Cotton, Mustard Seeds Soft U Shape Neck suppo...",51.9
,,baby,0.0,0.0,1150.0,1150.0,,Himalaya Total Care - XL,0.0
,,baby,2.0,1.0,199.0,197.0,,Pampers Baby-Dry Pants Diaper - S,1.01
,,baby,65.0,10.0,649.0,584.0,,BELLA BABY HAPPY PANTS - L,10.02
,,baby,1050.0,52.0,2000.0,950.0,,Amardeep Musical Activity Walker,52.5
,,baby,180.0,37.0,479.0,299.0,,Luxula Bathtub Animal Toy with Chu Chu Sound Bath Toy,37.58
,,baby,85.0,26.0,315.0,230.0,,Fisher-Price Baby Polypropylene Food Mash and Serve Bow...,26.98
,,baby,60.0,14.0,420.0,360.0,,Johnson's Baby Lotion 500ml with Baby Cream 50g,14.29
,,baby,364.0,52.0,699.0,335.0,,MK Enterprises Baby Swimming Pool 2 Feet Bath Toy,52.07
,,baby,77.0,10.0,770.0,693.0,,Johnson's Baby Oil,10.0
,,baby,6.0,1.0,330.0,324.0,,Tiffy & Toffee Baby Water Wipes (3 Wipes),1.82
,,baby,900.0,69.0,1299.0,399.0,,Welo High Quality Baby Carrier with Strong Belt 4 in 1 ...,69.28
,,baby,0.0,0.0,75.0,75.0,,Chicco Baby Wipes 20 Pcs In,0.0
,,baby,0.0,0.0,222.0,222.0,,Sebamed Baby Cream Extra Soft 50ml,0.0
,,baby,0.0,0.0,30.0,30.0,,Colgate Kids 2+ Extra Soft Toothbrush,0.0
,,baby,700.0,53.0,1299.0,599.0,,Kuchipoo Boys & Girls Graphic Print Cotton Blend T Shir...,53.89
,,baby,35.0,5.0,699.0,664.0,,Pampers Premium Care Pants - XS,5.01
,,baby,0.0,0.0,565.0,565.0,,Philips Avent Natural - 330 ml,0.0
,,baby,0.0,0.0,799.0,799.0,,"Bambo Nature Size 6, 16+ kg, XXL Size, 20 Count, for Pr...",0.0
,,baby,0.0,0.0,695.0,695.0,,Philips Avent NATURAL 2.0 BOTTLE 125ml Pack of 2 - 250 ...,0.0
,,baby,60.0,10.0,599.0,539.0,,"Mamaearth Plant Based Baby Laundry Liquid Detergent, wi...",10.02
,,baby,32.0,16.0,199.0,167.0,,Huggies Dry pants Medium - M,16.08
,,baby,435.0,72.0,599.0,164.0,,"Yourcull Baby Grooming Kit Baby Nail Cutter, Nail File,...",72.62
,,baby,0.0,0.0,550.0,550.0,,Similac Advance Follow-up Formula (Stage 3),0.0
,,baby,35.0,10.0,349.0,314.0,,Huggies Dry pants Large - L,10.03
,,baby,2.0,1.0,105.0,103.0,,Johnson's Vitamin E Oil,1.9
,,baby,0.0,0.0,499.0,499.0,,MamyPoko Pants Extra Absorb Diapers - M,0.0
,,baby,0.0,0.0,705.0,705.0,,Aptamil Infant Formula (Stage 3),0.0
,,baby,601.0,66.0,900.0,299.0,,My New Born Animal Crib AC Blanket,66.78
,,baby,8.0,5.0,140.0,132.0,,Himalaya Total Care Baby Pants - L,5.71
,,baby,49.0,2.0,1749.0,1700.0,,Mothercare Fragrance Free Wipes-10 pcs,2.8
,,baby,21.0,2.0,930.0,909.0,,MamyPoko Pants Extra Absorb Diaper - S,2.26
,,baby,601.0,66.0,900.0,299.0,,My New Born Animal Single Swadding Baby Blanket,66.78
,,baby,2.0,1.0,199.0,197.0,,Pampers Baby-dry Pant Diapers - M,1.01
,,baby,474.0,59.0,799.0,325.0,,Miss & Chief Printed Single Baby Blanket,59.32
,,baby,10.0,5.0,185.0,175.0,,Pampers Fresh Clean Baby Wipes 64 count,5.41
,,baby,48.0,12.0,398.0,350.0,,"Mamaearth Pack of 2, Daily Moisturizing Lotion for Babi...",12.06
,,baby,268.0,44.0,598.0,330.0,,"Eazi Rubber, Cotton Baby Bed Protecting Mat",44.82
,,baby,236.0,34.0,690.0,454.0,,Pigeon Baby Wipes,34.2
,,baby,550.0,30.0,1799.0,1249.0,,Sunbaby Musical Activity Walker With Parent Rod,30.57
,,baby,300.0,50.0,599.0,299.0,,LuvLap Animal Crib AC Blanket,50.08
,,baby,10.0,1.0,698.0,688.0,,Control D 70% Alol,1.43
,,baby,910.0,70.0,1300.0,390.0,,Miss & Chief Polycotton Bedding Set,70.0
,,baby,0.0,0.0,349.0,349.0,,Pampers Active Baby Diapers - S,0.0
,,baby,10.0,5.0,190.0,180.0,,Johnson's Baby Oil with Vitamin E,5.26
,,baby,986.0,70.0,1399.0,413.0,,Manzon Boys & Girls Casual T-shirt Shorts,70.48
,,baby,0.0,0.0,165.0,165.0,,Pigeon Peristaltic Nursing Bottle Rpp Nipple S - 120 ml,0.0
,,baby,90.0,13.0,649.0,559.0,,Xtracare Cumfy Dry Pull-Up Pants - S,13.87
,,baby,35.0,15.0,224.0,189.0,,PRESENTSALE Baby Food Feeder Feeder,15.62
,,baby,68.0,17.0,399.0,331.0,,WOW Skin Science Kids 3 in 1 Head to Toe Wash - Green A...,17.04
,,baby,57.0,15.0,375.0,318.0,,Himalaya Total Care Baby Pants - S,15.2
,,baby,0.0,0.0,360.0,360.0,,Beautiq Baby Collections Stainless Steel Baby Feeding B...,0.0
,,baby,2.0,1.0,150.0,148.0,,Colgate Natural Strawberry Mint Flavor for Kids Toothpa...,1.33
,,baby,244.0,46.0,524.0,280.0,,ss Cotton Infants Kids Cotton Kids Choice Pink Girl Cas...,46.56
,,baby,0.0,0.0,799.0,799.0,,"Bambo Nature XL 10-30 kg, 22 Count - XL",0.0
,,baby,508.0,39.0,1299.0,791.0,,Mantavya Inflatable Baby Pool Bath Water Tub For Kids B...,39.11
,,baby,601.0,31.0,1900.0,1299.0,,Trumom (USA) 3in1 Baby Carrier for kids 0 to 15 months ...,31.63
,,baby,107.0,10.0,999.0,892.0,,Aveeno Baby Soothing Relief Moisture Cream,10.71
,,baby,51.0,3.0,1350.0,1299.0,,"Himalaya BABY TAPED DIAPERS WITH ANTI RASH SHIELD, SIZE...",3.78
,,baby,769.0,54.0,1399.0,630.0,,x2o Track Pant For Boys & Girls,54.97
,,baby,48.0,13.0,368.0,320.0,,Himalaya 8901138513184,13.04
,,baby,59.0,20.0,295.0,236.0,,Himalaya Gentle Baby Laundry Wash 500 ml (Bottle) Liqui...,20.0
,,baby,849.0,70.0,1199.0,350.0,,Manzon Short For Boys & Girls Casual Graphic Print Cott...,70.81
,,baby,20.0,5.0,399.0,379.0,,"Pampers Premium Care Pants Diapers, Large, 24 Count - L",5.01
,,baby,0.0,0.0,450.0,450.0,,Atogla Baby lotion,0.0
,,baby,53.0,6.0,851.0,798.0,,Sebamed Sebamed Protective Facial Cream,6.23
,,baby,204.0,51.0,399.0,195.0,,MOM & SON Cotton Clock shape Baby Pillow Pack of 1,51.13
,,baby,0.0,0.0,279.0,279.0,,Chicco Wb Teat 6M+ Food Sil 2Pcs Fast Flow Nipple,0.0
,,baby,65.0,10.0,649.0,584.0,,BELLA BABY HAPPY PANTS - XL,10.02
,,baby,1757.0,44.0,3992.0,2235.0,,Baby Plus Baby Diaper Pants Small (8 Pack X 46 Pcs) - S,44.01
,,baby,2.0,0.0,427.0,425.0,,Sebamed Baby Children Shampoo Baby Boys & Baby Girls,0.47
,,baby,40.0,10.0,395.0,355.0,,Pigeon BABY CONDITIONING SHAMPOO - 500 ml Baby Boys & B...,10.13
,,baby,135.0,28.0,479.0,344.0,,LuvLap Liquid Cleanser-1000ml Liquid Detergent,28.18
,,baby,1201.0,40.0,2999.0,1798.0,,starsky 8 Feet Inflatable Swimming Pool,40.05
,,baby,300.0,30.0,999.0,699.0,,Pampers Splashers Disposable Swim Pants Diapers Large S...,30.03
,,baby,537.0,53.0,999.0,462.0,,Nabhya Toilet Trainer Baby Potty Seat Cartoon Face with...,53.75
,,baby,6.0,5.0,115.0,109.0,,"LuvLap Baby Moisturising Wipes with Aloe Vera, 72 wipes...",5.22
,,baby,90.0,10.0,899.0,809.0,,Chicco DRY DIAPERS CHICCO NAPPIES MIDI 21X10 - M,10.01
,,baby,911.0,75.0,1200.0,289.0,,"My New Born Fast Dry-Waterproof, Super Soft Cotton Dail...",75.92
,,baby,60.0,5.0,1049.0,989.0,,Huggies Wonder Pants Small Size Diapers - S,5.72
,,baby,701.0,70.0,999.0,298.0,,"KL Collection Boys Festive & Party Kurta, Dhoti Pant & ...",70.17
,,baby,0.0,0.0,297.0,297.0,,"MeeMee Caring Baby Wet Wipes with lid, 72 Pcs (Aloe Ver...",0.0
,,baby,3.0,0.0,674.0,671.0,,Pampers Baby-Dry Pants Diaper - New Born,0.45
,,baby,60.0,10.0,595.0,535.0,,Philips Avent Toddler Spout Cup With Twin Handle,10.08
,,baby,0.0,0.0,300.0,300.0,,Nestle Cerelac Organic Selection Wheat and Milk Cereal,0.0
,,baby,40.0,20.0,199.0,159.0,,MeeMee Gentle Protective Nail Clipper(Blue),20.1
,,baby,674.0,67.0,999.0,325.0,,Kids Choice Chu Chu Bath Toys for Baby Non-Toxic Toddle...,67.47
,,baby,44.0,17.0,249.0,205.0,,LuvLap Blue Berries design Silicon Teether Teether,17.67
,,baby,21.0,6.0,340.0,319.0,,Johnson's New Milk and Rice Lotion 200 ml (Pack of 2),6.18
,,baby,8.0,10.0,75.0,67.0,,"LuvLap 100% Natural Anti Mosquito Fabric Roll On, Safe ...",10.67
,,baby,35.0,3.0,1060.0,1025.0,,Sebamed Baby Cleansing Bar (100 g) - Pack of 4,3.3
,,baby,871.0,69.0,1250.0,379.0,,Babique Cotton Infants Baby Cotton Padded Bed Net Mosqu...,69.68
,,baby,6.0,0.0,666.0,660.0,,Sebamed POWDER-005V,0.9
,,baby,2.0,2.0,99.0,97.0,,Huggies Dry pants Large - L,2.02
,,baby,175.0,35.0,500.0,325.0,,BodyGuard Premium Paraben Free Baby Wet Wipes with Aloe...,35.0
,,baby,224.0,56.0,399.0,175.0,,NEPEE Baby Nail Clipper Safety Cutter Toddler Infant Sc...,56.14
,,baby,40.0,20.0,199.0,159.0,,Pigeon TOODLERS TOOTHGEL STRAWBERRY (50 GMS) Toothpaste,20.1
,,baby,1.0,0.0,299.0,298.0,,PS AAKRITI Cute Soft Rubber Float Squeeze Sound Baby Ba...,0.33
,,baby,6.0,3.0,195.0,189.0,,MamyPoko Pants Extra Absorb Diapers - S,3.08
,,baby,78.0,26.0,297.0,219.0,,"LuvLap Baby Moisturising Wipes with Jojoba Oil, 72 Wipe...",26.26
,,baby,33.0,10.0,330.0,297.0,,Pigeon Strawberry Toothpaste,10.0
,,baby,400.0,40.0,999.0,599.0,,Luke and Lilly Indi Girls Midi/Knee Length Casual Dress,40.04
,,baby,0.0,0.0,597.0,597.0,,"Huggies WONDER NEW BABY PANTS,SIZE XS, 24 PCS PACK, COM...",0.0
,,baby,584.0,58.0,999.0,415.0,,iGREEN BW BLUE Potty Seat,58.46
,,baby,11.0,2.0,450.0,439.0,,Xtracare Dryplus Baby Diapers - S,2.44
,,baby,225.0,30.0,750.0,525.0,,Himalaya Baby Cream ( Extra Soft & gentle ) Combo Pack....,30.0
,,baby,0.0,0.0,399.0,399.0,,Naughty Kidz PREMIUM PACK OF 2 BOROSIL GLASS FEEDING BO...,0.0
,,baby,0.0,0.0,1049.0,1049.0,,Pampers Active Baby M-62 Diapers - M,0.0
,,baby,50.0,20.0,250.0,200.0,,Himalaya Extra Moisturizing Baby Wash 400ml,20.0
,,baby,45.0,15.0,295.0,250.0,,"LuvLap Banana Time Sipper / Sippy Cup 150ml, Anti-Spill...",15.25
,,baby,401.0,57.0,700.0,299.0,,Tajpur Traders Musical Activity Walker,57.29
,,baby,35.0,5.0,699.0,664.0,,Pampers Premium care Pants Diapers New Born Size 50 pc ...,5.01
,,baby,14.0,4.0,330.0,316.0,,Huggies Ultra Soft Small Size Premium Diapers - S,4.24
,,baby,2899.0,55.0,5184.0,2285.0,,"Dignity Poochie 100% Biodegradable Baby Wipes, 150 x 20...",55.92
,,baby,0.0,0.0,125.0,125.0,,"LuvLap 100% Natural Anti Mosquito Patches, Safe for 0-1...",0.0
,,baby,454.0,53.0,849.0,395.0,,Sukhson India MYFERRARI-MULTICOLOR Potty Seat,53.47
,,baby,104.0,15.0,690.0,586.0,,Himalaya Baby Gift Pack Basket,15.07
,,baby,149.0,15.0,990.0,841.0,,Varco Massage Oil,15.05
,,baby,0.0,0.0,229.0,229.0,,MeeMee Soft Nipple Baby Pacifier Soother,0.0
,,baby,54.0,12.0,442.0,388.0,,"Johnson's Baby Gift Set(Pack of 5- Oil, Baby Bath, Sham...",12.22
,,baby,28.0,14.0,189.0,161.0,,Pigeon Liquid Cleanser Naturals,14.81
,,baby,3.0,1.0,300.0,297.0,,Origami Wet Wipes Assorted Fragrance,1.0
,,baby,30.0,8.0,350.0,320.0,,Himalaya gentle Baby Wipes (72N * 2 packs),8.57
,,baby,0.0,0.0,899.0,899.0,,"Bambo Nature Size 2, 3-6 kg, Small Size, 30 Count, for ...",0.0
,,baby,42.0,14.0,295.0,253.0,,Pigeon Cotton Ball,14.24
,,baby,800.0,66.0,1199.0,399.0,,Kifayati Bazar Girls Casual Dress Panty,66.72
,,baby,654.0,65.0,999.0,345.0,,Juneja Enterprises Gold Happy Birthday Foil Balloon Wit...,65.47
,,baby,349.0,14.0,2399.0,2050.0,,The Moms Co. Everything for Baby,14.55
,,baby,499.0,50.0,998.0,499.0,,Miss & Chief Polyester Baby Bed Protecting Mat,50.0
,,baby,0.0,0.0,330.0,330.0,,Nestle Lactogen Infant Formula Powder (Stage 1) Tin,0.0
,,baby,0.0,0.0,275.0,275.0,,Philips Avent Classic+ Variable Flow Nipple,0.0
,,baby,600.0,24.0,2499.0,1899.0,,Huggies Ultra Soft - S,24.01
,,baby,16.0,8.0,195.0,179.0,,Pigeon BABY NOURISHING WASH - 200 ml,8.21
,,baby,68.0,16.0,425.0,357.0,,Huggies Dry - M,16.0
,,baby,200.0,50.0,399.0,199.0,,Baby Banana ME888 Teether,50.13
,,baby,704.0,58.0,1199.0,495.0,,Brandonn Solid Single Hooded Baby Blanket,58.72
,,baby,5.0,1.0,270.0,265.0,,Himalaya Soothing Baby Wipes 12 (Pack of 6) 72 Wipes,1.85
,,baby,0.0,0.0,299.0,299.0,,Pampers Baby-Dry Diapers - M,0.0
,,baby,1381.0,76.0,1800.0,419.0,,My New Born Cartoon Crib Hooded Baby Blanket,76.72
,,baby,226.0,46.0,485.0,259.0,,LuvLap Birdie Sipper 260ml,46.6
,,baby,42.0,6.0,699.0,657.0,,MamyPoko Pants Extra Absorb Diapers - New Born,6.01
,,baby,41.0,10.0,405.0,364.0,,"Philips Avent Ultra Air Pacifier for Boy, 0-6 Months 2 ...",10.12
,,baby,821.0,82.0,1000.0,179.0,,Shopper52 Shopper52 Wall Mounted with Cover Bathroom St...,82.1
,,baby,0.0,0.0,1196.0,1196.0,,"MamyPoko EXTRA ABSORB BABY DIAPER PANTS, SIZE XXXL, FOR...",0.0
,,baby,95.0,32.0,295.0,200.0,,"LuvLap Clever Frog Sipper, Soft silicone spout, Anti-sp...",32.2
,,baby,552.0,55.0,999.0,447.0,,Lifekrafts Child Baby Safety Lock Cupboard Cabinet Door...,55.26
,,baby,92.0,10.0,920.0,828.0,,BELLA BABY HAPPY DIAPERS - New Born,10.0
,,baby,5.0,5.0,99.0,94.0,,"LuvLap Baby Moisturising Wipes with Aloe Vera, 72 wipes...",5.05
,,baby,450.0,56.0,799.0,349.0,,Eazy Trendz Girls Midi/Knee Length Casual Dress,56.32
,,baby,38.0,15.0,249.0,211.0,,Fisher-Price ultracare silicone food nibbler Soother,15.26
,,baby,600.0,60.0,999.0,399.0,,Orange and Orchid Girls Midi/Knee Length Party Dress,60.06
,,baby,295.0,49.0,599.0,304.0,,LuvLap Printed Crib AC Blanket,49.25
,,baby,478.0,80.0,594.0,116.0,,BLUESKY ENTERPRISE TOOTHPASTE-BRUSH-DISPENCER Plastic T...,80.47
,,baby,0.0,0.0,799.0,799.0,,"Bambo Nature Size 1, 2-4 kg, XS Size, 22 Count, for New...",0.0
,,baby,188.0,20.0,940.0,752.0,,Huggies Dry pants- Small - S,20.0
,,baby,2.0,2.0,99.0,97.0,,Huggies Dry pants- XL - XL,2.02
,,baby,70.0,10.0,699.0,629.0,,BELLA BABY HAPPY DIAPERS - New Born,10.01
,,baby,25.0,5.0,495.0,470.0,,The Moms Co. Natural Baby Hair Oil (200 ml) Hair Oil,5.05
,,baby,35.0,5.0,699.0,664.0,,Pampers Premium Care Pants - XL,5.01
,,baby,40.0,10.0,379.0,339.0,,Mothercare All We Know Baby Bath Milk - K3604,10.55
,,baby,130.0,21.0,599.0,469.0,,TONY STARK Baby Proofing Edge & Corner Guards | Extra L...,21.7
,,baby,0.0,0.0,427.0,427.0,,Sebamed Baby Childern's Shampoo Baby Boys & Baby Girls,0.0
,,baby,670.0,67.0,999.0,329.0,,Fareto Baby Mosquito Net Bed(0-6 Months) (Pink) print c...,67.07
,,baby,21.0,10.0,200.0,179.0,,Himalaya New Baby Powder,10.5
,,baby,0.0,0.0,849.0,849.0,,"Bambo Nature Size 5, 12-18 kg, Pants Style, XL, 19 Coun...",0.0
,,baby,520.0,74.0,699.0,179.0,,Mee&Mommy MANICURE-KIT,74.39
,,baby,0.0,0.0,1398.0,1398.0,,Pampers Baby Dry Size-XXL(15-25 Kg) 28+28 Diaper Pants ...,0.0
,,baby,0.0,0.0,429.0,429.0,,Himalaya GENTLE BABY WIPES 48 WIPES (PACK OF 3),0.0
,,baby,0.0,0.0,849.0,849.0,,"Bambo Nature Size 6, 18+ kg, Pants Style, XXL Size, 18 ...",0.0
,,baby,86.0,14.0,595.0,509.0,,Philips Avent Toddler Spout Cup With Twin Handle,14.45
,,baby,2.0,0.0,400.0,398.0,,Origami Wet Wipes Assorted Fragrance,0.5
,,baby,900.0,25.0,3599.0,2699.0,,Little Kids Musical Activity Walker,25.01
,,baby,825.0,75.0,1099.0,274.0,,Manzon Track Pant For Boys & Girls,75.07
,,baby,300.0,50.0,599.0,299.0,,topsale Chu Chu Bath Toys for Baby Non-Toxic Toddler Se...,50.08
,,baby,1215.0,81.0,1499.0,284.0,,SHOPINGZ NOW Velvet Bedding Set,81.05
,,baby,101.0,33.0,299.0,198.0,,SEASPIRIT Automatic Toothpaste Dispenser With 5 Toothbr...,33.78
,,baby,174.0,58.0,299.0,125.0,,First Trend Silicone Baby fruit Feeder Feeder,58.19
,,baby,563.0,43.0,1296.0,733.0,,"Dignity Poochie 100% Biodegradable Baby Wipes, 150 x 20...",43.44
,,baby,2.0,1.0,129.0,127.0,,BELLA COTTON COSMETIC BALLS COLOURED,1.55
,,baby,0.0,0.0,610.0,610.0,,Philips Avent Anti Colic - 520 ml,0.0
,,baby,2001.0,80.0,2500.0,499.0,,My New Born Cartoon Single Hooded Baby Blanket,80.04
,,baby,119.0,37.0,318.0,199.0,,Bey Bee : Paraben Free 98% Water Based Baby Wipes For N...,37.42
,,baby,120.0,15.0,799.0,679.0,,"MeeMee Anti-Bacterial Baby Liquid Cleanser for Fruits, ...",15.02
,,baby,0.0,0.0,157.0,157.0,,Nestle Nestum Rice Vegetables Cereal,0.0
,,baby,179.0,26.0,678.0,499.0,,Bey Bee Cotton Baby Bed Protecting Mat,26.4
,,baby,25.0,12.0,199.0,174.0,,Baby Dove Rich Moisture Massage Oil,12.56
,,baby,25.0,10.0,249.0,224.0,,Mamaearth Easy Tummy Roll On for Digestion and Colic Re...,10.04
,,baby,0.0,0.0,720.0,720.0,,Nestle Nan Excella Pro Follow-up Formula Powder (Stage ...,0.0
,,baby,360.0,45.0,799.0,439.0,,Icable Dungaree For Boys Applique Cotton Blend,45.06
,,baby,98.0,15.0,649.0,551.0,,MeeMee Anti-Bacterial Baby Liquid Cleanser (1.2L) Liqui...,15.1
,,baby,2.0,0.0,739.0,737.0,,BELLA BABY HAPPY DIAPERS - XL,0.27
,,baby,338.0,59.0,566.0,228.0,,ae Silicone Baby fruit Feeder/BPA Free/Food Feeder/Sili...,59.72
,,baby,25.0,10.0,249.0,224.0,,Mamaearth India's First Organic Bamboo Based Baby Wipes...,10.04
,,baby,150.0,18.0,799.0,649.0,,Bambo Nature Tape Diapers 2-4 kgs - New Born,18.77
,,baby,0.0,0.0,390.0,390.0,,Philips Avent NATURAL 2.0 BOTTLE 125ml Single - 125 ml,0.0
,,baby,240.0,60.0,399.0,159.0,,"AASA Baby Soft Powder Puff Box, Baby Powder Puff With C...",60.15
,,baby,0.0,0.0,696.0,696.0,,Honey Boo 3 in 1 Three Head Cartoon Printed Baby Steel ...,0.0
,,baby,0.0,0.0,799.0,799.0,,Pampers Premium Care Pant Diapers - S,0.0
,,books,191.0,63.0,299.0,108.0,,Writing Fun-Set of 4 Books,63.88
,,books,60.0,20.0,299.0,239.0,,Death; An Inside Story,20.07
,,books,145.0,18.0,775.0,630.0,,Pathfinder Nda/Na National Defence Academy & Naval Acad...,18.71
,,books,68.0,34.0,199.0,131.0,,Attitude Is Everything: Change Your Attitude ... Change...,34.17
,,books,235.0,44.0,525.0,290.0,,25 Years Upsc IAS/ Ips Prelims Topic-Wise Solved Papers...,44.76
,,books,69.0,23.0,300.0,231.0,,Cbse Chapterwise Solved Papers 2019-2020 Physics Class ...,23.0
,,books,15.0,3.0,430.0,415.0,,Concepts of Phyics: v. 1,3.49
,,books,400.0,44.0,899.0,499.0,,My First Library - Boxset of 10 Board Books,44.49
,,books,219.0,27.0,800.0,581.0,,Indian Polity 5 Edition,27.38
,,books,40.0,20.0,195.0,155.0,,Alchemist,20.51
,,books,90.0,20.0,449.0,359.0,,Nta UGC Paper 1 Teaching and Research Aptitude,20.04
,,books,100.0,33.0,299.0,199.0,,Man's Search For Meaning: The classic tribute to hope f...,33.44
,,books,169.0,24.0,695.0,526.0,,Indian Art and Culture,24.32
,,books,96.0,32.0,299.0,203.0,,Rich Dad Poor Dad,32.11
,,books,80.0,40.0,199.0,119.0,,The Girl in Room 105,40.2
,,books,60.0,24.0,250.0,190.0,,Life's Amazing Secrets,24.0
,,books,267.0,38.0,699.0,432.0,,Atomic Habits,38.2
,,books,82.0,28.0,285.0,203.0,,Objective General English,28.77
,,books,88.0,39.0,225.0,137.0,,The Monk Who Sold His Ferrari,39.11
,,books,35.0,20.0,175.0,140.0,,Word Power Made Easy - The Complete Handbook for Buildi...,20.0
,,books,40.0,20.0,199.0,159.0,,Wish I Could Tell You,20.1
,,books,11.0,11.0,100.0,89.0,,NCERT Flamingo And Vistas Supplementary Reader Textbook...,11.0
,,books,154.0,38.0,399.0,245.0,,You Can Win,38.6
,,books,78.0,28.0,275.0,197.0,,Cbse Chemistry Chapterwise Solved Papers Class 12 2019-...,28.36
,,books,148.0,44.0,330.0,182.0,,Cbse Chapterwise Solved Papers 2019-2010 Mathematics Cl...,44.85
,,books,130.0,32.0,399.0,269.0,,India's Struggle For Independence,32.58
,,books,150.0,30.0,499.0,349.0,,A Thousand Splendid Suns,30.06
,,books,40.0,20.0,199.0,159.0,,The Power of Your Subconscious Mind,20.1
,,books,50.0,20.0,250.0,200.0,,Wise & Otherwise,20.0
,,books,74.0,16.0,440.0,366.0,,All in One English Language & Literature Cbse Class 10 ...,16.82
,,books,125.0,35.0,350.0,225.0,,ALCHEMIST,35.71
,,books,232.0,29.0,775.0,543.0,,Pathfinder Cds Combined Defence Services Entrance Exami...,29.94
,,books,24.0,12.0,199.0,175.0,,The Monk Who Sold His Ferrari,12.06
,,books,105.0,35.0,299.0,194.0,,Rich Dad Poor Dad,35.12
,,books,44.0,23.0,189.0,145.0,,Word Power Made Easy,23.28
,,books,50.0,20.0,250.0,200.0,,Eat that Frog! - 21 Great Ways to Stop Procastinating a...,20.0
,,books,159.0,21.0,735.0,576.0,,Bharat Ki Rajvyavastha,21.63
,,books,113.0,37.0,299.0,186.0,,Inner Engineering - A Yogi's Guide to Joy,37.79
,,books,0.0,0.0,645.0,645.0,,Mathematics for Class 11 Examination 2020-2021,0.0
,,books,50.0,20.0,250.0,200.0,,Something I Never Told You,20.0
,,books,34.0,10.0,325.0,291.0,,Certificate Physical and Human Geography,10.46
,,books,106.0,30.0,350.0,244.0,,The 5 AM Club,30.29
,,books,10.0,6.0,150.0,140.0,,THE DIARY OF A YOUNG GIRL,6.67
,,books,72.0,8.0,859.0,787.0,,Anthropology,8.38
,,books,105.0,30.0,350.0,245.0,,The NAMESAKE,30.0
,,books,269.0,56.0,480.0,211.0,,Srimad Bhagavad Gita As It Is : HINDI-2016- New Edition...,56.04
,,books,24.0,20.0,120.0,96.0,,General Knowledge 2021,20.0
,,books,80.0,41.0,195.0,115.0,,Great Stories for Children,41.03
,,books,800.0,47.0,1699.0,899.0,,IMU CET Exam Full Package,47.09
,,books,50.0,20.0,250.0,200.0,,Turning Points : A Journey Through Challanges,20.0
,,books,69.0,30.0,225.0,156.0,,Secrets of the Millionare Mind,30.67
,,books,135.0,30.0,450.0,315.0,,India Since Independence,30.0
,,books,98.0,33.0,290.0,192.0,,IIT- JAM Joint Admission Test for M.Sc. Mathematics 15 ...,33.79
,,books,40.0,20.0,199.0,159.0,,Think and Grow Rich,20.1
,,books,83.0,36.0,225.0,142.0,,Essential English Grammar,36.89
,,books,29.0,14.0,199.0,170.0,,Roses Are Blood Red,14.57
,,books,173.0,20.0,825.0,652.0,,Indian Polity,20.97
,,books,60.0,20.0,299.0,239.0,,India's Most Fearless 2,20.07
,,books,40.0,11.0,350.0,310.0,,IIT-JAM Joint Admission Test for M.Sc. from IITs Biotec...,11.43
,,books,150.0,30.0,499.0,349.0,,Everything is F*cked : - A Book About Hope,30.06
,,books,35.0,13.0,265.0,230.0,,Set Of Indian Army NER Soldier GD General Duty Recruitm...,13.21
,,books,49.0,24.0,199.0,150.0,,The Theory Of Everything,24.62
,,books,21.0,10.0,200.0,179.0,,"UPTET & CTETs Child Development & Education 
Knowledge ...",10.5
,,books,18.0,10.0,175.0,157.0,,Sochiye Aur Ameer Baniye,10.29
,,books,320.0,24.0,1299.0,979.0,,Target High,24.63
,,books,0.0,0.0,985.0,985.0,,Mathematics for Class 12,0.0
,,books,150.0,30.0,499.0,349.0,,Annihilation of Caste,30.06
,,books,50.0,20.0,250.0,200.0,,I've Never Been (Un)Happier,20.0
,,books,0.0,0.0,795.0,795.0,,Criminal Procedure - R.V. Kelkar's Criminal Procedure,0.0
,,books,43.0,21.0,199.0,156.0,,Who Will Cry When You Die?,21.61
,,books,105.0,30.0,350.0,245.0,,LOOKING FOR ALASKA,30.0
,,books,61.0,34.0,175.0,114.0,,You are the Best Wife,34.86
,,books,15.0,2.0,525.0,510.0,,Law of Torts with Consumer Protection Act,2.86
,,books,123.0,22.0,550.0,427.0,,Ancient and Medieval India,22.36
,,books,35.0,11.0,300.0,265.0,,The Malayala Manorama English Yearbook 2020,11.67
,,books,91.0,45.0,199.0,108.0,,Inner Engineering (Hindi),45.73
,,books,259.0,32.0,799.0,540.0,,The World's Favourite,32.42
,,books,114.0,38.0,299.0,185.0,,Rich Dad Poor Dad,38.13
,,books,151.0,27.0,541.0,390.0,,Odisha D.El.Ed(CT) Entrance Guide 2020,27.91
,,books,180.0,30.0,599.0,419.0,,The Power of Habit,30.05
,,books,35.0,20.0,175.0,140.0,,Why I am an Atheist and Other Works,20.0
,,books,40.0,10.0,400.0,360.0,,1001 Activities Book,10.0
,,books,251.0,55.0,450.0,199.0,,Bhagavad Gita Yatharoop,55.78
,,books,56.0,19.0,285.0,229.0,,Challenges to Internal Security of India,19.65
,,books,161.0,40.0,399.0,238.0,,Ram - Scion of Ikshvaku,40.35
,,books,50.0,20.0,250.0,200.0,,Train to Pakistan,20.0
,,books,133.0,33.0,399.0,266.0,,Ctet & Stets Paper 1 and Paper 2 Both,33.33
,,books,25.0,10.0,250.0,225.0,,The 5 AM Club,10.0
,,books,59.0,29.0,199.0,140.0,,Will You Still Love Me?,29.65
,,books,165.0,35.0,465.0,300.0,,41 Years' Chapterwise Topicwise Solved Papers (2019-197...,35.48
,,books,19.0,8.0,230.0,211.0,,Lucent Samanya Gyan & Arihant Samanya Gyan 2020,8.26
,,books,50.0,20.0,250.0,200.0,,India's Most Fearless,20.0
,,books,187.0,25.0,725.0,538.0,,Bharat Ki Rajvyavastha,25.79
,,books,238.0,28.0,850.0,612.0,,10000+ Objective MCQS with Explanatory Notes for Genera...,28.0
,,books,41.0,18.0,216.0,175.0,,Lucent's - General Knowledge 2019 Edition,18.98
,,books,20.0,20.0,99.0,79.0,,Time Management,20.2
,,books,69.0,30.0,225.0,156.0,,Badi Shoch Ka Bada Jadu,30.67
,,books,60.0,24.0,250.0,190.0,,"Think and Grow Rich - Magic Formula for Success, Wealth...",24.0
,,books,9.0,4.0,199.0,190.0,,The Power of your Subconscious Mind,4.52
,,books,23.0,11.0,195.0,172.0,,The Power of Your Subconscious Mind,11.79
,,books,111.0,31.0,350.0,239.0,,HOW TO TALK TO ANYONE,31.71
,,books,35.0,20.0,175.0,140.0,,The Girl Who Knew Too Much - What if the Loved One You ...,20.0
,,books,128.0,31.0,410.0,282.0,,All in One Social Science Class Class 9 2019-20,31.22
,,books,151.0,21.0,700.0,549.0,,Objective NCERT at your Fingertips for NEET-AIIMS - Che...,21.57
,,books,101.0,33.0,300.0,199.0,,7 Years UPSC [IAS/IPS MAINS] GENERAL STUDIES,33.67
,,books,139.0,33.0,410.0,271.0,,41 Years' Chapterwise Topicwise Solved Papers (2019-197...,33.9
,,books,120.0,30.0,399.0,279.0,,One Hundred Years of Solitude,30.08
,,books,131.0,37.0,350.0,219.0,,Jeet Aapki,37.43
,,books,161.0,20.0,785.0,624.0,,Modern Indian History With A Primer On Post Independenc...,20.51
,,books,31.0,20.0,150.0,119.0,,Life is What You Make it,20.67
,,books,150.0,30.0,499.0,349.0,,Jaya,30.06
,,books,25.0,10.0,250.0,225.0,,Objective Type Questions on Farm Machinery & Power And ...,10.0
,,books,180.0,36.0,499.0,319.0,,The Kite Runner,36.07
,,books,135.0,30.0,450.0,315.0,,The The Magic,30.0
,,books,66.0,15.0,423.0,357.0,,Xam Idea Complete Course Social Science for Cbse Class ...,15.6
,,books,11.0,36.0,30.0,19.0,,General Knowledge 2021,36.67
,,books,91.0,36.0,250.0,159.0,,"Three Thousand Stitches - Ordinary People, Extraordinar...",36.4
,,books,126.0,8.0,1495.0,1369.0,,"Diseases of Ear, Nose and Throat",8.43
,,books,51.0,17.0,299.0,248.0,,Oxford Student Atlas for India,17.06
,,books,81.0,36.0,225.0,144.0,,"Business School (only Book, Without Audio Cd)",36.0
,,books,127.0,28.0,450.0,323.0,,Bharat Nehru Ke Baad,28.22
,,books,150.0,30.0,499.0,349.0,,Light from Many Lamps,30.06
,,books,120.0,30.0,399.0,279.0,,Angels And Demons,30.08
,,books,242.0,25.0,940.0,698.0,,COMBO: CSIR-JRF-NET: Life Sciences Fundamentals And Pra...,25.74
,,books,70.0,25.0,280.0,210.0,,Englishwale.com English Speaking Course Book,25.0
,,books,107.0,30.0,350.0,243.0,,Bechana Seekho Aur Safal Bano,30.57
,,books,126.0,28.0,450.0,324.0,,IAS Mains Chapterwise Solved Papers General Studies 202...,28.0
,,books,120.0,30.0,399.0,279.0,,How to Read a Book,30.08
,,books,65.0,21.0,300.0,235.0,,32 Years Chapterwise Solution (1998-2019) Neet Biology,21.67
,,books,199.0,28.0,699.0,500.0,,Physics for Joint Entrance Examination Jee (Advanced) E...,28.47
,,books,250.0,41.0,599.0,349.0,,Norwegian Wood,41.74
,,books,330.0,34.0,950.0,620.0,,THREE BOOKS COMBO OF 32 Years NEET-AIPMT Chapterwise So...,34.74
,,books,120.0,29.0,410.0,290.0,,All in One Science Cbse Class 9 2019-20 - Book,29.27
,,books,360.0,25.0,1410.0,1050.0,,Comprehensive Ophthalmology - comprehensive ophthalmolo...,25.53
,,books,7.0,1.0,450.0,443.0,,T.S. Grewal's Double Entry Book Keeping: Accounting for...,1.56
,,books,40.0,20.0,199.0,159.0,,The Belated Bachelor Party,20.1
,,books,0.0,0.0,498.0,498.0,,Problems in Physical Chemistry for Jee (Main & Advanced...,0.0
,,books,280.0,40.0,699.0,419.0,,Harry Potter and the Deathly Hallows,40.06
,,books,167.0,23.0,699.0,532.0,,The Palace of Illusions: 10th Anniversary Edition,23.89
,,books,2.0,0.0,250.0,248.0,,The Orient Blackswan Atlas for Competitive Exams,0.8
,,books,144.0,29.0,490.0,346.0,,All in One Chemistry Cbse Class 11 2019-20,29.39
,,books,55.0,27.0,199.0,144.0,,"Wake Up, Life is Calling",27.64
,,books,48.0,27.0,175.0,127.0,,Her Last Wish,27.43
,,books,31.0,8.0,380.0,349.0,,The English Acumen Grammar + Vocabulary + Comprehension,8.16
,,books,40.0,20.0,199.0,159.0,,Ignited Minds - Unleashing the Power within India,20.1
,,books,7.0,1.0,440.0,433.0,,Concepts of Physics 2 1st  Edition,1.59
,,books,184.0,36.0,499.0,315.0,,Ikigai - The Japanese Secret to a Long and Happy Life,36.87
,,books,105.0,30.0,350.0,245.0,,"MEN ARE FROM MARS, WOMEN ARE FROM VENUS",30.0
,,books,0.0,0.0,350.0,350.0,,Angels & Demons,0.0
,,books,195.0,28.0,695.0,500.0,,How to Prepare for Logical Reasoning for CAT,28.06
,,books,32.0,16.0,200.0,168.0,,"Bahut Door, Kitna Door Hota Hai (Hindi)",16.0
,,books,165.0,34.0,485.0,320.0,,Success Master Ctet Paper-I Class 1 to 5 2020,34.02
,,books,17.0,8.0,195.0,178.0,,Biology - Textbook For Class 12,8.72
,,books,322.0,42.0,750.0,428.0,,The Official Cambridge Guide to Ielts Student's Book wi...,42.93
,,books,150.0,30.0,499.0,349.0,,ALL THE LIGHT WE CANNOT SEE,30.06
,,books,179.0,44.0,399.0,220.0,,The House with the Green Roof,44.86
,,books,150.0,37.0,399.0,249.0,,The Immortals of Meluha,37.59
,,books,152.0,21.0,699.0,547.0,,Mechanical Engineering,21.75
,,books,106.0,35.0,295.0,189.0,,My Gita,35.93
,,books,44.0,29.0,150.0,106.0,,"Because Life is a Gift - Stories of Hope, Courage and P...",29.33
,,books,41.0,16.0,250.0,209.0,,Important Judgements That Transformed India,16.4
,,books,94.0,20.0,450.0,356.0,,Bharat,20.89
,,books,216.0,18.0,1200.0,984.0,,Mathematics For Class -12 By R D Sharma (Set Of 2 Volum...,18.0
,,books,139.0,29.0,465.0,326.0,,Fast Track Objective Arithmetic,29.89
,,books,95.0,13.0,715.0,620.0,,General Practice,13.29
,,books,113.0,25.0,449.0,336.0,,Nta UGC- Net/Set/Jrf Paper I - Teaching and Research Ap...,25.17
,,books,8.0,5.0,139.0,131.0,,Indian Army NER Soldier GD General Duty Recruitment Exa...,5.76
,,books,7.0,5.0,137.0,130.0,,Indian Army NER Soldier GD General Duty Recruitment Exa...,5.11
,,books,214.0,44.0,480.0,266.0,,Target Viteee 2020 - Past 14 Years (2019-2006) Solved P...,44.58
,,books,117.0,30.0,390.0,273.0,,Nta UGC Net/Jrf/Slet General Paper-1 Teaching & Researc...,30.0
,,books,130.0,27.0,465.0,335.0,,41 Years' Chapterwise Topicwise Solved Papers (2019-197...,27.96
,,books,119.0,35.0,335.0,216.0,,151 Essays,35.52
,,books,28.0,20.0,140.0,112.0,,Objective Computer Awareness,20.0
,,books,40.0,20.0,199.0,159.0,,Miss & Chief My First Book of Patterns - Pencil Control,20.1
,,books,221.0,13.0,1695.0,1474.0,,FMGE Solutions for MCI Screening Examination,13.04
,,books,120.0,30.0,399.0,279.0,,The Forest of Enchantments,30.08
,,books,30.0,17.0,170.0,140.0,,Epfo Enforcement Officer Account Officer 2nd Edition,17.65
,,books,5.0,0.0,504.0,499.0,,Business Studies For Class-12 By Poonam Gandhi For ( 20...,0.99
,,books,3.0,0.0,365.0,362.0,,Physical Geography,0.82
,,books,141.0,23.0,600.0,459.0,,ICAR AIEEA UG 2020 English Edition,23.5
,,books,206.0,34.0,599.0,393.0,,When Breath Becomes Air,34.39
,,books,40.0,20.0,199.0,159.0,,How to Win Friends and Influence People,20.1
,,books,236.0,26.0,899.0,663.0,,Mathematics for Joint Entrance Examination Jee (Advance...,26.25
,,books,138.0,34.0,399.0,261.0,,The Secret of the Nagas,34.59
,,books,81.0,22.0,360.0,279.0,,Blackbook Of English Vocabulary (SSC Vocabulary) New Ed...,22.5
,,books,40.0,20.0,199.0,159.0,,The Magic Of The Lost Temple,20.1
,,books,150.0,42.0,349.0,199.0,,My First 1000 Words,42.98
,,books,110.0,27.0,400.0,290.0,,15 years Karnataka CET Chapterwise Solutions PCM,27.5
,,books,150.0,30.0,499.0,349.0,,The Forty Rules of Love,30.06
,,books,181.0,43.0,415.0,234.0,,A Brief History of Modern India,43.61
,,books,0.0,0.0,245.0,245.0,,Indian Economic Development for Class 12 (Examination 2...,0.0
,,books,135.0,30.0,450.0,315.0,,Being Love: Creating Beautiful Relationships,30.0
,,books,100.0,20.0,499.0,399.0,,Moonwalking with Einstein : The Art and,20.04
,,books,0.0,0.0,199.0,199.0,,How to Win Friends and Influence People - The First and...,0.0
,,books,300.0,30.0,999.0,699.0,,Becoming,30.03
,,books,200.0,23.0,850.0,650.0,,Objective NCERT at your FINGERTIPS for NEET-AIIMS - Bio...,23.53
,,books,41.0,24.0,169.0,128.0,,Pitman Shorthand Instructor And Key 1st  Edition,24.26
,,books,112.0,28.0,399.0,287.0,,25 Years' Chapterwise Solved Questions IAS Pre General ...,28.07
,,books,270.0,38.0,699.0,429.0,,The Discovery of India,38.63
,,books,5.0,1.0,360.0,355.0,,Drishti Ias Mains Solved Papers,1.39
,,books,20.0,10.0,185.0,165.0,,Who Will Cry When You Die?,10.81
,,books,140.0,24.0,565.0,425.0,,Bharat Ka Bhugol: Civil Seva/Rajya Seva Ki Prarambhik E...,24.78
,,books,42.0,9.0,429.0,387.0,,Together with Social Science Study Material for Class 1...,9.79
,,books,109.0,15.0,695.0,586.0,,Objective Physics for Neet 2020,15.68
,,books,80.0,20.0,399.0,319.0,,All the Bright Places,20.05
,,books,251.0,28.0,895.0,644.0,,How to Prepare for Verbal Ability and Reading Comprehen...,28.04
,,books,40.0,20.0,199.0,159.0,,Autobiography of a Yogi,20.1
,,books,93.0,30.0,310.0,217.0,,Bank PO Solved Papers English Language 2020,30.0
,,books,121.0,10.0,1120.0,999.0,,The Original Rider Waite Tarot Deck,10.8
,,books,115.0,16.0,699.0,584.0,,Harry Potter and the Half-Blood Prince,16.45
,,books,148.0,37.0,399.0,251.0,,Rahasya / The Secret,37.09
,,books,79.0,32.0,245.0,166.0,,Encyclopedia of General Science for General Competition...,32.24
,,books,38.0,15.0,250.0,212.0,,Something Happened On The Way To Heaven,15.2
,,books,187.0,29.0,625.0,438.0,,Guide for Nift/Nid/Iift 2021,29.92
,,books,0.0,0.0,570.0,570.0,,Modern Approach to Chemical Calculations,0.0
,,books,157.0,10.0,1479.0,1322.0,,Guide To JAIIB Legal Aspects Principles Of Banking & Ac...,10.62
,,books,1621.0,38.0,4250.0,2629.0,,Harry Potter BoxSet 2014,38.14
,,books,105.0,30.0,350.0,245.0,,FREAKONOMICS - A Rogue Economist Explores the Hidden Si...,30.0
,,books,97.0,29.0,325.0,228.0,,Pyjamas are Forgiving,29.85
,,books,90.0,18.0,500.0,410.0,,The Power of Your Subconscious Mind,18.0
,,books,0.0,0.0,170.0,170.0,,The Power of Your Subconscious Mind,0.0
,,books,126.0,28.0,450.0,324.0,,Indian Economy,28.0
,,books,661.0,42.0,1540.0,879.0,,"NCERT SAR UPSC COMBO, NCERT SAR Bhartiya Arthvyavastha ...",42.92
,,books,50.0,20.0,250.0,200.0,,Peppa Pig: Little Library,20.0
,,books,195.0,13.0,1494.0,1299.0,,Think and Grow Rich,13.05
,,books,200.0,22.0,899.0,699.0,,Think and Grow Rich - Unabridged Text of First Edition,22.25
,,books,19.0,9.0,195.0,176.0,,"Think and Grow Rich - Magic Formula for Success, Wealth...",9.74
,,books,430.0,28.0,1509.0,1079.0,,Think and Grow Rich,28.5
,,books,518.0,22.0,2308.0,1790.0,,Think and Grow Rich,22.44
,,books,220.0,29.0,749.0,529.0,,"Think and Grow Rich - Magic Formula for Success, Wealth...",29.37
,,books,360.0,28.0,1259.0,899.0,,Think and Grow Rich,28.59
,,books,19.0,5.0,374.0,355.0,,Oxford School ATLAS - Highly Detailed Maps Latest Relia...,5.08
,,books,55.0,18.0,299.0,244.0,,"7 Mindsets for Success, Happiness and Fulfillment - Unl...",18.39
,,books,180.0,30.0,599.0,419.0,,The Forest of Enchantments,30.05
,,books,90.0,18.0,480.0,390.0,,NEET Most Wanted Biology: 40 Day Revision Plan For NEET...,18.75
,,books,24.0,9.0,245.0,221.0,,Believe in Yourself,9.8
,,books,14.0,9.0,145.0,131.0,,Believe in Yourself,9.66
,,books,90.0,27.0,329.0,239.0,,Believe in Yourself,27.36
,,books,76.0,25.0,299.0,223.0,,Chanakya Neeti,25.42
,,books,174.0,34.0,499.0,325.0,,The Subtle Art of Not Giving a F*ck - A Counterintuitiv...,34.87
,,books,40.0,20.0,199.0,159.0,,ONE MINUTE MANAGER,20.1
,,books,300.0,30.0,999.0,699.0,,Breaking India,30.03
,,books,170.0,18.0,899.0,729.0,,"Textbook of Anatomy Head, Neck, and Brain; Volume III",18.91
,,books,60.0,20.0,299.0,239.0,,Without Fear,20.07
,,books,45.0,30.0,150.0,105.0,,Flowers on the Path,30.0
,,books,135.0,36.0,375.0,240.0,,UGC NET JRF SLET General Paper-1 Teaching and Research ...,36.0
,,books,172.0,36.0,465.0,293.0,,Fast Track Objective Arithmetic 2012,36.99
,,books,25.0,10.0,250.0,225.0,,"Men are from Mars, Women are from Venus",10.0
,,books,115.0,25.0,460.0,345.0,,Play With Advanced Maths By Abhinay Sharma,25.0
,,books,100.0,20.0,499.0,399.0,,The Book Thief,20.04
,,books,270.0,30.0,899.0,629.0,,"Romancing the Balance Sheet: For Anyone Who Owns, Runs ...",30.03
,,books,80.0,20.0,399.0,319.0,,The Very Hungry Caterpillar: Touch and Feel Playbook,20.05
,,books,40.0,20.0,199.0,159.0,,Mind is Your Business / Body the Greatest Gadget,20.1
,,books,2.0,1.0,130.0,128.0,,Indian Army NER Soldier GD General Duty Recruitment Exa...,1.54
,,books,150.0,25.0,599.0,449.0,,The Intelligent Investor,25.04
,,books,22.0,9.0,235.0,213.0,,How to Crack Test of Reasoning- Revised Edition,9.36
,,books,480.0,60.0,799.0,319.0,,Colouring Books for Kids (Set of 12 Books),60.08
,,books,210.0,30.0,699.0,489.0,,Harry Potter and the Goblet of Fire,30.04
,,books,92.0,41.0,220.0,128.0,,28 Mock Test Series for Olympiads Class 3,41.82
,,books,41.0,11.0,350.0,309.0,,A Man Called Ove,11.71
,,books,62.0,13.0,450.0,388.0,,Before Memory Fades,13.78
,,books,105.0,30.0,350.0,245.0,,VERONIKA DECIDES TO DIE,30.0
,,books,115.0,35.0,325.0,210.0,,Cbse English Core Chapterwise Solved Papers Class 12 20...,35.38
,,books,184.0,29.0,615.0,431.0,,"Ncert Solutions Physics,Chemistry,Mathematics Class 12t...",29.92
,,books,39.0,18.0,215.0,176.0,,21st Shatabdi Mein Anthrashtriya Sambandh,18.14
,,books,173.0,15.0,1095.0,922.0,,Ghai Essential Pediatrics - Ghai Essential Pediatrics,15.8
,,books,40.0,20.0,199.0,159.0,,Half Torn Hearts,20.1
,,books,197.0,30.0,640.0,443.0,,Nta UGC Net Education 2019,30.78
,,books,100.0,33.0,299.0,199.0,,Dharmayoddha Kalki - Avatar of Vishnu Book 1,33.44
,,books,340.0,28.0,1189.0,849.0,,Think and Grow Rich,28.6
,,books,109.0,21.0,499.0,390.0,,Oswaal Cbse Question Bank Class 10 Science Book Chapter...,21.84
,,books,0.0,0.0,385.0,385.0,,Themes in Indian History for Class - 12 (Set of 3 Parts...,0.0
,,books,56.0,18.0,299.0,243.0,,The Rudest Book Ever,18.73
,,books,314.0,39.0,799.0,485.0,,An Era of Darkness - the ugly truth about british rule ...,39.3
,,books,330.0,33.0,999.0,669.0,,PRINCIPAL UPANISADS,33.03
,,books,47.0,20.0,235.0,188.0,,How to Crack Test of Reasoning- Revised Edition,20.0
,,books,85.0,40.0,210.0,125.0,,Banking Awareness for SBI & IBPS Bank Clerk/ PO/ RRB/ R...,40.48
,,books,153.0,34.0,450.0,297.0,,All in One Mathematics CBSE Class 10 2019-20,34.0
,,books,310.0,15.0,1980.0,1670.0,,Bank Financial Management And Advanced Bank Management ...,15.66
,,books,27.0,20.0,135.0,108.0,,Jeetna Hai to Jid Karo,20.0
,,books,97.0,29.0,325.0,228.0,,Jawahar Navodaya Vidyalaya Entrance Exam 2021 Class 6,29.85
,,books,279.0,31.0,899.0,620.0,,Physics for Joint Entrance Examination Jee (Advanced) M...,31.03
,,books,120.0,30.0,399.0,279.0,,The Fountainhead,30.08
,,books,225.0,30.0,750.0,525.0,,Ivory Throne: Chronicles of the House of Travancore,30.0
,,books,98.0,28.0,345.0,247.0,,Pearson IIT Foundation Series Class 6 mathematics|2020 ...,28.41
,,books,124.0,22.0,549.0,425.0,,CENGAGE PHYSICS MAGNETISM & ELECTROMAGNETIC INDUCTION(E...,22.59
,,books,121.0,18.0,650.0,529.0,,Mathematics for NDA And NA (R.S. Aggarwal),18.62
,,books,22.0,14.0,150.0,128.0,,Lok Vyavhar (Hindi Translation of How to Win Friends & ...,14.67
,,books,40.0,20.0,199.0,159.0,,Jeevan Ke Adbhut Rahasya,20.1
,,books,40.0,20.0,199.0,159.0,,The Bird With Golden Wings,20.1
,,books,40.0,20.0,199.0,159.0,,If it’s Not Forever - It’s Not Love,20.1
,,books,1.0,0.0,200.0,199.0,,You Can Heal Your Life,0.5
,,books,0.0,0.0,280.0,280.0,,Oxford Student Atlas for Competitive Exams,0.0
,,books,38.0,30.0,125.0,87.0,,"Shortcuts in Reasoning (Verbal, Non-Verbal, Analytical ...",30.4
,,books,52.0,17.0,299.0,247.0,,Fire On The Mountain,17.39
,,books,192.0,38.0,499.0,307.0,,Factfulness,38.48
,,books,70.0,31.0,225.0,155.0,,The Magic of Thinking Big,31.11
,,books,22.0,12.0,175.0,153.0,,"Marry Me, Stranger",12.57
,,books,38.0,15.0,250.0,212.0,,House Of Cards,15.2
,,books,176.0,33.0,525.0,349.0,,25 Varsh Upsc IAS/ Ips Prarambhik Topic-Wise Solved Pap...,33.52
,,books,67.0,26.0,250.0,183.0,,Handbook of Physics,26.8
,,books,55.0,18.0,295.0,240.0,,Indian Airforce Airman Group 'X' (Technical Trades) 202...,18.64
,,books,1760.0,58.0,2999.0,1239.0,,Spoken English Guru Englishwale kit,58.69
,,books,40.0,20.0,199.0,159.0,,Forever is True,20.1
,,books,135.0,30.0,450.0,315.0,,You Can Heal Your Life,30.0
,,books,40.0,20.0,199.0,159.0,,I Too Had a Love Story,20.1
,,books,211.0,27.0,755.0,544.0,,Pathfinder Nda/Na National Defence Academy & Naval Acad...,27.95
,,books,128.0,14.0,875.0,747.0,,How to Prepare for Verbal Ability and Reading Comprehen...,14.63
,,books,275.0,30.0,895.0,620.0,,How to Prepare for Verbal Ability and Reading Comprehen...,30.73
,,books,70.0,13.0,525.0,455.0,,Fundamentals of Plant Physiology,13.33
,,books,52.0,13.0,399.0,347.0,,India 2020 - A Vision for the New Millennium,13.03
,,books,180.0,30.0,599.0,419.0,,Awaken The Giant Within,30.05
,,books,126.0,56.0,225.0,99.0,,How To Win Friends & Influence People - The First and S...,56.0
,,books,100.0,25.0,399.0,299.0,,Oswaal Cbse Question Bank Chapterwise & Topicwise Solve...,25.06
,,books,35.0,24.0,145.0,110.0,,Aapke Avachetan Man Ki Shakti,24.14
,,books,175.0,35.0,499.0,324.0,,Midnight's Children,35.07
,,books,22.0,12.0,175.0,153.0,,"Forget Me Not, Stranger",12.57
,,books,70.0,31.0,225.0,155.0,,21vi SADI KA VYVASAYA,31.11
,,books,100.0,20.0,499.0,399.0,,A Gentleman in Moscow,20.04
,,books,147.0,29.0,500.0,353.0,,All in One Biology Cbse Class 11 2019-20,29.4
,,books,36.0,24.0,150.0,114.0,,A Handbook for Letter Writing,24.0
,,books,162.0,28.0,570.0,408.0,,Pearson IIT Foundation Series Class 8 Mathematics,28.42
,,books,35.0,21.0,160.0,125.0,,Very First Sight Words Sentences Level - 2,21.88
,,books,40.0,20.0,199.0,159.0,,My First Book of Patterns Capital Letter,20.1
,,books,88.0,8.0,1049.0,961.0,,Marketing Management 15e (with free INDIAN CASES book),8.39
,,books,34.0,14.0,235.0,201.0,,Rapidex English for Hindi Speakers,14.47
,,books,181.0,23.0,765.0,584.0,,Wbcs General Studies Manual,23.66
,,books,5.0,5.0,100.0,95.0,,Hindi Sulekh Pustak - Bhag - 1,5.0
,,books,40.0,20.0,199.0,159.0,,Who Moved My Cheese,20.1
,,books,0.0,0.0,575.0,575.0,,Jaya,0.0
,,books,70.0,14.0,495.0,425.0,,Civil Booster Civil Engineering Hand Book With Formula ...,14.14
,,books,81.0,46.0,175.0,94.0,,It Started With A Friend Request,46.29
,,books,78.0,31.0,250.0,172.0,,Emotion & Relationships,31.2
,,books,35.0,20.0,170.0,135.0,,Epfo Pravatan Adhikari (Enforcement Officer Account Off...,20.59
,,books,154.0,34.0,445.0,291.0,,12 Years' Solved Papers Cbse Aipmt & Neet 2020,34.61
,,books,161.0,32.0,500.0,339.0,,IRRFAN KHAN,32.2
,,books,79.0,20.0,395.0,316.0,,Your Prime Minister is Dead,20.0
,,books,40.0,19.0,205.0,165.0,,Samany Hindi,19.51
,,books,105.0,30.0,350.0,245.0,,Mastering Numericals and Objectives of Physics for Clas...,30.0
,,books,51.0,12.0,399.0,348.0,,Word Power Made Easy,12.78
,,books,150.0,30.0,499.0,349.0,,12 Rules for Life,30.06
,,books,61.0,30.0,199.0,138.0,,Think & Grow Rich!,30.65
,,books,0.0,0.0,1495.0,1495.0,,Manipal Manual of Surgery,0.0
,,books,180.0,30.0,599.0,419.0,,The 7 Habits Of Highly Effective People,30.05
,,books,209.0,28.0,745.0,536.0,,Pathfinder Nda/Na National Defence Academy & Naval Acad...,28.05
,,books,90.0,20.0,450.0,360.0,,Understanding Physics for Jee Main and Advanced Electri...,20.0
,,books,22.0,12.0,175.0,153.0,,"All Yours, Stranger",12.57
,,books,115.0,34.0,330.0,215.0,,Class Notes Of Maths (English) By Rakesh Yadav Sir,34.85
,,books,187.0,25.0,745.0,558.0,,Geography of India,25.1
,,books,80.0,16.0,480.0,400.0,,NEET Most Wanted Biology: 40 Day Revision Plan For NEET...,16.67
,,books,25.0,20.0,125.0,100.0,,ESSAYS for Civil Services and Other Competitive Examina...,20.0
,,books,40.0,20.0,199.0,159.0,,Till The Last Breath . . .,20.1
,,books,25.0,14.0,170.0,145.0,,How to Win Friends & Influence People,14.71
,,books,105.0,30.0,350.0,245.0,,Bank PO Solved Papers Quantitave Aptitude 2020,30.0
,,books,74.0,32.0,230.0,156.0,,Magbook Indian & World Geography 2020,32.17
,,books,6.0,1.0,325.0,319.0,,A Competitive Book of Agriculture,1.85
,,books,50.0,20.0,250.0,200.0,,JONATHAN LIVINGSTON SEAGULL,20.0
,,books,120.0,20.0,599.0,479.0,,Surely You're Joking Mr Feynman,20.03
,,books,278.0,55.0,499.0,221.0,,Bhagavad Gita As It Is [New Edition](English),55.71
,,books,20.0,8.0,250.0,230.0,,"Here, There and Everywhere",8.0
,,books,38.0,15.0,250.0,212.0,,The Mother I Never Knew,15.2
,,books,281.0,28.0,992.0,711.0,,10 Years Solved Papers,28.33
,,books,535.0,44.0,1200.0,665.0,,Mathematics For Class -11 By R D Sharma (Set Of 2 Volum...,44.58
,,books,166.0,34.0,475.0,309.0,,Cmat 2019 - CMAT 2019 with 0 Disc,34.95
,,books,7.0,3.0,206.0,199.0,,The Great Gatsby,3.4
,,books,11.0,0.0,1150.0,1139.0,,T.S. Grewal's Double Entry Book Keeping: Accounting For...,0.96
,,books,10.0,3.0,292.0,282.0,,Workbook On Echoes ISC Collection Of Short Stories,3.42
,,books,38.0,15.0,250.0,212.0,,Peppa Pig: Fairy Tale Little Library,15.2
,,books,204.0,14.0,1449.0,1245.0,,Shaw's Textbook of Gynaecology,14.08
,,books,4.0,2.0,199.0,195.0,,Think and Grow Rich,2.01
,,books,85.0,29.0,285.0,200.0,,17 Years' Chapterwise Solutions Mathematics Jee Main 20...,29.82
,,books,217.0,14.0,1512.0,1295.0,,Combo Set For Jaiib Principles / Accounting And Legal 3...,14.35
,,books,83.0,41.0,199.0,116.0,,The Power Of Your Subconscious Mind,41.71
,,books,15.0,3.0,475.0,460.0,,"Applied Psychology, Third Edition",3.16
,,books,23.0,15.0,150.0,127.0,,How to Win Friends & Influence People - The First and S...,15.33
,,books,39.0,20.0,195.0,156.0,,How to Win Friends and Influence People - The First and...,20.0
,,books,0.0,0.0,349.0,349.0,,How To Win Friends & Influence People,0.0
,,books,79.0,20.0,395.0,316.0,,How to Win Friends and Influence People - The First and...,20.0
,,books,124.0,35.0,350.0,226.0,,Ati Parbhaawkari Logo Ki Saat Aadatei,35.43
,,books,31.0,10.0,299.0,268.0,,IIMA,10.37
,,books,87.0,32.0,265.0,178.0,,Encyclopedia of Samanya Vigyan - Sabhi Pratiyoge Pariks...,32.83
,,books,11.0,4.0,260.0,249.0,,Rapidex English Speaking Course For Early Learning,4.23
,,books,0.0,0.0,145.0,145.0,,Think and Grow Rich,0.0
,,books,100.0,16.0,599.0,499.0,,The Power of Your Subconscious Mind,16.69
,,books,5.0,2.0,250.0,245.0,,Bolna Hi Hai,2.0
,,books,554.0,69.0,799.0,245.0,,The Intelligent Investor (English) Paperback – 2013 Pap...,69.34
,,books,0.0,0.0,282.0,282.0,,ISC Workbook On REVERIE (ISC Collection Of Poems),0.0
,,books,58.0,29.0,195.0,137.0,,Babylon KA Subse Ameer Aadmi,29.74
,,books,47.0,24.0,195.0,148.0,,My Journey - Transforming Dreams into Actions,24.1
,,books,76.0,26.0,285.0,209.0,,Descriptive English,26.67
,,books,10.0,1.0,545.0,535.0,,Mathematics for Class 10,1.83
,,books,1.0,0.0,540.0,539.0,,Mathematics for Class 10,0.19
,,books,45.0,20.0,225.0,180.0,,15 Practice Sets CTET Paper-1 Class 1-5 Shikshak Ke Liy...,20.0
,,books,45.0,20.0,225.0,180.0,,Everyone Has A Story,20.0
,,books,160.0,29.0,535.0,375.0,,Face To Face CAT 27 years Sectionwise & Topicwise solve...,29.91
,,books,105.0,30.0,350.0,245.0,,Five Feet Apart,30.0
,,books,150.0,30.0,499.0,349.0,,LIGHT ON YOGA,30.06
,,books,149.0,27.0,549.0,400.0,,Mathematics for Joint Entrance Examination Jee (Advance...,27.14
,,books,99.0,19.0,499.0,400.0,,Mathematics for Joint Entrance Examination Jee (Advance...,19.84
,,books,19.0,20.0,95.0,76.0,,Angry River,20.0
,,books,154.0,28.0,545.0,391.0,,Self Study Guide Clat 2020,28.26
,,books,40.0,20.0,199.0,159.0,,"Achieve More, Succeed Faster",20.1
,,books,105.0,30.0,350.0,245.0,,THE WHITE TIGER,30.0
,,books,123.0,20.0,599.0,476.0,,Sherlock Holmes Gift Pack,20.53
,,books,134.0,28.0,470.0,336.0,,Pearson IIT Foundation Class 9 Biology|2020 Edition|By ...,28.51
,,books,535.0,15.0,3500.0,2965.0,,Cengage Maths Combo Sets Of 5 Books,15.29
,,books,315.0,24.0,1300.0,985.0,,Table Of Contents TARGET HIGH-5TH PREMIUM COLORED INTER...,24.23
,,books,32.0,16.0,195.0,163.0,,The Power Of Positive Thinking,16.41
,,books,320.0,40.0,799.0,479.0,,India After Gandhi - The History of the World's Largest...,40.05
,,books,1574.0,35.0,4474.0,2900.0,,Cengage Physics (3-Edition)(2019-20) 6-Book Set (Mech.-...,35.18
,,books,40.0,20.0,199.0,159.0,,Giant Book Series Transport Colouring Book,20.1
,,books,100.0,28.0,350.0,250.0,,Pearson IIT Foundation Series Class 9 Chemistry|2020 Ed...,28.57
,,books,0.0,0.0,425.0,425.0,,I.C.S.E. FOUNDATION MATHEMATICS CLASS-X,0.0
,,books,79.0,19.0,399.0,320.0,,Bhagavad Gita As It Is Telugu Original Edition,19.8
,,books,25.0,12.0,195.0,170.0,,Biology Class 12th,12.82
,,books,105.0,30.0,350.0,245.0,,The Boy You've Loved Reading About Box Set,30.0
,,books,100.0,20.0,499.0,399.0,,The Gene,20.04
,,books,145.0,15.0,950.0,805.0,,QRS for BDS I Year,15.26
,,books,105.0,21.0,499.0,394.0,,Oswaal Cbse Question Bank Class 10 Social Science Book ...,21.04
,,books,40.0,20.0,199.0,159.0,,The 12-Week Fitness Project,20.1
,,books,70.0,28.0,250.0,180.0,,The Story of My Experiments with Truth - Gandhi an Auto...,28.0
,,books,0.0,0.0,595.0,595.0,,"Objective Food Science (10th Edition,2020)",0.0
,,books,114.0,22.0,510.0,396.0,,Governance in India,22.35
,,books,250.0,62.0,399.0,149.0,,Rich Dad Poor Dad,62.66
,,books,86.0,28.0,299.0,213.0,,Rich Dad Poor Dad,28.76
,,books,147.0,36.0,399.0,252.0,,Rich Dad Poor Dad,36.84
,,books,174.0,43.0,399.0,225.0,,Rich Dad Poor Dad,43.61
,,books,147.0,36.0,399.0,252.0,,Rich Dad Poor Dad - What the Rich Teach Their Kids Abou...,36.84
,,books,215.0,17.0,1200.0,985.0,,Target High,17.92
,,books,84.0,16.0,499.0,415.0,,Science for Ninth Class Part 3 Biology,16.83
,,books,34.0,17.0,195.0,161.0,,Learning How To Fly - Life Lessons for the Youth,17.44
,,books,77.0,38.0,199.0,122.0,,The Perfect Us,38.69
,,books,280.0,35.0,779.0,499.0,,Physics for Joint Entrance Examination Jee (Advanced) O...,35.94
,,books,164.0,27.0,599.0,435.0,,The Tyrant’s Tomb (The Trials of Apollo Book 4),27.38
,,books,219.0,43.0,499.0,280.0,,MY SON'S INHERITANCE,43.89
,,books,89.0,29.0,299.0,210.0,,Mindset (Hindi) Paperback – Jan 2020,29.77
,,books,854.0,40.0,2100.0,1246.0,,"The Official SAT Study Guide, 2020 Edition",40.67
,,books,54.0,13.0,399.0,345.0,,How to Talk So Kids Will Listen and Listen So Kids Will...,13.53
,,books,31.0,20.0,155.0,124.0,,Samanya Budhi Avum Tarkshakti Parikshan,20.0
,,books,136.0,23.0,585.0,449.0,,Science and Technology,23.25
,,books,146.0,41.0,350.0,204.0,,Cash Flow Quadrant,41.71
,,books,0.0,0.0,195.0,195.0,,The 3 Mistakes of My Life,0.0
,,books,2.0,2.0,95.0,93.0,,The Blue Umbrella,2.11
,,books,191.0,32.0,590.0,399.0,,UPSC EPFO (Enforcement Officers/ Accounts Officers) Exa...,32.37
,,books,238.0,29.0,795.0,557.0,,Logical Reasoning and Data Interpretation for Cat,29.94
,,books,40.0,20.0,199.0,159.0,,The Boy who loved,20.1
,,books,134.0,26.0,499.0,365.0,,Business Adventures - Twelve Classic Tales from the Wor...,26.85
,,books,1.0,0.0,300.0,299.0,,BHARAT 2020 HINDI MEDIUM PRAKASHAN VIBHAG,0.33
,,books,93.0,13.0,700.0,607.0,,Trueman's UGC NET Commerce,13.29
,,books,110.0,22.0,499.0,389.0,,Sapiens,22.04
,,books,98.0,33.0,295.0,197.0,,Handbook of Chemistry,33.22
,,books,101.0,17.0,575.0,474.0,,Essential Sociology - For Civil Services Main Examinati...,17.57
,,books,168.0,22.0,750.0,582.0,,Public Administration,22.4
,,books,71.0,12.0,550.0,479.0,,Icse Understanding Mathematics - Class 10 (M L Aggarwal...,12.91
,,books,109.0,38.0,280.0,171.0,,32 Years' Chapterwise Solutions Cbse Aipmt & Neet Chemi...,38.93
,,books,252.0,29.0,850.0,598.0,,Cracking the CSAT Paper-2,29.65
,,books,278.0,33.0,835.0,557.0,,Cracking the Csat Paper-2 - Includes Solved Papers 2017...,33.29
,,books,231.0,27.0,850.0,619.0,,Cracking the CSAT Paper-2,27.18
,,books,127.0,32.0,385.0,258.0,,Study Guide for B.Arch 2020,32.99
,,books,60.0,20.0,299.0,239.0,,The Boy in the Striped Pyjamas,20.07
,,books,134.0,48.0,275.0,141.0,,Super 10 Mock Tests for NTA NEET 2020,48.73
,,books,0.0,0.0,850.0,850.0,,Netzwerk Deutsch als Fremdsprache A1 (Textbook + Workbo...,0.0
,,books,64.0,20.0,319.0,255.0,,Contemporary Literary and Cultural Theory : From Struct...,20.06
,,books,150.0,30.0,499.0,349.0,,The Essential Rumi,30.06
,,books,66.0,18.0,350.0,284.0,,Going Solo,18.86
,,books,0.0,0.0,575.0,575.0,,Shrimanyogi,0.0
,,books,89.0,29.0,300.0,211.0,,32 Years' Chapterwise Solutions Cbse Aipmt & Neet Physi...,29.67
,,books,100.0,11.0,899.0,799.0,,The 7 Habits of Highly Effective People,11.12
,,books,43.0,12.0,350.0,307.0,,IF TOMORROW COMES,12.29
,,books,85.0,34.0,250.0,165.0,,Letters from Kargil,34.0
,,books,30.0,20.0,150.0,120.0,,Ncert Exemplar Problems-Solutions Physics Class 12th - ...,20.0
,,books,150.0,30.0,500.0,350.0,,"Ncert Exemplar Problems-Solutions Physics,Chemistry,Mat...",30.0
,,books,53.0,21.0,250.0,197.0,,Judo Jodo Aur Jeeto (Network Marketing) H Hindi,21.2
,,books,150.0,23.0,650.0,500.0,,Objective Electrical Technology,23.08
,,books,112.0,28.0,399.0,287.0,,The Secret,28.07
,,books,100.0,20.0,499.0,399.0,,"Girl, Stop Apologizing",20.04
,,books,140.0,20.0,699.0,559.0,,"1Q84: Books 1, 2 and 3",20.03
,,books,140.0,20.0,699.0,559.0,,12 Rules for Life,20.03
,,books,32.0,20.0,160.0,128.0,,Banking Awareness,20.0
,,books,106.0,29.0,355.0,249.0,,UGC NET/JRF/SLET General Paper-1 Shikshan Avum Shodh Ab...,29.86
,,books,48.0,24.0,199.0,151.0,,The Power Of Positive Thinkings,24.12
,,books,76.0,13.0,575.0,499.0,,Pearson IIT Foundation Series Class 9 Physics|2020 Edit...,13.22
,,books,59.0,29.0,199.0,140.0,,Everyone Has a Story 2,29.65
,,books,74.0,17.0,415.0,341.0,,Understanding Physics For Jee Main and Advanced Mechani...,17.83
,,books,130.0,6.0,2100.0,1970.0,,Physical Education - UGC - NET Digest (Second Revised a...,6.19
,,books,150.0,60.0,249.0,99.0,,Autobiography of a Yogi,60.24
,,books,169.0,44.0,380.0,211.0,,Bhagavad Gita Yatha Rup,44.47
,,books,100.0,20.0,499.0,399.0,,Midnight's Children,20.04
,,books,80.0,21.0,380.0,300.0,,The English Acumen by Gopal Verma,21.05
,,books,17.0,3.0,485.0,468.0,,Awareness Science for Class 8,3.51
,,books,80.0,20.0,399.0,319.0,,The Burning Maze (The Trials of Apollo Book 3),20.05
,,books,48.0,24.0,196.0,148.0,,Twelfth Fail - TWELFTH FAIL with 1 Disc,24.49
,,books,24.0,12.0,199.0,175.0,,Of Course I Love You!,12.06
,,books,87.0,29.0,295.0,208.0,,Cbse Chapterwise Solved Papers 2019-2010 Biology Class ...,29.49
,,books,10.0,3.0,325.0,315.0,,Social Problems in India,3.08
,,books,350.0,35.0,1000.0,650.0,,Social Problems in India,35.0
,,books,31.0,11.0,270.0,239.0,,S.Chand's Mental Mathematics for Class 5,11.48
,,books,39.0,20.0,195.0,156.0,,How to Win Friends and Influence People,20.0
,,books,215.0,7.0,2750.0,2535.0,,CAT Test Pep Series By Arun Sharma,7.82
,,books,80.0,26.0,299.0,219.0,,Satyayoddha Kalki: Eye of Brahma (Book 2),26.76
,,books,95.0,30.0,315.0,220.0,,"UP BTC D.El.Ed 4th Semester ( Paper 1 , 2 , 3 , 4 , 5 ,...",30.16
,,books,31.0,10.0,299.0,268.0,,The Great Derangement,10.37
,,books,240.0,30.0,799.0,559.0,,Harry Potter and the Order of the Phoenix,30.04
,,books,22.0,12.0,175.0,153.0,,Can Love Happen Twice?,12.57
,,books,111.0,23.0,470.0,359.0,,Success Master Ctet Paper-I Class 1 to 5 2019,23.62
,,books,276.0,35.0,775.0,499.0,,Nta UGC Net Jrf & Set Geography Paper II,35.61
,,books,121.0,20.0,590.0,469.0,,COMBINED CDS (OTA) BOOK,20.51
,,books,13.0,14.0,90.0,77.0,,Lines and Curves (Small Letters) Part 3,14.44
,,books,120.0,30.0,399.0,279.0,,The Tattooist of Auschwitz,30.08
,,books,0.0,0.0,498.0,498.0,,Balaji Problems in Inorganic Chemistry for Jee Main & A...,0.0
,,books,104.0,28.0,370.0,266.0,,40 Days Crash Course for Neet Physics,28.11
,,books,120.0,20.0,599.0,479.0,,Who Moved My Cheese,20.03
,,books,413.0,33.0,1250.0,837.0,,Principles,33.04
,,books,110.0,20.0,550.0,440.0,,The Rebel - A Biography of Ram Jethmalani,20.0
,,books,291.0,32.0,889.0,598.0,,Mathematics for Joint Entrance Examination Jee (Advance...,32.73
,,books,150.0,30.0,499.0,349.0,,Creative Crayons Super Pack,30.06
,,books,73.0,14.0,499.0,426.0,,Half-Lion,14.63
,,books,120.0,30.0,390.0,270.0,,Tribal India 7th Revised & Updated Edition,30.77
,,books,40.0,20.0,199.0,159.0,,Can Love Happen Twice?,20.1
,,books,45.0,22.0,199.0,154.0,,This is Not Your Story,22.61
,,books,116.0,29.0,399.0,283.0,,The God of Small Things,29.07
,,books,500.0,38.0,1295.0,795.0,,The God of Small Things,38.61
,,books,45.0,15.0,295.0,250.0,,Saraswati Health And Physical Education By V K Sharma F...,15.25
,,books,58.0,27.0,210.0,152.0,,CTET and TETs Paper 1 and 2 Ke Liye Bal Vikas Avum Shik...,27.62
,,books,117.0,30.0,390.0,273.0,,16 Years Solved Papers Karnataka Cet Engineering Entran...,30.0
,,books,120.0,30.0,399.0,279.0,,The Most Important Thing: Uncommon Sense for The Though...,30.08
,,books,92.0,28.0,320.0,228.0,,Cbse All in One Ncert Based English Class 8 2020-21,28.75
,,books,100.0,33.0,299.0,199.0,,"Pregnancy Notes: Before, During & After",33.44
,,books,5.0,5.0,95.0,90.0,,Plane Trigonometry Part-1,5.26
,,books,171.0,38.0,450.0,279.0,,Fangirl,38.0
,,books,67.0,16.0,399.0,332.0,,Peppa Pig : Marvellous Magnet Book,16.79
,,books,100.0,16.0,595.0,495.0,,Secondary School Mathematics for Class 10 (Examination ...,16.81
,,books,100.0,50.0,199.0,99.0,,The great Gatsby,50.25
,,books,91.0,31.0,290.0,199.0,,Intermediate English Grammar,31.38
,,books,89.0,30.0,295.0,206.0,,The Last Lecture,30.17
,,books,90.0,36.0,249.0,159.0,,Karmabhoomi,36.14
,,books,35.0,17.0,200.0,165.0,,"Don't Lose Your Mind, Lose Your Weight - Tamil",17.5
,,books,49.0,6.0,765.0,716.0,,Limit State Design of Steel Structures,6.41
,,books,49.0,25.0,195.0,146.0,,National Cyber Olympiad - Class 3,25.13
,,books,100.0,51.0,195.0,95.0,,1984,51.28
,,books,83.0,16.0,499.0,416.0,,A Little Life,16.63
,,books,61.0,40.0,150.0,89.0,,How to Stop Worrying and Start Living,40.67
,,books,31.0,10.0,299.0,268.0,,Demigods and Magicians,10.37
,,books,119.0,28.0,425.0,306.0,,Indian Army Acc Entrance Exam,28.0
,,books,62.0,20.0,310.0,248.0,,Pride & Prejudice,20.0
,,books,151.0,37.0,399.0,248.0,,Meluha Ke Mritunjay (Immortals of Meluha Hindi),37.84
,,books,158.0,17.0,925.0,767.0,,Universal Guide To CLAT LL.B,17.08
,,books,50.0,20.0,249.0,199.0,,Designing Destiny (Hindi),20.08
,,books,42.0,24.0,175.0,133.0,,Hindi-English Expert Translator Hindi Se English Transl...,24.0
,,books,350.0,42.0,825.0,475.0,,A Complete Study Pacakage for Mca Entrances,42.42
,,books,197.0,19.0,995.0,798.0,,Medicine: Prep Manual for Undergraduates,19.8
,,books,112.0,18.0,599.0,487.0,,Find Me,18.7
,,books,212.0,24.0,850.0,638.0,,Discrete Mathematics and Its Applications,24.94
,,books,20.0,8.0,250.0,230.0,,How I Taught My Grandmother to Read (R/J,8.0
,,books,101.0,16.0,600.0,499.0,,32 Year's Neet-Aiipmt Chapterwise Solution Physics & Ch...,16.83
,,books,50.0,20.0,250.0,200.0,,"Don't Lose Your Mind, Lose Your Weight",20.0
,,books,120.0,30.0,399.0,279.0,,The Woman in the Window,30.08
,,books,145.0,24.0,595.0,450.0,,Kiran SSC Reasoning Chapterwise And Typewise Solved Pap...,24.37
,,books,66.0,18.0,350.0,284.0,,Deep Focus,18.86
,,books,260.0,40.0,650.0,390.0,,Study Guide Ntse (Mat + Sat) for Class 10th 2019-2020,40.0
,,books,46.0,5.0,795.0,749.0,,Objective NCERT at your FINGERTIPS for NEET-AIIMS - Bio...,5.79
,,books,490.0,29.0,1650.0,1160.0,,RS AGGARWAL A Modern Approach To VERBAL & Non VERBAL RE...,29.7
,,books,20.0,10.0,199.0,179.0,,THE HINDU VIEW OF LIFE,10.05
,,books,29.0,14.0,199.0,170.0,,The Spy,14.57
,,books,65.0,20.0,325.0,260.0,,The Legend of Lakshmi Prasad,20.0
,,books,379.0,21.0,1799.0,1420.0,,Main Krishna Hoon - The Complete Set of 6 Books,21.07
,,books,92.0,20.0,449.0,357.0,,Pearson NTA UGC NET/SET/JRF - Paper 1: Teaching And Res...,20.49
,,books,118.0,28.0,420.0,302.0,,Self Study Guide For LLB Entrance Examination 2020,28.1
,,books,10.0,5.0,199.0,189.0,,Shoot. Dive. Fly.,5.03
,,books,80.0,34.0,235.0,155.0,,CTET & TETs Purva Varsho Ke Hal Prashan Patre Sampuran ...,34.04
,,books,1281.0,26.0,4900.0,3619.0,,Dental Pulse,26.14
,,books,62.0,19.0,315.0,253.0,,Oxford Student Atlas for India,19.68
,,books,34.0,11.0,299.0,265.0,,Oxford Student Atlas for India,11.37
,,books,52.0,13.0,399.0,347.0,,Brave New World,13.03
,,books,0.0,0.0,125.0,125.0,,Autobiography of a Yogi,0.0
,,books,770.0,28.0,2709.0,1939.0,,Autobiography of a Yogi,28.42
,,books,730.0,28.0,2559.0,1829.0,,Autobiography of a Yogi,28.53
,,books,22.0,12.0,175.0,153.0,,The Secrets We Keep,12.57
,,books,0.0,0.0,125.0,125.0,,Indian Constitution At Work Textbook In Political Scien...,0.0
,,books,39.0,22.0,175.0,136.0,,Be My Perfect Ending,22.29
,,books,199.0,39.0,499.0,300.0,,Becoming Supernatural - How Common People Are Doing the...,39.88
,,books,12.0,6.0,200.0,188.0,,26 Years AIIMS Chapterwise Solutions -Biology,6.0
,,books,900.0,50.0,1799.0,899.0,,My First Learning Library - Boxset of 20 Board Books,50.03
,,books,40.0,20.0,199.0,159.0,,The Boy with a Broken Heart,20.1
,,books,39.0,39.0,99.0,60.0,,Black Holes: The Reith Lectures,39.39
,,books,40.0,20.0,195.0,155.0,,RELATIVITY - The Special and the General Theory,20.51
,,books,165.0,30.0,550.0,385.0,,Learn to Earn,30.0
,,books,210.0,30.0,699.0,489.0,,Early Indians: The Story of Our Ancestors and Where We ...,30.04
,,books,38.0,15.0,250.0,212.0,,The Serpent's Revenge - Unusual Tales from the Mahabhar...,15.2
,,books,124.0,20.0,599.0,475.0,,A Clash of Kings,20.7
,,books,167.0,47.0,350.0,183.0,,Tamilnadu History Books - Class Xi And Xii ( 2 Books - ...,47.71
,,books,38.0,20.0,190.0,152.0,,CTET and TETs Bhasha HINDI Paper 1 and 2 2020,20.0
,,books,120.0,20.0,599.0,479.0,,Something Like an Autobiography,20.03
,,books,50.0,20.0,250.0,200.0,,Ganit Aur Shikshan Shastra,20.0
,,books,123.0,9.0,1280.0,1157.0,,Trueman's Objective Biology for NEET - Vol. I & II Pape...,9.61
,,books,40.0,10.0,395.0,355.0,,Civil Engineering,10.13
,,books,27.0,15.0,175.0,148.0,,Quarterly Current Affairs 2020 Vol. 1 - January to Marc...,15.43
,,books,82.0,20.0,399.0,317.0,,An American Marriage,20.55
,,books,60.0,20.0,299.0,239.0,,Busy Friends,20.07
,,books,5.0,3.0,165.0,160.0,,Science A Text Book For Class 9th,3.03
,,books,60.0,20.0,300.0,240.0,,10 Very Similar Practice Sets Neet Pcb,20.0
,,books,143.0,22.0,625.0,482.0,,Pearson Iit Foundation Series - Maths - Class 9,22.88
,,books,29.0,14.0,199.0,170.0,,All Rights Reserved for You,14.57
,,books,5.0,0.0,595.0,590.0,,"Objective Food Science (10th Edition,2020)",0.84
,,books,108.0,28.0,375.0,267.0,,Mastering Numericals and Objectives of Physics for Clas...,28.8
,,books,209.0,29.0,699.0,490.0,,The 48 Laws Of Power,29.9
,,books,109.0,27.0,390.0,281.0,,Neet 12 Practice Sets 2020,27.95
,,books,59.0,16.0,350.0,291.0,,MASTER OF THE GAME,16.86
,,books,121.0,16.0,749.0,628.0,,Indian Financial System,16.15
,,books,52.0,13.0,399.0,347.0,,The Serpent's Shadow (The Kane Chronicles Book 3),13.03
,,books,94.0,15.0,599.0,505.0,,Hooked: How to Build Habit-Forming Products,15.69
,,books,0.0,0.0,150.0,150.0,,How to Win Friends and Influence People - The First and...,0.0
,,books,157.0,34.0,450.0,293.0,,B.Sc. Agriculture Entrance Exam 2020,34.89
,,books,40.0,20.0,195.0,155.0,,The 3 Mistakes of My Life,20.51
,,books,150.0,30.0,499.0,349.0,,Fault Lines,30.06
,,books,80.0,20.0,399.0,319.0,,Percy Jackson and the Last Olympian (Book 5),20.05
,,books,96.0,13.0,729.0,633.0,,Psychology,13.17
,,books,118.0,29.0,395.0,277.0,,GGSIPU B.Com Hons Guide 2020,29.87
,,books,80.0,20.0,399.0,319.0,,Percy Jackson and the Titan's Curse (Book 3),20.05
,,books,240.0,43.0,550.0,310.0,,"Amish's Ramachandra Series - Ram, Sita & Raavan",43.64
,,books,43.0,19.0,216.0,173.0,,Lucent's General Science,19.91
,,books,96.0,30.0,320.0,224.0,,Cbse All in One Ncert Based Social Science Class 8 2020...,30.0
,,books,100.0,20.0,499.0,399.0,,The Brain - The Story of You,20.04
,,books,275.0,50.0,550.0,275.0,,Reasoning & Aptitude for Gate 2020 and ESE 2020 (Prelim...,50.0
,,books,52.0,17.0,299.0,247.0,,Little World: In the City,17.39
,,books,0.0,0.0,275.0,275.0,,Practical English Grammar & Composition,0.0
,,books,74.0,37.0,199.0,125.0,,Socho Aur Amir Ho Jao,37.19
,,books,11.0,6.0,165.0,154.0,,The Financial Expert,6.67
,,books,90.0,20.0,450.0,360.0,,Rich Dad's Retire Young Retire Rich,20.0
,,books,16.0,20.0,80.0,64.0,,Ncert Practice Workbook Mathematics with Magic Class 4 ...,20.0
,,books,170.0,42.0,399.0,229.0,,Environment By SHANKAR (6th) Revised Edition 2018,42.61
,,books,73.0,37.0,195.0,122.0,,A Girl to Remember,37.44
,,books,76.0,43.0,175.0,99.0,,The Diary of a Young Girl - The Diary of a Young Girl,43.43
,,books,40.0,16.0,240.0,200.0,,The Diary of a Young Girl,16.67
,,books,170.0,28.0,599.0,429.0,,The Diary of A Young Girl,28.38
,,books,0.0,0.0,699.0,699.0,,FRANK ISC ECONOMICS CLASS-XII,0.0
,,food,7.0,12.0,55.0,48.0,,Madhur Sugar,12.73
,,food,1.0,0.0,180.0,179.0,,Rajdhani Rajma Chithra (Whole),0.56
,,food,0.0,0.0,20.0,20.0,,Tata Iodized Salt,0.0
,,food,22.0,14.0,155.0,133.0,,Emami Healthy & Tasty Kachchi Ghani Mustard Oil Plastic...,14.19
,,food,2.0,3.0,55.0,53.0,,Roxy Gold Maida,3.64
,,food,1.0,1.0,60.0,59.0,,Parry's White Label Sugar,1.67
,,food,0.0,0.0,46.0,46.0,,Maggi Masala Instant Noodles Vegetarian,0.0
,,food,59.0,46.0,128.0,69.0,,Flipkart Supermart Select Cumin Seeds (Jeera),46.09
,,food,16.0,12.0,130.0,114.0,,Fortune Sunlite Refined Sunflower Oil Pouch,12.31
,,food,3.0,2.0,114.0,111.0,,Freedom Refined Sunflower Oil Pouch,2.63
,,food,71.0,13.0,510.0,439.0,,Ananda Ghee 1 L Carton,13.92
,,food,12.0,18.0,64.0,52.0,,Tata Sampann Fine Besan,18.75
,,food,28.0,22.0,125.0,97.0,,Tata Sampann Fine Besan,22.4
,,food,1.0,5.0,20.0,19.0,,Britannia Little Hearts,5.0
,,food,0.0,0.0,25.0,25.0,,Maggi Pazzta Cheese Macaroni Pasta,0.0
,,food,15.0,20.0,75.0,60.0,,Flipkart Supermart Select Refined Wheat Flour (Maida),20.0
,,food,0.0,0.0,55.0,55.0,,Fortune Besan,0.0
,,food,14.0,10.0,130.0,116.0,,Fortune Refined Soyabean Oil Pouch,10.77
,,food,16.0,3.0,490.0,474.0,,Nandini Pure Cow Ghee 1 L Pouch,3.27
,,food,0.0,0.0,30.0,30.0,,Britannia Marie Gold Biscuits,0.0
,,food,2.0,1.0,105.0,103.0,,Sunfeast Mom's Magic Cashew & Almonds Biscuits,1.9
,,food,8.0,19.0,41.0,33.0,,Rajdhani Select Sooji,19.51
,,food,0.0,0.0,35.0,35.0,,Tata Lite Iodized Salt,0.0
,,food,321.0,50.0,640.0,319.0,,bragg ORGANIC RAW UNFILTERED APPLE CIDER VINEGAR Vinega...,50.16
,,food,9.0,8.0,104.0,95.0,,Real Fruit Juice - Litchi,8.65
,,food,17.0,22.0,75.0,58.0,,Flipkart Supermart Select Sooji/Rava,22.67
,,food,7.0,5.0,135.0,128.0,,Tang Orange Instant Drink Mix,5.19
,,food,1.0,0.0,115.0,114.0,,Parle G Gold Biscuits,0.87
,,food,0.0,0.0,390.0,390.0,,Red Label Tea Pouch,0.0
,,food,8.0,19.0,41.0,33.0,,Rajdhani Dalia Broken Wheat,19.51
,,food,17.0,9.0,175.0,158.0,,Apis Royal Zahidi Premium Dates,9.71
,,food,1.0,0.0,130.0,129.0,,Fortune Rice Bran Oil Pouch,0.77
,,food,1.0,1.0,78.0,77.0,,Everest Garam Masala,1.28
,,food,2.0,2.0,84.0,82.0,,Parle Namkeen Hot n Spicy Mixture,2.38
,,food,5.0,8.0,60.0,55.0,,Rajdhani Mota Poha,8.33
,,food,88.0,19.0,445.0,357.0,,India Gate Regular Choice Basmati Rice (Medium Grain),19.78
,,food,1.0,0.0,120.0,119.0,,MTR Gulab Jamun Mix 160 g,0.83
,,food,15.0,9.0,155.0,140.0,,Dabur Honey Squeezy,9.68
,,food,31.0,34.0,90.0,59.0,,Flipkart Supermart Select Sugar,34.44
,,food,1.0,1.0,56.0,55.0,,Everest Coriander,1.79
,,food,43.0,11.0,365.0,322.0,,Happilo Premium International Super mix Berries,11.78
,,food,0.0,0.0,590.0,590.0,,Nestle Nan Pro 2 Follow-up Formula Powder Stage 2,0.0
,,food,99.0,24.0,399.0,300.0,,FARMUP Polished Red Masoor Dal (Split),24.81
,,food,28.0,13.0,210.0,182.0,,Tang Orange Instant Drink Mix,13.33
,,food,51.0,15.0,335.0,284.0,,Happilo Oven Roasted and Salted California Almonds,15.22
,,food,59.0,12.0,470.0,411.0,,Happilo 100% Natural Premium Californian Inshell Walnut...,12.55
,,food,21.0,6.0,320.0,299.0,,MYFITNESS Crunchy Peanut Butter 510 g,6.56
,,food,69.0,12.0,550.0,481.0,,Happilo 100% Natural California Almonds,12.55
,,food,0.0,0.0,515.0,515.0,,Dexolac Premium 2 Follow-Up Formula (After 6 Months) Ti...,0.0
,,food,30.0,8.0,349.0,319.0,,Pintola Classic Peanut Butter (Crunchy) 1 kg,8.6
,,food,400.0,44.0,899.0,499.0,,NutrineLife With the Mother Vinegar,44.49
,,food,51.0,25.0,200.0,149.0,,Balance Natural Diabetic & Keto friendly Sugar Free Swe...,25.5
,,food,55.0,20.0,275.0,220.0,,Happilo 100% Natural California Almonds,20.0
,,food,16.0,9.0,165.0,149.0,,Happilo Premium Seedless Green Raisins,9.7
,,food,50.0,7.0,700.0,650.0,,Wnature Organic Roasted Arabica Coffee beans 1kg-100% P...,7.14
,,food,0.0,0.0,260.0,260.0,,Quaker Oats,0.0
,,food,351.0,35.0,1000.0,649.0,,Balance Gourment Dalchini Cinnamon Flavored Green Coffe...,35.1
,,food,21.0,4.0,425.0,404.0,,Kellogg's Original Corn Flakes,4.94
,,food,1052.0,63.0,1650.0,598.0,,Herbalvibe Green Coffee Beans Powder for Weight Loss Ma...,63.76
,,food,31.0,6.0,500.0,469.0,,Nestle Everyday Shahi Ghee Ghee 1 L Tetrapack,6.2
,,food,5.0,1.0,290.0,285.0,,Colavita (Hard Durum Wheat) Farfalle Pasta,1.72
,,food,6.0,2.0,270.0,264.0,,"Tang Orange Instant Drink Mix, 500g(Each)",2.22
,,food,40.0,9.0,415.0,375.0,,Kellogg's Muesli Nuts Delight,9.64
,,food,22.0,9.0,225.0,203.0,,Happilo Premium Afghani Seedless Black Raisins,9.78
,,food,10.0,5.0,200.0,190.0,,Cadbury Choclairs Gold (115 Candies) Candy,5.0
,,food,11.0,5.0,210.0,199.0,,Tang Mango Instant Drink Mix,5.24
,,food,35.0,10.0,350.0,315.0,,Happilo Premium International Omani Dates,10.0
,,food,251.0,33.0,750.0,499.0,,Balance Instant 60 Sachets Stevia & LemonGrass Green Co...,33.47
,,food,8.0,2.0,315.0,307.0,,Kellogg's Crunchy Granola Almonds and Cranberries,2.54
,,food,160.0,22.0,700.0,540.0,,FARMUP Yellow Combo (Split),22.86
,,food,25.0,8.0,290.0,265.0,,Nescafe Gold Instant Coffee,8.62
,,food,0.0,0.0,370.0,370.0,,Pillsbury Chakki Fresh Atta,0.0
,,food,59.0,39.0,149.0,90.0,,Fortune Everyday Basmati Rice (Long Grain),39.6
,,food,0.0,0.0,240.0,240.0,,"Red Label Natural Care Cardamom, Ginger, Liquorice, Tul...",0.0
,,food,5.0,10.0,50.0,45.0,,Eastern Chicken Masala,10.0
,,food,1.0,1.0,71.0,70.0,,Rajdhani White Lobia (Whole),1.41
,,food,25.0,7.0,315.0,290.0,,Kellogg's Fruit and Nut Muesli,7.94
,,food,23.0,23.0,100.0,77.0,,Dukes Eclairs Chocolate Candy,23.0
,,food,,0.0,,,,BRU Instant Coffee,0.0
,,food,218.0,54.0,399.0,181.0,,FARMUP Millet Flour 500 g,54.64
,,food,143.0,25.0,570.0,427.0,,Happilo Premium Turkish Apricots,25.09
,,food,449.0,47.0,949.0,500.0,,Leonardo Pomace Olive Oil Plastic Bottle,47.31
,,food,141.0,20.0,700.0,559.0,,FARMUP Yellow Combo (Split),20.14
,,food,0.0,0.0,315.0,315.0,,Nestle Lactogen Follow-up-Formula (Stage 2),0.0
,,food,0.0,0.0,355.0,355.0,,Tate & Lyle 5 010115 902941 aroma,0.0
,,food,0.0,0.0,267.0,267.0,,Nestle Cerelac 5 Grains & Fruits Cereal,0.0
,,food,47.0,12.0,385.0,338.0,,Complan Royale Chocolate,12.21
,,food,0.0,0.0,220.0,220.0,,Nestle Cerelac Wheat Apple Cherry Cereal,0.0
,,food,4.0,2.0,190.0,186.0,,Sugar Free Natura 300 Pellets Sweetener,2.11
,,food,1396.0,58.0,2395.0,999.0,,Disano Extra Light Olive Oil Plastic Bottle,58.29
,,food,10.0,4.0,249.0,239.0,,"CCDS Bakers Instant Yeast For Baking, Proofing, Making ...",4.02
,,food,37.0,15.0,245.0,208.0,,"Organic Forest Pink Rock Salt Granules, 500gm Himalayan...",15.1
,,food,400.0,36.0,1099.0,699.0,,Figaro Extra Virgin Olive Oil Plastic Bottle,36.4
,,food,60.0,12.0,499.0,439.0,,Happilo 100% Natural Premium Whole Nuts Cashews,12.02
,,food,0.0,0.0,330.0,330.0,,Nestle Lactogen Infant Formula (Stage 1),0.0
,,food,20.0,6.0,330.0,310.0,,Nature Valley Oats and Dark Chocolate Crunchy Granola B...,6.06
,,food,98.0,14.0,699.0,601.0,,Nescafe Greetings - The Ultimate Instant Coffee Kit 100...,14.02
,,food,204.0,27.0,749.0,545.0,,Oleev Imported Pomace Olive Oil Plastic Bottle,27.24
,,food,18.0,5.0,360.0,342.0,,Kitchens of India Badam and Moong Dal Halwa 450 g,5.0
,,food,142.0,20.0,700.0,558.0,,FARMUP Yellow Combo (Split),20.29
,,food,38.0,8.0,425.0,387.0,,Pintola All Natural Export Peanut Butter (Creamy) 1 kg,8.94
,,food,140.0,20.0,700.0,560.0,,FARMUP Combo,20.0
,,food,8.0,7.0,105.0,97.0,,Horlicks Chocolate Delight Flavour Mix,7.62
,,food,80.0,11.0,700.0,620.0,,FARMUP Yellow Combo (Split),11.43
,,food,0.0,0.0,595.0,595.0,,Nestle Nan Pro Infant Formula (Stage 1),0.0
,,food,0.0,0.0,190.0,190.0,,Nestle Cerelac Wheat Apple Cereal,0.0
,,food,37.0,15.0,245.0,208.0,,"organic forest Pink Rock Salt Powder, 500gm Rock Salt",15.1
,,food,200.0,16.0,1250.0,1050.0,,Markstor Saudi Medjoul Dates Dates,16.0
,,food,0.0,0.0,257.0,257.0,,Nestle Cerelac Multi Grain Dal Veg Cereal,0.0
,,food,30.0,10.0,295.0,265.0,,Akiva Superfoods Organic Jaggery Powder - 900gm Jaggery,10.17
,,food,57.0,20.0,285.0,228.0,,Happilo Premium Dried Turkish Apricots,20.0
,,food,169.0,33.0,499.0,330.0,,FARMUP Besan 1 Kg,33.87
,,food,522.0,31.0,1649.0,1127.0,,Leonardo Extra Virgin Olive Oil Plastic Bottle,31.66
,,food,399.0,30.0,1299.0,900.0,,FARMUP Jowar Flour 5 kG,30.72
,,food,10.0,6.0,145.0,135.0,,"Lipton Honey, Lemon Green Tea Bags Box",6.9
,,food,140.0,20.0,700.0,560.0,,FARMUP Yellow Combo (Split),20.0
,,food,180.0,25.0,700.0,520.0,,FARMUP Yellow Combo (Split),25.71
,,food,151.0,23.0,650.0,499.0,,Ghasitaram Gifts Raisins-Selected Indian Raisins 800 gm...,23.23
,,food,200.0,20.0,999.0,799.0,,"Tang ZERO SUGAR, sugar drink mix,Imported 6 packets, or...",20.02
,,food,120.0,10.0,1198.0,1078.0,,"TGL Co. Ice Wine White Tea with White Downy White Tea, ...",10.02
,,food,120.0,10.0,1198.0,1078.0,,TGL Co. Strawberry and Aloe White Tea with White Shou M...,10.02
,,food,120.0,10.0,1198.0,1078.0,,TGL Co. Gunpowder Temple of Heaven Green Tea with The F...,10.02
,,food,280.0,10.0,2798.0,2518.0,,TGL Co. White Bud Yin Zhen White Tea White Tea Pouch,10.01
,,food,120.0,10.0,1198.0,1078.0,,TGL Co. Pearl of The Caribbean White Tea with White Sho...,10.02
,,food,120.0,10.0,1198.0,1078.0,,TGL Co. China Jasmine Green Tea for Stress Relief and R...,10.02
,,food,120.0,10.0,1198.0,1078.0,,"TGL Co. Geisha Green Tea with Green Bancha Tea, Green K...",10.02
,,food,35.0,10.0,349.0,314.0,,"TGL Co. Orange & Mango Oolong Tea, 16 Tea Bags with Sem...",10.03
,,food,120.0,10.0,1198.0,1078.0,,"TGL Co. Little Buddha Green Tea with Sandalwood, Red Pe...",10.02
,,food,98.0,16.0,598.0,500.0,,Ray Healthy Cooking Spray -Refined Rice Bran OIL - 200 ...,16.39
,,food,0.0,0.0,150.0,150.0,,Onlyleaf Flavored Sampler Assorted Green Tea Bags Box,0.0
,,food,8.0,3.0,240.0,232.0,,True Elements Roasted Sunflower Pumpkin And Flax Seeds ...,3.33
,,food,240.0,34.0,700.0,460.0,,FARMUP Corn Flour : 1 KG + Jowar Flour : 1 KG,34.29
,,food,0.0,0.0,175.0,175.0,,Saffola Total Pro Heart Conscious Blended Oil Can,0.0
,,food,0.0,0.0,145.0,145.0,,Lipton Pure & Light Green Tea Bags Box,0.0
,,food,0.0,0.0,185.0,185.0,,Nestle Cerelac Wheat Cereal,0.0
,,food,106.0,23.0,451.0,345.0,,Ghasitaram Gifts Mini Gujiya Namkeen 400 gms,23.5
,,food,38.0,8.0,425.0,387.0,,Pintola All Natural Export Quality Peanut Butter (Crunc...,8.94
,,food,250.0,22.0,1100.0,850.0,,FARMUP Almond | Premium Quality | Tasty |100% Pure and ...,22.73
,,food,93.0,12.0,730.0,637.0,,Happilo Premium Dried Supermix Assorted Fruit,12.74
,,food,189.0,47.0,399.0,210.0,,FARMUP Rice Flour 500 g,47.37
,,food,354.0,27.0,1299.0,945.0,,Nescafe GOLD Blend Crafted With Arabica Ground 10 time ...,27.25
,,food,350.0,50.0,699.0,349.0,,Bertolli Extra Virgin Olive Oil Plastic Bottle,50.07
,,food,0.0,0.0,330.0,330.0,,Betty Crocker Triple Choco Brownie Mix 425 g,0.0
,,food,160.0,10.0,1599.0,1439.0,,Ghasitaram Gifts Dryfruits- Dryfruit Box 800 gms,10.01
,,food,345.0,54.0,638.0,293.0,,Soft Art Celebrations Dried Ginger Candy Vaccum Pack Dr...,54.08
,,food,0.0,0.0,559.0,559.0,,"VegeBaby 100% Natural, Cold-Pressed,Extra virgin Coconu...",0.0
,,food,354.0,27.0,1299.0,945.0,,Nescafe GOLD Origins Cap Colombia Instant Coffee,27.25
,,food,20.0,8.0,245.0,225.0,,Taj Mahal Tea Box,8.16
,,food,250.0,41.0,600.0,350.0,,Markstor Fresh Rabia Dates of Saudi Arabia Dates,41.67
,,food,354.0,27.0,1299.0,945.0,,Nescafe Gold Espresso Italian Style Rich With Crema 100...,27.25
,,food,8.0,2.0,279.0,271.0,,Delight Nuts Dried Apricots 200g Apricots,2.87
,,food,14.0,5.0,275.0,261.0,,Onlyleaf 100% Natural Weightloss Cinnamon Clove Hibiscu...,5.09
,,food,10.0,2.0,349.0,339.0,,SUN'A'DO California Almonds - 200g Almonds,2.87
,,food,26.0,3.0,651.0,625.0,,Ghasitaram Gifts Mini Gujiya Namkeen 800 gms,3.99
,,food,0.0,0.0,699.0,699.0,,VegeBaby First Cold Pressed Black Sesame Oil Plastic Bo...,0.0
,,food,12.0,3.0,399.0,387.0,,Delight Nuts Mixed Nut Roasted & Salted 200g Assorted N...,3.01
,,food,321.0,47.0,670.0,349.0,,"Healthkart Organic Apple Cider Vinegar, Unflavoured Vin...",47.91
,,food,19.0,4.0,390.0,371.0,,Kitchens of India Chicken Chettinad 570 g,4.87
,,food,0.0,0.0,50.0,50.0,,MTR Special Garam Masala,0.0
,,food,25.0,19.0,130.0,105.0,,Chana Dal,19.23
,,food,39.0,13.0,299.0,260.0,,Yogabar Wholegrain Breakfast Muesli+ - Dark Chocolate +...,13.04
,,food,52.0,13.0,380.0,328.0,,India Gate Mogra Basmati Rice (Broken Grain),13.68
,,food,815.0,32.0,2500.0,1685.0,,"Godhan anmall Gir cow's premium Ghee, 1 ltr 1 L Glass B...",32.6
,,food,35.0,20.0,175.0,140.0,,Happilo Premium International Omani Dates,20.0
,,food,4.0,4.0,88.0,84.0,,Parle Namkeen Aloo Bhujia,4.55
,,food,6.0,5.0,120.0,114.0,,Saffola Tasty Pro Fitness Conscious Blended Oil Pouch,5.0
,,food,11.0,8.0,125.0,114.0,,Emami Healthy and Tasty Refined Soyabean Oil Pouch,8.8
,,food,7.0,11.0,60.0,53.0,,Ching's Secret Hot Garlic Instant Noodles Vegetarian,11.67
,,food,20.0,13.0,145.0,125.0,,Rajdhani Kabuli Chana (Whole),13.79
,,food,60.0,9.0,636.0,576.0,,Saffola Gold Blended Oil Pouch,9.43
,,food,60.0,10.0,580.0,520.0,,Saffola Active Blended Oil Pouch,10.34
,,food,1.0,1.0,55.0,54.0,,MTR Jeera Powder,1.82
,,food,19.0,12.0,150.0,131.0,,Lipton Tulsi Natura Green Tea Bags Box,12.67
,,food,34.0,20.0,170.0,136.0,,Flipkart Supermart Select Unpolished Toor Dal (Split),20.0
,,food,35.0,25.0,140.0,105.0,,Flipkart Supermart Select Unpolished Chana Dal,25.0
,,food,0.0,0.0,304.0,304.0,,Dexolac Infant Formula Powder (Stage 1),0.0
,,food,0.0,0.0,200.0,200.0,,NAGO Natural Goodness Red Rajma (Whole),0.0
,,food,0.0,0.0,240.0,240.0,,Easum Rice and Moog Dal Baby Cereal,0.0
,,food,14.0,10.0,130.0,116.0,,Emami Healthy & Tasty Refined Sunflower Oil Pouch,10.77
,,food,275.0,20.0,1350.0,1075.0,,Ghasitaram Gifts Cashews Dryfruits-Goan Cashews 800 gms...,20.37
,,food,12.0,3.0,399.0,387.0,,SUN'A'DO Cashew Roasted & Salted - 200g Cashews,3.01
,,food,0.0,0.0,500.0,500.0,,"VegeBaby 100% Natural, Cold-Pressed, unrefined, Extra v...",0.0
,,food,0.0,0.0,509.0,509.0,,VegeBaby 100%Natural Cold Pressed Extra Virgin Yellow M...,0.0
,,food,180.0,25.0,700.0,520.0,,FARMUP SoyaFlour : 1 KG + Jowar Flour : 1 KG,25.71
,,food,66.0,15.0,425.0,359.0,,Alpino Natural Smooth Peanut Butter (Unsweetened) 1 kg,15.53
,,food,13.0,4.0,270.0,257.0,,Kitchens of India Rajma Masala and Vegetable Pulao 785 ...,4.81
,,food,0.0,0.0,350.0,350.0,,"VegeBaby Cold Pressed, 100% Organic Apricot Oil Plastic...",0.0
,,food,510.0,25.0,2000.0,1490.0,,Markstor Ajwa Al-Saudi Dates,25.5
,,food,100.0,22.0,451.0,351.0,,Jaiccha Goan Cashews 200 gms in Black Paper Pouch Cashe...,22.17
,,food,81.0,28.0,280.0,199.0,,Neuherbs Raw Pumpkin Seeds - Protein and Fiber Rich Sup...,28.93
,,food,0.0,0.0,242.0,242.0,,Nestle Cerelac Wheat Honey Dates Cereal,0.0
,,food,229.0,45.0,499.0,270.0,,FARMUP Maida 1Kg | Pure and Natural | Premium Quality,45.89
,,food,21.0,6.0,320.0,299.0,,MYFITNESS Smooth Peanut Butter 510 g,6.56
,,food,301.0,33.0,900.0,599.0,,Wonderland Foods Premium Quality California Almonds,33.44
,,food,14.0,5.0,280.0,266.0,,Kitchens of India Mutter Paneer and Vegetable Pulao 785...,5.0
,,food,0.0,0.0,475.0,475.0,,"VegeBaby Cold Pressed, 100% Virgin Organic Vegetable Oi...",0.0
,,food,250.0,47.0,525.0,275.0,,"Healthkart Apple Cider Vinegar with Mother, Unflavoured...",47.62
,,food,67.0,14.0,449.0,382.0,,Kohinoor Charminar Rice (Long Grain),14.92
,,food,89.0,20.0,425.0,336.0,,"Fortune Everyday Hamesha Basmati Rice (Broken Grain, St...",20.94
,,food,0.0,0.0,500.0,500.0,,VegeBaby 100%Natural Cold Pressed Extra Virgin Black Mu...,0.0
,,food,9.0,7.0,125.0,116.0,,Dhara Refined Sunflower Oil Pouch,7.2
,,food,9.0,3.0,299.0,290.0,,SUN'A'DO Afghani Seedless Green Raisins - 200g Raisins,3.01
,,food,74.0,24.0,299.0,225.0,,Urban Organic Unpolished White Urad Dal (Split),24.75
,,food,95.0,22.0,425.0,330.0,,"Jaiccha Almonds and Cashew Pouches-200 gms Almonds, Cas...",22.35
,,food,41.0,11.0,350.0,309.0,,"Midiron Pumpkin Seeds (250 gm), Rich in Zinc & Powerhou...",11.71
,,food,12.0,3.0,399.0,387.0,,Delight Nuts Cashew Roasted & Salted 200g Cashews,3.01
,,food,234.0,55.0,425.0,191.0,,Disano Canola Oil Plastic Bottle,55.06
,,food,501.0,31.0,1600.0,1099.0,,Wonderland Foods(Device) 100% Natural Premium Quality P...,31.31
,,food,73.0,20.0,365.0,292.0,,Happilo Premium International Trail Mix,20.0
,,food,426.0,34.0,1225.0,799.0,,Bertolli Mild Taste Olive Oil Plastic Bottle,34.78
,,food,75.0,11.0,650.0,575.0,,Markstor Sukkary Dates - Wet and Fresh with Natural Swe...,11.54
,,food,12.0,3.0,399.0,387.0,,"SUN'A'DO Mixed Nuts (Almonds, Cashew & Pistachios) Roas...",3.01
,,food,93.0,26.0,356.0,263.0,,AS-IT-IS Nutrition Raw Apple Cider Vinegar with mother ...,26.12
,,food,64.0,8.0,790.0,726.0,,Pintola Classic Peanut Creamy Butter 2.5 kg,8.1
,,food,90.0,30.0,299.0,209.0,,Naturewell Red Rajma (Whole),30.1
,,food,39.0,9.0,395.0,356.0,,Happilo Premium Roasted and Salted California Pistachio...,9.87
,,food,0.0,0.0,280.0,280.0,,Cadbury Shots Truffles,0.0
,,food,43.0,9.0,438.0,395.0,,"organic forest 5 In 1 Roasted Super Seeds Mix, 500gm Pr...",9.82
,,food,79.0,20.0,395.0,316.0,,Happilo Premium Roasted and Salted Cashew Nuts,20.0
,,food,150.0,15.0,1000.0,850.0,,FARMUP Cashew Nut 250 gm + Almond 250 gm | Premium Qual...,15.0
,,food,159.0,31.0,499.0,340.0,,FARMUP Polished Yellow Moong Dal (Whole),31.86
,,food,11.0,2.0,375.0,364.0,,SUN'A'DO California Almonds Roasted & Salted - 200g Alm...,2.93
,,food,52.0,13.0,380.0,328.0,,"Happilo Premium American Dried Whole Duet Blueberry, Cr...",13.68
,,food,56.0,25.0,220.0,164.0,,Rajdhani Unpolished Arhar Dal (Split),25.45
,,food,0.0,0.0,200.0,200.0,,Eat Soya SOYA NUTS SALTED AND ROASTED SOYABEAN SALTED,0.0
,,food,15.0,3.0,390.0,375.0,,KLF Nirmal Cold Pressed Virgin Coconut Oil Glass Bottle,3.85
,,food,150.0,30.0,499.0,349.0,,MuscleBlaze High Protein Natural Peanut Butter 750 g,30.06
,,food,61.0,16.0,360.0,299.0,,Sonal Dry fruit Premium Cashews Cashews,16.94
,,food,448.0,47.0,947.0,499.0,,axium axs154,47.31
,,food,38.0,25.0,150.0,112.0,,Rajdhani Unpolished Chana Dal (Split),25.33
,,food,54.0,13.0,399.0,345.0,,Jaiccha Namkeen Snacks-Mini Katli Namkeen 400 gms in Br...,13.53
,,food,29.0,14.0,199.0,170.0,,Saffola Oats,14.57
,,food,564.0,70.0,796.0,232.0,,zenulife Premium Quality Organic Green Coffee Beans Pow...,70.85
,,food,195.0,48.0,400.0,205.0,,Ceedberri Chia Seeds,48.75
,,food,153.0,20.0,747.0,594.0,,Eighty7 California Almonds,20.48
,,food,313.0,35.0,890.0,577.0,,hathmic JERI1000 Coconut Oil Jar,35.17
,,food,200.0,40.0,499.0,299.0,,FARMUP Ginger Powder,40.08
,,food,250.0,35.0,699.0,449.0,,Wonderland Foods Hand Picked Kashmiri Walnut Walnuts,35.77
,,food,22.0,6.0,324.0,302.0,,"organic forest Chia Seeds, 250gm Premium Quality , For ...",6.79
,,food,29.0,9.0,295.0,266.0,,Happilo Californian Premium Sweet Dried Whole Cranberri...,9.83
,,food,722.0,51.0,1400.0,678.0,,Borges Extra Virgin Olive Oil Plastic Bottle,51.57
,,food,0.0,0.0,185.0,185.0,,Kellogg's Oats,0.0
,,food,13.0,4.0,270.0,257.0,,"Tang Lemon Instant Drink Mix, 500g(Each)",4.81
,,food,10.0,4.0,250.0,240.0,,FARMUP Yellow Soya Bean (Whole),4.0
,,food,0.0,0.0,730.0,730.0,,Nestle Nan Excella Pro Infant Formula Powder (Stage 1),0.0
,,food,48.0,9.0,499.0,451.0,,Ghasitaram Gifts Sundried Papaya 400 gms Papaya,9.62
,,food,0.0,0.0,720.0,720.0,,Nestle Nan Excella Pro Follow-up Formula-powder (Stage ...,0.0
,,food,0.0,0.0,210.0,210.0,,Haldiram's Bhujia Sev,0.0
,,food,10.0,3.0,300.0,290.0,,Eat Soya Soya Nuts Salted 200gm (Pack of 3),3.33
,,food,0.0,0.0,449.0,449.0,,Natturano Premium Organic Cold Pressed Coconut Oil Plas...,0.0
,,food,266.0,36.0,725.0,459.0,,D NATURE FRESH Almond_Raw_P500 Almonds,36.69
,,food,37.0,8.0,449.0,412.0,,Pintola All Natural Honey Peanut Butter (Crunchy) 1 kg,8.24
,,food,17.0,12.0,133.0,116.0,,Mahakosh Refined Soyabean Oil Pouch,12.78
,,food,16.0,2.0,549.0,533.0,,SUN'A'DO Dried Blueberries 150g Blueberry,2.91
,,food,55.0,20.0,275.0,220.0,,Disano Extra Virgin Olive Oil Plastic Bottle,20.0
,,food,1.0,0.0,242.0,241.0,,Horlicks Classic Malt Health Drink,0.41
,,food,78.0,10.0,728.0,650.0,,"Organic Forest Raw Seeds Combo Chia, Pumpkin, Sunflower...",10.71
,,food,350.0,38.0,899.0,549.0,,froods Premium Quality Almonds Almonds,38.93
,,food,285.0,38.0,750.0,465.0,,Bliss of Earth 2x1KG Authentic Pakistani Fine Powdered ...,38.0
,,food,17.0,2.0,598.0,581.0,,Delight Nuts Dried Cranberries Sliced- 200gm (Pack of 2...,2.84
,,food,0.0,0.0,348.0,348.0,,Organic India Tulsi Green Tea Lemon Ginger 25 Tea Bags-...,0.0
,,food,19.0,6.0,299.0,280.0,,Ghasitaram Gifts Sundried Pineapple 200 gms Pineapple,6.35
,,food,0.0,0.0,499.0,499.0,,Cadbury Dairy Milk Silk Bubbly Chocolate Bar (50 gmX4) ...,0.0
,,food,0.0,0.0,399.0,399.0,,Natturano Premium Organic Cold Pressed Safflower Oil Pl...,0.0
,,food,65.0,10.0,649.0,584.0,,Nescafe Red Travel Kit Instant Coffee,10.02
,,food,110.0,22.0,499.0,389.0,,MYFITNESS Crunchy Natural Peanut Butter Unsweetened 100...,22.04
,,food,252.0,17.0,1451.0,1199.0,,Ghasitaram Gifts sweets-Strawberry Katli 800 gms Box,17.37
,,food,251.0,41.0,600.0,349.0,,Biotrex Nutraceuticals With Honey and Mother Vinegar,41.83
,,food,0.0,0.0,200.0,200.0,,Eat Soya SOYA NUTS MASALA AND MAGIC PUDINA 200g (PACK O...,0.0
,,food,20.0,7.0,260.0,240.0,,Rostaa Dried Prunes Prunes,7.69
,,food,12.0,3.0,399.0,387.0,,Delight Nuts Berries Mix 200g Assorted Fruit,3.01
,,food,0.0,0.0,30.0,30.0,,Oreo Original Chocolatey Sandwich Biscuits,0.0
,,food,55.0,7.0,699.0,644.0,,Nescafe Ultimate Kit Instant Coffee,7.87
,,food,0.0,0.0,465.0,465.0,,Bel Normande Sparkling Red Grape Juice,0.0
,,food,71.0,16.0,420.0,349.0,,"Nutty Gritties Jumbo Roasted Pistachios, Lightly Salted...",16.9
,,food,16.0,5.0,315.0,299.0,,Complan Kesar Badam,5.08
,,food,20.0,10.0,200.0,180.0,,NAGO Natural Goodness Unpolished Yellow Chana Dal (Spli...,10.0
,,food,246.0,14.0,1745.0,1499.0,,Delight Nuts California Almonds - 200gm ( Pack of 5) Al...,14.1
,,food,12.0,4.0,250.0,238.0,,Onlyleaf 100% Natural Calming De-Stress Chamomile Green...,4.8
,,food,73.0,20.0,365.0,292.0,,Happilo Premium International Nuts and Berries,20.0
,,food,77.0,12.0,598.0,521.0,,Yogabar Wholegrain Breakfast Muesli+ - Fruits + Seeds &...,12.88
,,food,149.0,37.0,399.0,250.0,,FARMUP Unpolished Yellow Toor Dal (Whole),37.34
,,food,0.0,0.0,715.0,715.0,,Enfamil A Plus Stage 1 Infant Formula,0.0
,,food,60.0,10.0,599.0,539.0,,Ghasitaram Gifts Roasted Dryfruit Laddoo Box,10.02
,,food,35.0,10.0,349.0,314.0,,"TGL Co. Lemon Detox Green Tea, 16 Tea Bags Lemon Green ...",10.03
,,food,550.0,55.0,999.0,449.0,,NutroActive Himalayan Pink Salt Rock Salt Fine Grain (0...,55.06
,,food,32.0,12.0,249.0,217.0,,"TGL Co. Kadak Masala Chai Tea Black Tea, 16 Tea Bags Gi...",12.85
,,food,200.0,21.0,949.0,749.0,,Alpino Peanut Butter Chocolate 2.4 KG (Gluten Free / No...,21.07
,,food,78.0,7.0,980.0,902.0,,Pintola All Natural Peanut Butter (Creamy) 2.5 kg,7.96
,,food,0.0,0.0,600.0,600.0,,Mars Assorted Chocolate Gift Pack Tin Box Bars,0.0
,,food,35.0,10.0,349.0,314.0,,"TGL Co. Mogo Mogo Green Tea, 16 Tea Bag Mango, Banana, ...",10.03
,,food,11.0,3.0,300.0,289.0,,Eat Soya Soya Nuts Maggi Masala - 200g (Pack of 3),3.67
,,food,145.0,6.0,2225.0,2080.0,,"Puvi Cold Pressed Gingelly/Sesame Oil (Virgin, Chekku/G...",6.52
,,food,263.0,43.0,598.0,335.0,,axium axs155,43.98
,,food,199.0,39.0,499.0,300.0,,FARMUP FLAX SEEDS,39.88
,,food,34.0,10.0,339.0,305.0,,TGL Co. Euphoria Instant Coffee Powder | Makes Great Ic...,10.03
,,food,100.0,33.0,299.0,199.0,,Kegan Wellness Lavanam Himalayan Pink Salt,33.44
,,food,200.0,22.0,899.0,699.0,,Neuherbs Organic Green Coffee beans (Unroasted Beans) F...,22.25
,,food,0.0,0.0,699.0,699.0,,VegeBaby 100%Natural Cold Pressed Extra Virgin Sunflowe...,0.0
,,food,416.0,40.0,1015.0,599.0,,Wonderland Roasted Combo Seeds Value Pack,40.99
,,food,51.0,8.0,600.0,549.0,,Akiva Green Tea Apple Cider Vinegar Vinegar,8.5
,,food,5.0,1.0,340.0,335.0,,Colavita PAPPARDELLE 500 G Shell Pasta,1.47
,,food,210.0,42.0,500.0,290.0,,Markstor Premium Dark Dates - Imported Dates,42.0
,,food,140.0,16.0,850.0,710.0,,Alpino Natural Peanut Butter Smooth 2kg (1kg Pack Of 2)...,16.47
,,food,17.0,2.0,598.0,581.0,,SUN'A'DO Dried Apricots 200g (Pack of 2) Apricots,2.84
,,food,16.0,2.0,558.0,542.0,,Delight Nuts Dried Apricots -200gm (Pack of 2) Apricots,2.87
,,food,173.0,19.0,898.0,725.0,,Alpino Natural Honey Peanut Butter Smooth 2kg (1kg Pack...,19.27
,,food,0.0,0.0,5025.0,5025.0,,Dolce Vita Pure Olive Oil Plastic Bottle,0.0
,,food,221.0,49.0,450.0,229.0,,Disano Olive Pomace Oil Plastic Bottle,49.11
,,food,376.0,44.0,850.0,474.0,,Glomin Premium Seedless Green (Kishmish) Raisins,44.24
,,food,48.0,20.0,240.0,192.0,,Hershey's Cocoa with Almond Spreads 216 g,20.0
,,food,123.0,25.0,490.0,367.0,,Happilo Dried and Pitted Premium Californian Prunes,25.1
,,food,74.0,14.0,499.0,425.0,,Alpino Organic Natural Peanut Butter Crunch 1kg 1000 g,14.83
,,food,0.0,0.0,235.0,235.0,,Pastificio Riscossa Lasagna Riccia Pasta Shell Pasta,0.0
,,food,140.0,16.0,850.0,710.0,,Alpino Natural Peanut Butter Crunch 2kg (Unsweetened) (...,16.47
,,food,466.0,17.0,2599.0,2133.0,,Leonardo Extra Light Refined Olive Oil Plastic Bottle,17.93
,,food,91.0,20.0,440.0,349.0,,Neuherbs Instant Green Coffee Lemon 30 Sachet Instant C...,20.68
,,food,35.0,6.0,525.0,490.0,,"Puvi Cold Pressed Gingelly/Sesame Oil (Virgin, Chekku/G...",6.67
,,food,0.0,0.0,595.0,595.0,,Dexolac Premium Infant Formula Powder (Stage 1),0.0
,,food,90.0,20.0,447.0,357.0,,Eighty 7 cashew 250gm Cashews,20.13
,,food,13.0,6.0,187.0,174.0,,Eighty 7 Raisins Raisins,6.95
,,food,41.0,2.0,1399.0,1358.0,,Delight Nuts Pistachios (Roasted & Salted)-750gm Pistac...,2.93
,,food,1050.0,47.0,2199.0,1149.0,,Yuvika Laung - Syzygium aromaticum - Clove (800 GM),47.75
,,food,78.0,30.0,256.0,178.0,,"Organic Forest Roasted Flax Seeds, Premium Quality",30.47
,,food,400.0,44.0,899.0,499.0,,Yuvika Javitri - Myristica fragrans - Mace (100 GM),44.49
,,food,15.0,3.0,490.0,475.0,,Puvi Cold Pressed Coconut Oil Coconut Oil Plastic Bottl...,3.06
,,food,105.0,11.0,935.0,830.0,,Maple Joe Canadian Maple Syrup natural,11.23
,,food,64.0,21.0,299.0,235.0,,D NATURE FRESH Black Raisins 250g (Box) Raisins,21.4
,,food,30.0,9.0,330.0,300.0,,"Real Basmati , (Pack of 3) Half Grain Basmati Rice (Med...",9.09
,,food,6.0,2.0,255.0,249.0,,Nutty Gritties Roasted Super Seeds Mix,2.35
,,food,398.0,22.0,1797.0,1399.0,,NutroActive Keto Atta (1 gm Net Carb Per Roti) Extremel...,22.15
,,food,10.0,3.0,299.0,289.0,,HEALTHOXIDE Sweet Stevia Powder – Natural & Zero Calori...,3.34
,,food,24.0,9.0,249.0,225.0,,Alpino Organic Peanut Butter Crunch 400g 400 g,9.64
,,food,0.0,0.0,280.0,280.0,,Karachi Bakery Triple Delight Fruit Chocolate and Cashe...,0.0
,,food,0.0,0.0,320.0,320.0,,"Organic Forest Steel Cut Oats, 1Kg Gluten Free , For We...",0.0
,,food,61.0,16.0,360.0,299.0,,True Elements Instant Oats,16.94
,,food,0.0,0.0,178.0,178.0,,Patanjali Cow's Ghee 200 ml Box,0.0
,,food,74.0,9.0,749.0,675.0,,Alpino Classic Peanut Butter Crunch 2.4 KG (Gluten Free...,9.88
,,food,10.0,5.0,180.0,170.0,,Kellogg's Chocos Crunchy Bites,5.56
,,food,0.0,0.0,292.0,292.0,,Spray Lite Natural Flavour Baking Non Sticky Sprays Liq...,0.0
,,food,129.0,32.0,399.0,270.0,,Glomin 100% Natural Premium Californian Almonds,32.33
,,food,52.0,15.0,338.0,286.0,,"Organic Forest Pink Rock Salt granules, 1kg Himalayan P...",15.38
,,food,37.0,12.0,300.0,263.0,,HealthVit Lotus Powder,12.33
,,food,17.0,8.0,210.0,193.0,,Tata Premium Leaf Tea Box,8.1
,,food,105.0,19.0,550.0,445.0,,Vanalaya Chia Seeds,19.09
,,food,650.0,65.0,999.0,349.0,,24 nature PREMIUM CASHEW EXPORT QUALITY Cashews,65.07
,,food,88.0,22.0,387.0,299.0,,Eighty 7 California almond Almonds,22.74
,,food,0.0,0.0,580.0,580.0,,"Wonderland Roasted Makhana Tangy Masala, Sriracha, Sea ...",0.0
,,food,25.0,10.0,249.0,224.0,,"TGL Co. Miracle Mint Tea, Herbal Tea, 16 Tea Bags Peppe...",10.04
,,food,253.0,26.0,947.0,694.0,,Eighty7 Cashews Cashews,26.72
,,food,429.0,53.0,798.0,369.0,,IndoSwasth Apple Cider Vinegar with Mother of Vinegar -...,53.76
,,food,229.0,45.0,499.0,270.0,,FARMUP Jowar Flour 1 Kg,45.89
,,food,500.0,50.0,999.0,499.0,,NutroActive Mineral Himalayan Pink Salt Extra Fine Grai...,50.05
,,food,0.0,0.0,110.0,110.0,,Onlyleaf 100% Natural Refreshing Digestive Aid  Lemon G...,0.0
,,food,0.0,0.0,580.0,580.0,,Nestle Nan Pro Follow-up-Formula (Stage 4),0.0
,,food,30.0,8.0,349.0,319.0,,Pintola Classic Peanut Butter (Creamy) 1 kg,8.6
,,food,36.0,18.0,200.0,164.0,,Hershey's Milk Booster with Calcium and Vitamin D Choco...,18.0
,,food,15.0,9.0,165.0,150.0,,Pintola All Natural Peanut Butter (Crunchy) 350 g,9.09
,,food,301.0,33.0,900.0,599.0,,Healthkart Apple Cider Vinegar With Mother - Unflavored...,33.44
,,food,57.0,11.0,485.0,428.0,,Happilo Premium Dried Californian Blueberry,11.75
,,food,5.0,1.0,275.0,270.0,,Yours Aloevera Juice For Complete Body Care,1.82
,,food,201.0,30.0,650.0,449.0,,"True Elements Gluten Free, Rich in Vitamin B, Regular Q...",30.92
,,food,367.0,14.0,2449.0,2082.0,,Ketofy MCT Oil. Coconut Oil Plastic Bottle,14.99
,,food,275.0,35.0,774.0,499.0,,Eighty7 Cashews(200g each) - Pack of 2 Cashews,35.53
,,food,12.0,3.0,399.0,387.0,,SUN'A'DO Pistachios Roasted & Salted - 200g Pistachios,3.01
,,food,1099.0,57.0,1898.0,799.0,,NutrineLife Pure Apple Cider Vinegar ACV 500 ml with Mo...,57.9
,,food,23.0,2.0,798.0,775.0,,SUN'A'DO Mixed Nuts Roasted & Salted Combo Pack of 2(20...,2.88
,,food,351.0,46.0,750.0,399.0,,HealthVit Apple Cider Vinegar Natural & Pure With Goodn...,46.8
,,food,251.0,37.0,668.0,417.0,,"LuvIt Chocorich Assorted Eclairs - Hazelnut, Dark Choco...",37.57
,,food,100.0,25.0,399.0,299.0,,PMW Samudri - Cuttle Fish Bone - Cuttle Fish Bone - 100...,25.06
,,food,70.0,23.0,299.0,229.0,,Shivram Peshawari & Bros Yellow Raisins,23.41
,,food,20.0,8.0,240.0,220.0,,Pillsbury Vanilla Cookie Cake,8.33
,,food,41.0,2.0,1396.0,1355.0,,"SUN'A'DO Dry Fruit Combo Pack - Almonds, Cashews, Black...",2.94
,,food,0.0,0.0,160.0,160.0,,Wonderland Makhana Premium Chaat Masala Foxnuts Assorte...,0.0
,,food,3.0,1.0,288.0,285.0,,Junior Horlicks Chocolate Flavour - Stage 1,1.04
,,food,215.0,43.0,500.0,285.0,,Disano Unsweetened Peanut Butter 100% Natural Creamy 1k...,43.0
,,food,6.0,1.0,495.0,489.0,,Nutty Gritties California Walnut Kernals Walnuts,1.21
,,food,200.0,40.0,499.0,299.0,,D NATURE FRESH Cranberries 250g Cranberries,40.08
,,food,38.0,8.0,425.0,387.0,,Pintola Choco Peanut Butter (Creamy) 1 kg,8.94
,,food,0.0,0.0,90.0,90.0,,Onlyleaf 100% Natural Refreshing Skin Care Rose Green T...,0.0
,,food,0.0,0.0,195.0,195.0,,Nestle Cerelac Wheat Apple Carrot Cereal,0.0
,,food,48.0,21.0,220.0,172.0,,Hershey's Syrup Indulgent Caramel,21.82
,,food,4.0,2.0,180.0,176.0,,Sugar Free Gold 300 Pellets Sweetener,2.22
,,food,50.0,14.0,349.0,299.0,,NutroActive Baking Soda Ultra Pure - 350 gm Baking Soda...,14.33
,,food,49.0,19.0,249.0,200.0,,Midiron Organic Premium Roasted Flax Seed (400 gm),19.68
,,food,147.0,15.0,980.0,833.0,,Rostaa Cranberries Sliced 1kg Cranberries,15.0
,,food,9.0,3.0,298.0,289.0,,Delight Nuts Brown Flax Seeds,3.02
,,food,140.0,17.0,780.0,640.0,,Rostaa Dried Prunes (Pack of 3) Prunes,17.95
,,food,215.0,38.0,560.0,345.0,,"The Butternut Co. Peanut Butter Classic with Jaggery, C...",38.39
,,food,220.0,48.0,450.0,230.0,,Mr.Kool RS-111 Rose,48.89
,,food,115.0,12.0,897.0,782.0,,"Yogabar Dark Chocolate, Fruits Nuts + Seeds, Almond + Q...",12.82
,,food,12.0,2.0,447.0,435.0,,Eighty 7 walnuts 180gm Walnuts,2.68
,,food,20.0,5.0,350.0,330.0,,NattyNuts Premium Cashew 200 mg. Cashews,5.71
,,food,4.0,2.0,179.0,175.0,,Midiron Organic Premium Gluten Free Flax Seed,2.23
,,food,50.0,25.0,199.0,149.0,,Wonderland Foods Premium Quality Bay Leaves (Tej Patta),25.13
,,food,21.0,14.0,150.0,129.0,,PMW Dried Stem Less - Curry Leaf Powder - Karuvepillai ...,14.0
,,food,1.0,0.0,199.0,198.0,,Veg E Wagon Ajwain (Carrom Seeds) 250 gm,0.5
,,food,1.0,0.0,500.0,499.0,,Brimune Aloe Juice,0.2
,,food,0.0,0.0,10.0,10.0,,Cadbury Dairy Milk Chocolate Bars,0.0
,,food,300.0,23.0,1298.0,998.0,,MYFITNESS Chocolate Peanut Butter 2500 g 2.5 kg,23.11
,,food,0.0,0.0,110.0,110.0,,"TATA Rock Salt, 1KG Rock Salt",0.0
,,food,11.0,2.0,389.0,378.0,,Delight Nuts Pistachoios Roasted & Salted 200g Pistachi...,2.83
,,food,10.0,5.0,199.0,189.0,,VEDICINE Premium Quality Cinnmon Powder-Dalchini Powder,5.03
,,food,0.0,0.0,435.0,435.0,,"Manna Kodo Millet, Proso Millet, Little Millet, Foxtail...",0.0
,,food,24.0,9.0,249.0,225.0,,Alpino Organic Peanut Butter Smooth 400g 400 g,9.64
,,food,173.0,19.0,898.0,725.0,,Alpino Natural Honey Peanut Butter Crunch 2kg (1kg Pack...,19.27
,,food,51.0,11.0,450.0,399.0,,Nutty Gritties Premium Kalmi Dry Dates,11.33
,,food,130.0,26.0,499.0,369.0,,AS-IT-IS Nutrition Peanut Butter Creamy (Natural & Unsw...,26.05
,,food,59.0,14.0,395.0,336.0,,Rostaa Berrylicious (Mix Berries) Assorted Fruit,14.94
,,food,51.0,17.0,298.0,247.0,,Organic Forest White Quinoa (Keen-Wa) Quinoa,17.11
,,food,10.0,2.0,348.0,338.0,,"Organic India Tulsi Green Tea Lemon, Ginger Tea Bags Bo...",2.87
,,food,150.0,37.0,399.0,249.0,,Yuvika Laung - Syzygium aromaticum - Clove (100 GM),37.59
,,food,10.0,6.0,150.0,140.0,,Lipton Zest Lemon Green Tea Bags Box,6.67
,,food,200.0,18.0,1099.0,899.0,,Delight Nuts Pumpkin Seeds (Roasted & Salted)- 750gm (V...,18.2
,,food,46.0,2.0,1572.0,1526.0,,"SUN'A'DO Dry Fruits Combo Pack -Almonds, Cashew, Pistac...",2.93
,,food,140.0,28.0,499.0,359.0,,Shivram Peshawari & Bros Badam Almonds,28.06
,,food,925.0,77.0,1194.0,269.0,,zenulife Premium Quality Arabica Green Coffee Beans Pow...,77.47
,,food,306.0,34.0,875.0,569.0,,Teamonk Global Reeti Darjeeling White Tea Bags Box,34.97
,,food,200.0,25.0,800.0,600.0,,HealthVit SN250 Vinegar,25.0
,,food,150.0,18.0,799.0,649.0,,Shivram Peshawari & Bros Pista Kernels,18.77
,,food,77.0,12.0,598.0,521.0,,"Yogabar Wholegrain Breakfast Muesli+ - Fruits, Nuts + S...",12.88
,,food,125.0,17.0,700.0,575.0,,Ghasitaram Gifts Cashews Dryfruits-Goan Cashews 400 gms...,17.86
,,food,50.0,25.0,199.0,149.0,,Wonderland Foods Premium Quality Black Mustard Seeds (S...,25.13
,,food,2.0,0.0,390.0,388.0,,Haim Wholegrain Brown Rice Cakes with Quinoa and Chia S...,0.51
,,food,599.0,35.0,1698.0,1099.0,,Wonderland Foods Premium Whole -W240 Cashew Nuts (Bette...,35.28
,,food,40.0,15.0,265.0,225.0,,Happilo Californian Premium Sweet Dried Sliced Cranberr...,15.09
,,food,130.0,26.0,499.0,369.0,,AS-IT-IS Nutrition Peanut Butter Crunchy (Natural & Uns...,26.05
,,food,26.0,4.0,625.0,599.0,,"Akiva Superfoods Raw, Unfiltered, UnRefined Apple Cider...",4.16
,,food,1.0,0.0,200.0,199.0,,YUVIKA Methi Dana - Trigonella foenum-graecum - Fenugre...,0.5
,,food,0.0,0.0,10.0,10.0,,Parle Monaco Salted Biscuits,0.0
,,food,1.0,0.0,380.0,379.0,,Organic India Tulsi Original 100gm Tin (Pack of 2) Tuls...,0.26
,,food,60.0,12.0,499.0,439.0,,Midiron Roasted Flax Seed (250 gm) & Raw Sunflower Seed...,12.02
,,food,174.0,34.0,499.0,325.0,,Herbal Essentials Combo pack of 5 Himalayan Pink Salt (...,34.87
,,food,50.0,25.0,199.0,149.0,,"Glinter Lemon Flavour Soft Drink, 350ml",25.13
,,food,15.0,2.0,645.0,630.0,,Davinci Gourmet Irish Cream Flavored Syrup 750 ml,2.33
,,food,25.0,6.0,360.0,335.0,,"N2B Tomato Ketchup 1200g (Pack of 6, 200g each) Ketchup",6.94
,,food,120.0,20.0,599.0,479.0,,Midiron Raw Chia Seed with Sunflower Seed Healthy Pack ...,20.03
,,food,144.0,41.0,349.0,205.0,,Midiron Himalayan Black Salt (Kala Namak) 1 Kg Black Sa...,41.26
,,food,136.0,27.0,498.0,362.0,,"Organic Forest White Quinoa Seeds, 1kg Quinoa",27.31
,,food,0.0,0.0,310.0,310.0,,Pastificio Riscossa Semi Di Orzo Pasta,0.0
,,food,120.0,40.0,299.0,179.0,,Wonderland Foods Whole Coriander,40.13
,,food,20.0,6.0,290.0,270.0,,Mr.Kool Liquid Glucose Corn Syrup,6.9
,,food,30.0,10.0,279.0,249.0,,Alpino Super Muesli Nut Delight 400 G (Whole Grain Brea...,10.75
,,food,120.0,40.0,299.0,179.0,,Mr.Kool Premium Dark Brown Cocoa Powder 100gm Cocoa Pow...,40.13
,,food,351.0,43.0,800.0,449.0,,Wonderland Foods Premium Quality Combo of Whole Spices ...,43.88
,,food,0.0,0.0,580.0,580.0,,"Wonderland Foods Roasted Makhana Chaat Masala, Peri Per...",0.0
,,food,0.0,0.0,165.0,165.0,,Nutty Gritties Indian Long Green Raisins,0.0
,,food,10.0,10.0,100.0,90.0,,Foodvit Citric Acid Raising Ingredient Powder,10.0
,,food,35.0,10.0,349.0,314.0,,TGL Co. Morning Motivation Instant Coffee Powder Instan...,10.03
,,food,0.0,0.0,105.0,105.0,,Britannia Good Day Cashew Cookies,0.0
,,food,130.0,18.0,700.0,570.0,,NattyNuts 100% Natural & Rich In Taste Cashews,18.57
,,food,1277.0,63.0,1996.0,719.0,,Sinew Nutrition Green Coffee Beans (250g x 4 PC) for We...,63.98
,,food,130.0,22.0,580.0,450.0,,"Pranacharya Pranamrit Wheat Grass juice with Giloy, Pap...",22.41
,,food,5.0,1.0,325.0,320.0,,Vitro Certified Organic Amla Juice,1.54
,,food,124.0,25.0,496.0,372.0,,"LuvIt Chocorich Classic Eclairs, 384g - Pack of 4 Bars",25.0
,,food,300.0,30.0,999.0,699.0,,cloudem Rose Non Alcoholic Sparkling Drink - Ideal Fest...,30.03
,,food,600.0,40.0,1487.0,887.0,,Eighty 7 Broken cashew 900gm Cashews,40.35
,,food,732.0,65.0,1120.0,388.0,,Soft Art Energy Dried Seedless Turkish Apricot (Khumani...,65.36
,,food,300.0,30.0,999.0,699.0,,cloudem Bronze Non Alcoholic Sparkling Drink - Ideal Fe...,30.03
,,food,171.0,34.0,499.0,328.0,,Veg E Wagon Hexagon Salty And Spicy Biscuits,34.27
,,food,20.0,5.0,375.0,355.0,,Nutty Gritties Mix Berries 200g,5.33
,,food,150.0,46.0,325.0,175.0,,Wonderland Foods Premium Quality Fennel Seeds (Sauf),46.15
,,food,44.0,22.0,199.0,155.0,,Midiron Premium Quality Himalayan Black Salt Powder Kal...,22.11
,,food,91.0,14.0,640.0,549.0,,myfitness Smooth Crunchy Peanut Butter Combo (510g) 102...,14.22
,,food,821.0,68.0,1196.0,375.0,,"Naturewell Combo pack of Chia Seeds , Sunflower Seeds ,...",68.65
,,food,51.0,18.0,270.0,219.0,,Neuherbs Chia Seeds,18.89
,,food,3.0,0.0,780.0,777.0,,Haim Wholegrain Brown Rice with Quinoa and Chia Seeds (...,0.38
,,food,300.0,33.0,899.0,599.0,,"Vega Rica Non-Alcoholic White Wine,1 L",33.37
,,food,950.0,67.0,1399.0,449.0,,24 nature PREMIUM ALMONDS EXPORT QUALITY Almonds,67.91
,,food,100.0,26.0,375.0,275.0,,D NATURE FRESH Roasted & Salted Almonds 250g (Pouch) Al...,26.67
,,food,107.0,31.0,345.0,238.0,,Minar Golden Latte Mix 200gm (Pack of 1),31.01
,,food,0.0,0.0,190.0,190.0,,Wonderland Roasted & Salted 100g Pistachios,0.0
,,food,200.0,36.0,549.0,349.0,,Nutrovally green coffee Beans Powder for Weight Loss (A...,36.43
,,food,23.0,2.0,798.0,775.0,,Delight Nuts Natural Mix - 200gm (Pack of 2) Assorted N...,2.88
,,food,0.0,0.0,190.0,190.0,,"Wonderland Foods Pistachios Roasted and Salted, 100g Pi...",0.0
,,food,20.0,6.0,288.0,268.0,,Junior Horlicks Original Flavour - Stage 2,6.94
,,food,140.0,20.0,700.0,560.0,,TE-A-ME Long Leaf Pack of 4 (4 X 200g = 800g) Green Tea...,20.0
,,food,18.0,5.0,306.0,288.0,,Veg E Wagon Haldi (Turmeric) Whole 1000 gm,5.88
,,food,0.0,0.0,295.0,295.0,,"Pastificio Riscossa Gluten Free Penne Rigate Pasta, 340...",0.0
,,food,194.0,40.0,475.0,281.0,,"Bliss of Earth Certified Organic Black Seed Oil, Kalonj...",40.84
,,food,0.0,0.0,27.0,27.0,,Nandini Good Life Toned Milk,0.0
,,food,15.0,4.0,320.0,305.0,,Farm Honey Wild Honey,4.69
,,food,160.0,25.0,630.0,470.0,,Healthkart Apple Cider Vinegar with Mother (Ginger Garl...,25.4
,,food,2055.0,68.0,3000.0,945.0,,"HealthNutriva Apple Cider Vinegar with Ginger, Garlic ,...",68.5
,,food,20.0,6.0,288.0,268.0,,Junior Horlicks Vanilla Flavour - Stage 1,6.94
,,food,371.0,46.0,800.0,429.0,,Wonderland Foods Pumpkin Seed Pack of 2 (200g Each),46.38
,,food,322.0,32.0,1000.0,678.0,,Balance Natural Diabetic & Keto friendly Sugar Free Swe...,32.2
,,food,15.0,4.0,350.0,335.0,,Farm Honey Cardomom Honey,4.29
,,food,70.0,28.0,249.0,179.0,,Midiron 100 % Natural Premium Raisin Raisins,28.11
,,food,82.0,18.0,450.0,368.0,,Veg E Wagon Green Kishmish (Raisins) Regular 500 gm Rai...,18.22
,,food,26.0,2.0,880.0,854.0,,Delight Nuts Berries Combo Pack - Dried Cranberries 200...,2.95
,,food,0.0,0.0,275.0,275.0,,Blue Elephant Rice Vinegar,0.0
,,food,140.0,20.0,700.0,560.0,,TE-A-ME Charge Pack of 4 (4 X 25 = 100 Tea Bags) Ginger...,20.0
,,food,14.0,4.0,300.0,286.0,,True Elements Raw Chia Seeds and Raw Sunflower Seeds,4.67
,,food,110.0,9.0,1199.0,1089.0,,Midiron Pumpkin Seed & Raw Sunflower Seed Healthy Pack ...,9.17
,,food,750.0,75.0,999.0,249.0,,FRUIT NUT Premium Export Quality Mango Mango,75.08
,,food,300.0,30.0,999.0,699.0,,cloudem Blue Non Alcoholic Sparkling Drink - Ideal Fest...,30.03
,,food,130.0,14.0,899.0,769.0,,Midiron Organics Pumpkin Seeds - Gluten Free Non-GMO Pu...,14.46
,,food,170.0,42.0,399.0,229.0,,Yuvika Kahu Jeera | Kahoo Jeera - Lactuca Sativa (100 G...,42.61
,,food,778.0,74.0,1047.0,269.0,,VIHADO Pure Green Coffee Beans for Weight Loss For Men ...,74.31
,,food,20.0,2.0,680.0,660.0,,Delight Nuts Dried Cranberries - 200gm (Pack of 2) Cran...,2.94
,,food,578.0,52.0,1107.0,529.0,,NutroVally Organic green coffee beans for weight loss 2...,52.21
,,food,50.0,8.0,585.0,535.0,,Protinex Original,8.55
,,food,74.0,18.0,408.0,334.0,,Veg E Wagon Pudina Goli and Amla Candy 250 gm Combo Swe...,18.14
,,food,330.0,55.0,599.0,269.0,,Wonderland Foods Whole Coriander Seeds (Sabut Dhaniya),55.09
,,food,7.0,2.0,295.0,288.0,,Vitro Certified Organic Aloe Vera Juice with Fiber,2.37
,,food,0.0,0.0,418.0,418.0,,Jiva Aloe Vera Juice (500 ml) Pack of 2,0.0
,,food,305.0,49.0,618.0,313.0,,Soft Art Celebrations Dried Cranberries Candy Vaccum Pa...,49.35
,,food,10.0,7.0,135.0,125.0,,CCDS Castor Sugar 500 gm Sugar,7.41
,,food,225.0,45.0,499.0,274.0,,Yuvika Afteeyun | Aftiun | Afttimoon | Amar Bel | Aakas...,45.09
,,food,59.0,10.0,590.0,531.0,,Happilo Californian Premium Sweet Dried Whole Cranberri...,10.0
,,food,105.0,23.0,450.0,345.0,,D NATURE FRESH Raw Cashews 250g (Box) Cashews,23.33
,,food,35.0,10.0,350.0,315.0,,Farm Honey Moringa Honey,10.0
,,food,0.0,0.0,180.0,180.0,,Nestle NesPlus Crunchy Flakes Corn and Oats,0.0
,,food,100.0,28.0,349.0,249.0,,Let's GoNuts Whole Cashew Nuts (Kaju) Cashews,28.65
,,food,136.0,34.0,400.0,264.0,,Wonderland Roasted Jumbo Pumpkin Seed -200 g,34.0
,,food,164.0,27.0,599.0,435.0,,TGL Co. Pure Matcha Green Tea Powder | Rich in Antioxid...,27.38
,,food,2691.0,44.0,5990.0,3299.0,,kaykon Pure Kashmiri Kesar Premium Quality Saffron 2-4 ...,44.92
,,food,284.0,51.0,550.0,266.0,,Bliss of Earth 500ML Certified Organic Sunflower Oil Fo...,51.64
,,food,40.0,11.0,360.0,320.0,,Farm Honey Jamun Honey,11.11
,,food,126.0,20.0,625.0,499.0,,Akiva Superfoods Extra Light 100% Organic Raw Coconut O...,20.16
,,food,6.0,2.0,285.0,279.0,,Nutty Gritties Dried US Cranberries 200g Cranberries,2.11
,,food,399.0,19.0,1998.0,1599.0,,kaykon Kashmiri Kishmish Pure Green Raisin - 2 KG Raisi...,19.97
,,food,309.0,31.0,989.0,680.0,,Singla Best Quality Kaju katli Box,31.24
,,food,40.0,10.0,399.0,359.0,,Shivram Peshawari & Bros Khubani Apricots,10.03
,,food,0.0,0.0,235.0,235.0,,Nestle Cerelac Wheat Orange Cereal,0.0
,,food,2.0,1.0,120.0,118.0,,Lipton Loose Green Tea Box,1.67
,,food,150.0,50.0,299.0,149.0,,Yuvika Bahera Sabut - Terminalia Bellirica - Bahera Who...,50.17
,,food,288.0,15.0,1920.0,1632.0,,Rostaa Berrylicious (Mix Berries) Assorted Fruit,15.0
,,food,201.0,26.0,750.0,549.0,,Nutty Gritties Jumbo California Almonds,26.8
,,food,200.0,18.0,1099.0,899.0,,Delight Nuts Chia Seeds- 750gm (Value Pack) Assorted Nu...,18.2
,,food,49.0,12.0,398.0,349.0,,VEDICINE Raw Basil Seeds |Tukmariya |Sabja |Bapji Seed ...,12.31
,,food,120.0,40.0,299.0,179.0,,Midiron Mix Colourful Sugar Coated SAUNF| Colourful Fen...,40.13
,,food,0.0,0.0,549.0,549.0,,Ferns N Petals 5 Star Chocolate Gift in a Black Mug For...,0.0
,,food,77.0,8.0,960.0,883.0,,"True Elements Antioxidant Mix,Roasted Sunflower, Pumpki...",8.02
,,food,11.0,7.0,150.0,139.0,,Neuherbs Brown Flax Seeds,7.33
,,food,20.0,19.0,105.0,85.0,,Real Fruit Juice - Litchi,19.05
,,food,55.0,12.0,425.0,370.0,,Vitro Certified Organic Noni Juice,12.94
,,food,94.0,31.0,299.0,205.0,,Naturewell White Rajma Chithra (Whole),31.44
,,food,14.0,5.0,249.0,235.0,,"Midiron Sesame Seed, Organic Sesame Seed/ White Till Ri...",5.62
,,food,0.0,0.0,1350.0,1350.0,,Saffola Aura Refined Olive and Flaxseed Blended Oil Pla...,0.0
,,food,1.0,0.0,600.0,599.0,,Saffola Aura Extra Virgin Olive and Flaxseed EV Blended...,0.17
,,food,206.0,25.0,800.0,594.0,,Wonderland Raw Cashews,25.75
,,food,4.0,2.0,200.0,196.0,,"True Elements Raw Flax Seeds, High in Omega 3",2.0
,,food,14.0,5.0,275.0,261.0,,Onlyleaf 100% Natural Anti-Oxidant Rich Dandelion Herbs...,5.09
,,food,46.0,10.0,435.0,389.0,,Nutty Gritties Southern Pepper Cashews,10.57
,,food,100.0,22.0,451.0,351.0,,Ghasitaram Gifts Cashews Dryfruits-Goan Cashews 200 gms...,22.17
,,food,14.0,7.0,199.0,185.0,,Midiron Himalayan White Rock Salt Premium Quality (Send...,7.04
,,food,0.0,0.0,263.0,263.0,,Horlicks Royal Kesar Badam Flavour,0.0
,,food,330.0,42.0,770.0,440.0,,Bliss of Earth 2X250 GM High Curcumin Lakadong Turmeric...,42.86
,,food,600.0,60.0,999.0,399.0,,zenulife Premium Quality Organic Green Coffee Beans Pow...,60.06
,,food,163.0,27.0,597.0,434.0,,"axium axs158 garden mukhwas, gulab mukhwas Mouth Freshe...",27.3
,,food,137.0,39.0,349.0,212.0,,Midiron Organic Raw Sunflower Seeds (300 g),39.26
,,food,91.0,14.0,640.0,549.0,,MYFITNESS Crunchy Peanut Butter (510g) 1020 g,14.22
,,food,23.0,2.0,798.0,775.0,,Delight Nuts Cashew Roasted & Salted -200gm (Pack of 2)...,2.88
,,food,110.0,25.0,425.0,315.0,,Glomin 100% Natural Premium Whole Nuts Cashews,25.88
,,food,150.0,42.0,349.0,199.0,,Yuvika Tej Patta - Cinnamomum Tamala - Bay Leaves (200 ...,42.98
,,food,170.0,48.0,349.0,179.0,,Yuvika Bahera Sabut - Terminalia Bellirica - Bahera Who...,48.71
,,food,51.0,4.0,1200.0,1149.0,,Akiva Superfoods Wheatgrass Health Shots for Detox & Im...,4.25
,,food,37.0,7.0,520.0,483.0,,"True Elements Baked Granola with Rolled Oats, Cranberri...",7.12
,,food,0.0,0.0,785.0,785.0,,Lune De Miel Organic pure,0.0
,,food,122.0,20.0,600.0,478.0,,Veg E Wagon Munakka (Jumbo Raisins) Premium 500 gm Rais...,20.33
,,food,69.0,16.0,408.0,339.0,,Veg E Wagon Hing Peda 500 gm Hing,16.91
,,food,19.0,3.0,520.0,501.0,,"Indigenous honey raw, organic, unprocessed, unfiltered,...",3.65
,,food,16.0,7.0,215.0,199.0,,YUVIKA Kali Mirch - Black Pepper - Piper Nigrum,7.44
,,food,71.0,10.0,670.0,599.0,,Healthkart ACV For Weight Management Vinegar,10.6
,,food,170.0,42.0,399.0,229.0,,Yuvika Tej Patta Powder - Cinnamomum Tamala - Bay Leave...,42.61
,,food,22.0,14.0,150.0,128.0,,Veg E Wagon Rai (Mustard) # 1 500 gm,14.67
,,food,0.0,0.0,245.0,245.0,,Blue Elephant Red Chili Sauce,0.0
,,food,14.0,5.0,280.0,266.0,,Manna Ethnic Proso Millet,5.0
,,food,0.0,0.0,170.0,170.0,,Nestle Koko Krunch Choco Burst,0.0
,,food,425.0,53.0,799.0,374.0,,Midiron Amla Dehydrated Sweet Candy Tasty & Healthy Can...,53.19
,,food,200.0,40.0,490.0,290.0,,Bliss of Earth 1KG Authentic Pakistani Himalayan Pink S...,40.82
,,food,15.0,3.0,499.0,484.0,,Delight Nuts Flax Seeds Roasted & Salted- 750gm (Value ...,3.01
,,food,0.0,0.0,399.0,399.0,,Coco Soul Cold Pressed Natural Virgin VCNO Coconut Oil ...,0.0
,,food,130.0,43.0,299.0,169.0,,Glomin Premium Seedless Green (Kishmish) Raisins,43.48
,,food,169.0,42.0,399.0,230.0,,Midiron Himalayan Rock Salt Premium Quality (Sendha Nam...,42.36
,,food,46.0,10.0,435.0,389.0,,Nutty Gritties Southern Pepper Cashew Nuts,10.57
,,food,60.0,30.0,199.0,139.0,,Yuvika Bel Patta Powder (100 GM),30.15
,,food,16.0,4.0,375.0,359.0,,True Elements Dried Blueberries Blueberry,4.27
,,food,25.0,5.0,420.0,395.0,,"Nutty Gritties Jumbo Roasted Cashewnuts, Lightly Salted",5.95
,,food,350.0,58.0,599.0,249.0,,zenulife Premium Strong & Natural Green Coffee 200 g In...,58.43
,,food,0.0,0.0,420.0,420.0,,BHARAT HONEY KASHMIRI HONEY 500 G,0.0
,,food,17.0,5.0,325.0,308.0,,True Elements Whole Oats Groats Whole Wheat,5.23
,,food,23.0,2.0,778.0,755.0,,Delight Nuts Pistachios Roasted & Salted- 200gm (Pack o...,2.96
,,food,14.0,5.0,275.0,261.0,,Onlyleaf 100% Natural Anti-Oxidant Rose Rose Green Tea ...,5.09
,,food,371.0,38.0,970.0,599.0,,Shara's W240 Jumbo Size Cashew Nuts I Kaju I Cashews,38.25
,,food,0.0,0.0,480.0,480.0,,Wonderland FOODS (DEVICE) Roasted Makhana Sea Salt and ...,0.0
,,food,0.0,0.0,30.0,30.0,,Haldiram's Mixture,0.0
,,food,41.0,6.0,600.0,559.0,,"True Elements Raw Chia Seeds for Weight Loss, High in C...",6.83
,,food,61.0,16.0,360.0,299.0,,Sonal Dry fruit Premium California Almonds Almonds,16.94
,,food,51.0,12.0,400.0,349.0,,"Yogabar Multigrain Energy Bars - (Nuts and Seeds, 38gm ...",12.75
,,food,150.0,15.0,999.0,849.0,,Ketofy Almond Butter (2x200g) 200 g,15.02
,,food,500.0,50.0,999.0,499.0,,HealthViva With Mother Vinegar Vinegar,50.05
,,food,178.0,29.0,597.0,419.0,,"axium axs192 Orange Candy, Black Candy, Anardana Goli C...",29.82
,,food,120.0,60.0,199.0,79.0,,PMW Fenugreek Seeds - Menthulu - Methi Seeds - Trigonel...,60.3
,,food,180.0,48.0,369.0,189.0,,SFT Yellow Peanut (Whole),48.78
,,food,25.0,9.0,270.0,245.0,,Balaji Premium Almonds,9.26
,,food,403.0,67.0,598.0,195.0,,Herbal Essentials Combo Pack of Chia Seed & Quinoa Seed...,67.39
,,food,201.0,28.0,700.0,499.0,,Nutty Desires Cashews 250 g (Premium whole Kaju) Cashew...,28.71
,,food,46.0,9.0,495.0,449.0,,Nutty Gritties Dried Blueberrries 150g Blueberry,9.29
,,food,29.0,7.0,378.0,349.0,,NutroActive Sweet Basil Seeds,7.67
,,food,648.0,64.0,997.0,349.0,,FRUIT NUT Premium Imported quality Cashew Cashews,64.99
,,food,0.0,0.0,400.0,400.0,,Manna 100% Natural & Gluten Free Proso Millet,0.0
,,food,31.0,6.0,480.0,449.0,,"Freshzo Lime Juice Concentrate, 250ml (Pack of 6) (1500...",6.46
,,food,350.0,24.0,1450.0,1100.0,,Singla Best Quality Kaju Katli (1 kg) Box,24.14
,,food,684.0,68.0,998.0,314.0,,Herbsjoy Mother Vinegar Vinegar,68.54
,,food,129.0,12.0,1021.0,892.0,,"Eighty7 California Almonds(250g), Cashews(250g) and Rai...",12.63
,,food,150.0,20.0,749.0,599.0,,Cadbury Valentine Special Heart Shape Chocolate Gift Ha...,20.03
,,food,298.0,41.0,725.0,427.0,,Bliss of Earth Certified Organic Edible Flaxseed oil Fl...,41.1
,,food,0.0,0.0,499.0,499.0,,Natturano Premium Organic Cold Pressed Til / Sesame Oil...,0.0
,,food,54.0,10.0,539.0,485.0,,TGL Co. Morning Motivation Instant Coffee Powder Freeze...,10.02
,,food,37.0,15.0,245.0,208.0,,Veg E Wagon Rai (Mustard) # 2 1000 gm,15.1
,,food,0.0,0.0,420.0,420.0,,"Cadbury Chocolate Bar, 60 gm - Pack of 6 Bars",0.0
,,food,15.0,9.0,155.0,140.0,,Pintola Classic Peanut Butter-(Crunchy) 350 g,9.68
,,food,220.0,44.0,499.0,279.0,,e food factory Black Kishmish (Raisins) Regular 250 In ...,44.09
,,food,3.0,0.0,780.0,777.0,,Haim Organic Wholegrain Brown Rice Cakes with Buckwheat...,0.38
,,food,90.0,20.0,449.0,359.0,,"Midiron Pumpkin Seeds (350 gm), Rich in Zinc & Powerhou...",20.04
,,food,0.0,0.0,1100.0,1100.0,,Fabelle The Bars Trilogy Bars,0.0
,,furn,800.0,29.0,2699.0,1899.0,,Portronics Cool Pad Wood Portable Laptop Table,29.64
,,furn,419.0,41.0,999.0,580.0,,Ebee Metal Kitchen Cabinet,41.94
,,furn,2535.0,65.0,3884.0,1349.0,,Traders5253 Carbon Steel Collapsible Wardrobe,65.27
,,furn,2164.0,83.0,2599.0,435.0,,Sauran LCD/LED/PLASMA TV Swivel Type Movable Wall mount...,83.26
,,furn,500.0,33.0,1499.0,999.0,,MemeHO BL Wood Portable Laptop Table,33.36
,,furn,984.0,42.0,2289.0,1305.0,,NAKODA Plastic Free Standing Chest of Drawers,42.99
,,furn,150.0,14.0,1049.0,899.0,,Flipkart Perfect Homes Studio Metal Open Book Shelf,14.3
,,furn,50.0,4.0,1049.0,999.0,,Flipkart Perfect Homes Studio Metal Open Book Shelf,4.77
,,furn,1200.0,40.0,2999.0,1799.0,,Portronics Mybuddy L Por-833 Wood Portable Laptop Table,40.01
,,furn,1600.0,50.0,3199.0,1599.0,,FurnCentral Metal Open Book Shelf,50.02
,,furn,800.0,29.0,2699.0,1899.0,,Portronics POR-703 My Buddy Plus (Bamboo) Wood Portable...,29.64
,,furn,1200.0,57.0,2099.0,899.0,,LINGAZ TB-04 Wood Portable Laptop Table,57.17
,,furn,2004.0,66.0,2999.0,995.0,,Flipzon Baby 6 Shelve Unbreakable Material PVC Collapsi...,66.82
,,furn,400.0,44.0,899.0,499.0,,Ebee Metal Shoe Stand,44.49
,,furn,1060.0,38.0,2759.0,1699.0,,Flipkart Perfect Homes Studio Metal Open Book Shelf,38.42
,,furn,600.0,46.0,1299.0,699.0,,Ebee Metal Shoe Stand,46.19
,,furn,1450.0,72.0,1999.0,549.0,,PARASNATH Parasnath 4-5 Utility Shoe Rack Cabinet (Red)...,72.54
,,furn,1000.0,33.0,2999.0,1999.0,,FurnCentral Metal Kitchen Cabinet,33.34
,,furn,785.0,68.0,1150.0,365.0,,Sauran 26-55 inch Heavy TV Wall Mount for all types of ...,68.26
,,furn,1260.0,45.0,2759.0,1499.0,,Flipkart Perfect Homes Studio Metal Open Book Shelf,45.67
,,furn,4100.0,82.0,4999.0,899.0,,Sasimo 1-Door 6-Shelf Fabric Collapsible Carbon Steel C...,82.02
,,furn,950.0,38.0,2499.0,1549.0,,Continental 6 + 2 Shelves 3 Door 88130 Brown PP Collaps...,38.02
,,furn,1109.0,61.0,1799.0,690.0,,CMerchants Shoe Stand 6 Layer Metal Collapsible Shoe St...,61.65
,,furn,2000.0,50.0,3999.0,1999.0,,Flipkart Perfect Homes Studio XXXL Classic Classic Bean...,50.01
,,furn,1509.0,75.0,1999.0,490.0,,CMerchants Classic-Flower05-Stand Metal Collapsible Sho...,75.49
,,furn,3809.0,24.0,15299.0,11490.0,,Flipkart Perfect Homes Opus Engineered Wood Queen Box B...,24.9
,,furn,2050.0,68.0,2999.0,949.0,,Ebee PVC Collapsible Wardrobe,68.36
,,furn,624.0,52.0,1199.0,575.0,,Ebee Metal Collapsible Shoe Stand,52.04
,,furn,340.0,31.0,1089.0,749.0,,Flipkart Perfect Homes Studio Metal Kitchen Cabinet,31.22
,,furn,1710.0,28.0,5900.0,4190.0,,@home by Nilkamal Finley Engineered Wood Study Table,28.98
,,furn,959.0,73.0,1299.0,340.0,,SM Fashion LCD/LED/PLASMA TV Swivel Type Movable Wall m...,73.83
,,furn,4300.0,61.0,6999.0,2699.0,,Furn Central PVC (Polyvinyl Chloride) 2 Seater Inflatab...,61.44
,,furn,500.0,45.0,1099.0,599.0,,Ebee Metal Shoe Stand,45.5
,,furn,1700.0,56.0,2999.0,1299.0,,Flipkart Perfect Homes Studio 2 Door 4 Shelf PP Collaps...,56.69
,,furn,2001.0,55.0,3600.0,1599.0,,FOLDDON FD123BG PP (Polypropylene) Collapsible Wardrobe,55.58
,,furn,2880.0,52.0,5500.0,2620.0,,RoyalOak Angry Bird Kids Engineered Wood Study Table,52.36
,,furn,510.0,14.0,3500.0,2990.0,,Nilkamal Leo Engineered Wood Computer Desk,14.57
,,furn,519.0,51.0,999.0,480.0,,Ebee Metal Collapsible Shoe Stand,51.95
,,furn,500.0,50.0,999.0,499.0,,"Blendia LED LCD PLASMA TV Wall Mount 10"" to 26"" Movable...",50.05
,,furn,800.0,61.0,1299.0,499.0,,Ebee Metal Kitchen Cabinet,61.59
,,furn,3510.0,46.0,7500.0,3990.0,,@home by Nilkamal Engineered Wood Shoe Rack,46.8
,,furn,409.0,40.0,999.0,590.0,,FurnCentral Metal Kitchen Cabinet,40.94
,,furn,6313.0,54.0,11499.0,5186.0,,Flipkart Perfect Homes Rhea 4 inch Queen PU Foam Mattre...,54.9
,,furn,500.0,62.0,799.0,299.0,,"CAPITAL Ultra Slim tv LCD LED TVs Wall Mount Stand 21"" ...",62.58
,,furn,300.0,18.0,1599.0,1299.0,,Snazzy Lightweight Laptop Wood Portable Laptop Table,18.76
,,furn,1150.0,38.0,2999.0,1849.0,,FurnCentral Metal Kitchen Cabinet,38.35
,,furn,3365.0,50.0,6699.0,3334.0,,Flipkart Perfect Homes Rhea 4 inch Single PU Foam Mattr...,50.23
,,furn,670.0,15.0,4260.0,3590.0,,Crystal Furnitech Avia Engineered Wood Coffee Table,15.73
,,furn,3250.0,25.0,12999.0,9749.0,,NapCloud SmartNap 4 inch King High Resilience (HR) Foam...,25.0
,,furn,271.0,2.0,13361.0,13090.0,,SleepX Dual Medium Soft & Hard 6 inch Queen Bonded Foam...,2.03
,,furn,549.0,30.0,1798.0,1249.0,,FurnCentral Engineered Wood Portable Laptop Table,30.53
,,furn,3000.0,75.0,3999.0,999.0,,"Gymfy Plastic, Metal Collapsible Shoe Stand",75.02
,,furn,4509.0,32.0,13999.0,9490.0,,Flipkart Perfect Homes Carol Engineered Wood Queen Bed,32.21
,,furn,3750.0,25.0,14999.0,11249.0,,NapCloud ZipNap 6 inch Double Memory Foam Mattress,25.0
,,furn,800.0,53.0,1499.0,699.0,,Jillong 17011 Portable Pool,53.37
,,furn,1609.0,26.0,5999.0,4390.0,,Flipkart Perfect Homes Cole Medium Shoe Rack,26.82
,,furn,3500.0,25.0,13999.0,10499.0,,NapCloud ZipNap 6 inch Single Memory Foam Mattress,25.0
,,furn,5009.0,31.0,15999.0,10990.0,,Flipkart Perfect Homes Julian Engineered Wood 3 Door Wa...,31.31
,,furn,1260.0,30.0,4159.0,2899.0,,Flipkart SmartBuy PVC 3 Seater Inflatable Sofa,30.3
,,furn,3509.0,30.0,11499.0,7990.0,,Flipkart Perfect Homes Julian Engineered Wood 2 Door Wa...,30.52
,,furn,4875.0,25.0,19499.0,14624.0,,NapCloud ZipNap Plus 8 inch Queen Memory Foam Mattress,25.0
,,furn,1300.0,40.0,3199.0,1899.0,,FurnCentral Metal Open Book Shelf,40.64
,,furn,950.0,38.0,2499.0,1549.0,,Continental 6+2 Shelves 3 Door 88130 PP Collapsible War...,38.02
,,furn,100.0,25.0,399.0,299.0,,"CAPITAL Ultra Slim LCD LED TVs Wall Mount Stand 21"" to ...",25.06
,,furn,5000.0,25.0,19999.0,14999.0,,NapCloud ZipNap 6 inch King Memory Foam Mattress,25.0
,,furn,6503.0,39.0,16293.0,9790.0,,Spacewood Original Engineered Wood Dressing Table,39.91
,,furn,400.0,28.0,1399.0,999.0,,FurnCentral Canvas Swing,28.59
,,furn,2300.0,57.0,3999.0,1699.0,,urban choice 88130 Cotton Collapsible Wardrobe,57.51
,,furn,530.0,53.0,999.0,469.0,,Luximal Cotton Home Swing for Baby Julla Cotton Swing,53.05
,,furn,5500.0,25.0,21999.0,16499.0,,NapCloud ZipNap Plus 8 inch King Memory Foam Mattress,25.0
,,furn,933.0,40.0,2323.0,1390.0,,NAKODA Plastic Free Standing Chest of Drawers,40.16
,,furn,3400.0,85.0,3999.0,599.0,,Sasimo 1-Door 4-Shelf Fabric Metal Collapsible Shoe Sta...,85.02
,,furn,770.0,77.0,999.0,229.0,,CAPITAL 21 - 43 Fixed TV Mount Fixed TV Mount,77.08
,,furn,180.0,7.0,2470.0,2290.0,,Nilkamal Plastic Shoe Rack,7.29
,,furn,950.0,38.0,2499.0,1549.0,,Continental 6+2 Shelves 3 door 88130 PP Collapsible War...,38.02
,,furn,1301.0,28.0,4600.0,3299.0,,RoyalOak Opel Engineered Wood Bedside Table,28.28
,,furn,451.0,27.0,1650.0,1199.0,,Smart Shelter Wood Portable Laptop Table,27.33
,,furn,970.0,42.0,2289.0,1319.0,,NAKODA Plastic Free Standing Chest of Drawers,42.38
,,furn,600.0,27.0,2199.0,1599.0,,Snazzy Prremium Quality Multi-Purpose Wood Portable Lap...,27.29
,,furn,1600.0,61.0,2599.0,999.0,,Sasimo 1-Door 6-Shelf Fabric Metal Collapsible Shoe Sta...,61.56
,,furn,841.0,38.0,2190.0,1349.0,,Joyful Plastic Free Standing Chest of Drawers,38.4
,,furn,895.0,16.0,5385.0,4490.0,,RoyalOak Disney Engineered Wood Study Table,16.62
,,furn,1029.0,21.0,4719.0,3690.0,,Crystal Furnitech Sigma Engineered Wood Coffee Table,21.81
,,furn,4200.0,60.0,6999.0,2799.0,,DIAL FOR STYLE DREAM Airsofa PVC 3 Seater Inflatable So...,60.01
,,furn,1596.0,17.0,9386.0,7790.0,,Spacewood Winner Engineered Wood Study Table,17.0
,,furn,350.0,31.0,1099.0,749.0,,Ebee Plastic Kitchen Trolley,31.85
,,furn,110.0,1.0,6100.0,5990.0,,Nilkamal Zenith Engineered Wood Computer Desk,1.8
,,furn,1000.0,62.0,1599.0,599.0,,Gymfy Multipurpose Home Utility Collapsible Stand2 Meta...,62.54
,,furn,951.0,38.0,2500.0,1549.0,,GTC 6+2 Layer Fold able Wardrobe 88130M Carbon Steel Co...,38.04
,,furn,910.0,60.0,1499.0,589.0,,Regalo Stool,60.71
,,furn,2209.0,33.0,6499.0,4290.0,,Flipkart Perfect Homes Cluedo Glass Coffee Table,33.99
,,furn,373.0,2.0,14063.0,13690.0,,Peps Springkoil Normal Top Blue 10 inch Double Bonnell ...,2.65
,,furn,524.0,52.0,999.0,475.0,,Continental Storage Box Portable & Foldable Laundry Box...,52.45
,,furn,1409.0,17.0,7999.0,6590.0,,Flipkart Perfect Homes Dalton Study Table,17.61
,,furn,30.0,1.0,2520.0,2490.0,,Spacewood Engineered Wood Coffee Table,1.19
,,furn,51010.0,72.0,70000.0,18990.0,,Muebles Casa Croma Leatherette 3 Seater  Sofa,72.87
,,furn,90.0,1.0,5880.0,5790.0,,Nilkamal FMDR1C Plastic Free Standing Cabinet,1.53
,,furn,65.0,2.0,2755.0,2690.0,,Cello Plastic Shoe Rack,2.36
,,furn,600.0,60.0,999.0,399.0,,Mantavya KIds & Adults Cotton Swing,60.06
,,furn,196.0,7.0,2586.0,2390.0,,Cello Proline Plastic Outdoor Table,7.58
,,furn,700.0,46.0,1499.0,799.0,,ReTrack Heavy Duty Single Arm LCD Monitor Stand 19 To 4...,46.7
,,furn,1090.0,41.0,2625.0,1535.0,,Joyful Plastic Free Standing Chest of Drawers,41.52
,,furn,2210.0,44.0,5000.0,2790.0,,Valtos Engineered Wood Bedside Table,44.2
,,furn,1026.0,51.0,1999.0,973.0,,FurnCentral Fabric Shoe Stand,51.33
,,furn,1809.0,10.0,16999.0,15190.0,,Flipkart Perfect Homes Atiu Metal 4 Seater Dining Set,10.64
,,furn,133.0,14.0,932.0,799.0,,MX Ultra Slim Lcd Led Tv Plasma Wall Mount Stand 32 To ...,14.27
,,furn,800.0,32.0,2499.0,1699.0,,Karmax Wood Portable Laptop Table,32.01
,,furn,449.0,24.0,1798.0,1349.0,,FurnCentral Wood Portable Laptop Table,24.97
,,furn,1570.0,31.0,5000.0,3430.0,,RoyalOak MICKIES Engineered Wood Study Table,31.4
,,furn,3900.0,79.0,4899.0,999.0,,Sasimo 1-Door 6-Shelf Fabric Metal Collapsible Shoe Sta...,79.61
,,furn,1008.0,63.0,1599.0,591.0,,Gymfy COLLAPSIBLE SHOE STAND Plastic Collapsible Shoe S...,63.04
,,furn,50.0,3.0,1599.0,1549.0,,Snazzy (Extra Large) Wood Portable Laptop Table,3.13
,,furn,4400.0,48.0,8990.0,4590.0,,RoyalOak Engineered Wood Shoe Rack,48.94
,,furn,1450.0,65.0,2199.0,749.0,,Ebee Plastic Kitchen Trolley,65.94
,,furn,3610.0,48.0,7500.0,3890.0,,@home by Nilkamal Engineered Wood Shoe Rack,48.13
,,furn,11100.0,61.0,17990.0,6890.0,,HomeTown Albert Engineered Wood Free Standing Cabinet,61.7
,,furn,15421.0,43.0,35811.0,20390.0,,Spacewood Engineered Wood King Box Bed,43.06
,,furn,6009.0,30.0,19999.0,13990.0,,Flipkart Perfect Homes Waltz Engineered Wood Queen Box ...,30.05
,,furn,1100.0,55.0,1999.0,899.0,,FurnCentral Fabric Shoe Stand,55.03
,,furn,600.0,46.0,1299.0,699.0,,FurnCentral Metal Display Unit,46.19
,,furn,650.0,29.0,2199.0,1549.0,,Snazzy (Extra Large) Metal Portable Laptop Table,29.56
,,furn,801.0,40.0,2000.0,1199.0,,Shopper52 Standard Double Dustproof & Dampproof Shoe Ra...,40.05
,,furn,644.0,5.0,10834.0,10190.0,,SleepX Dual Medium Soft & Hard 5 inch Queen Bonded Foam...,5.94
,,furn,1100.0,61.0,1799.0,699.0,,Ebee Metal Collapsible Shoe Stand,61.15
,,furn,1610.0,80.0,1999.0,389.0,,Eduway 1.5X2 Display Board Notice Board,80.54
,,furn,6303.0,44.0,14193.0,7890.0,,Flipkart Perfect Homes Sheesham Wood Solid Wood Coffee ...,44.41
,,furn,619.0,51.0,1199.0,580.0,,CMerchants 5 SHELF STAND MAROON Metal Collapsible Shoe ...,51.63
,,furn,1609.0,24.0,6499.0,4890.0,,Flipkart Perfect Homes Engineered Wood Close Book Shelf,24.76
,,furn,1200.0,42.0,2799.0,1599.0,,Flipkart SmartBuy PP Collapsible Wardrobe,42.87
,,furn,951.0,38.0,2500.0,1549.0,,GTC 6+2 Layer Fold able Wardrobe 88130C Carbon Steel Co...,38.04
,,furn,3100.0,62.0,4999.0,1899.0,,Ebee Engineered Wood Computer Desk,62.01
,,furn,1401.0,70.0,2000.0,599.0,,"Shopper52 Plastic, Metal Collapsible Shoe Stand",70.05
,,furn,431.0,61.0,700.0,269.0,,"MX Ultra Slim LCD LED TVs Wall Mount Stand 26"" to 55"" i...",61.57
,,furn,1350.0,45.0,2999.0,1649.0,,Flipkart Perfect Homes Studio XXL Classic Bean Bag  Wit...,45.02
,,furn,390.0,35.0,1089.0,699.0,,Flipkart Perfect Homes Studio Metal Kitchen Cabinet,35.81
,,furn,1100.0,45.0,2399.0,1299.0,,Curio Centre Cotton Swing,45.85
,,furn,1904.0,63.0,2999.0,1095.0,,Flipzon Baby 6 Shelve Unbreakable Material PVC Collapsi...,63.49
,,furn,1692.0,19.0,8482.0,6790.0,,Furn Central Engineered Wood Shoe Rack,19.95
,,furn,187.0,18.0,999.0,812.0,,Nayasa Stool,18.72
,,furn,739.0,36.0,2038.0,1299.0,,Royaldeals 88130 Polyester Collapsible Wardrobe,36.26
,,furn,60.0,1.0,5310.0,5250.0,,Mil-Nil MILNIL36124I Luggage Rack,1.13
,,furn,700.0,46.0,1499.0,799.0,,Tarkan Foldable Wooden Laptop Desk for Bed Wood Portabl...,46.7
,,furn,1700.0,56.0,2999.0,1299.0,,Flipkart Perfect Homes Studio Single Door Metal Collaps...,56.69
,,furn,2909.0,33.0,8599.0,5690.0,,Home Full Oscar 3 door Engineered Wood Shoe Rack,33.83
,,furn,4400.0,88.0,4999.0,599.0,,Sasimo 1-Door 4-Shelf Fabric Metal Collapsible Shoe Sta...,88.02
,,furn,1410.0,56.0,2500.0,1090.0,,SAVYA HOME Wood Portable Laptop Table,56.4
,,furn,909.0,30.0,2999.0,2090.0,,Flipkart SmartBuy Plastic Kitchen Cabinet,30.31
,,furn,443.0,6.0,7333.0,6890.0,,SleepX BRILL 5 inch Double PU Foam Mattress,6.04
,,furn,2509.0,38.0,6499.0,3990.0,,Home Full Alan Engineered Wood Open Book Shelf,38.61
,,furn,750.0,37.0,1999.0,1249.0,,Snazzy Wood Portable Laptop Table,37.52
,,furn,1700.0,68.0,2499.0,799.0,,Ebee Metal Collapsible Shoe Stand,68.03
,,furn,274.0,39.0,699.0,425.0,,Ebee Metal Shoe Stand,39.2
,,furn,2300.0,60.0,3799.0,1499.0,,Flipkart SmartBuy FK2377 Full Motion TV Mount,60.54
,,furn,125.0,9.0,1275.0,1150.0,,Cello Oscar Center Table (Beige)  Plastic Coffee Table,9.8
,,furn,750.0,75.0,999.0,249.0,,Ebee Plastic Shoe Stand,75.08
,,furn,4200.0,84.0,4999.0,799.0,,Porchex Metal Collapsible Shoe Stand,84.02
,,furn,800.0,80.0,999.0,199.0,,"ROQ LED LCD PLASMA TV Wall Mount 10"" to 26"" Movable wit...",80.08
,,furn,2262.0,56.0,4000.0,1738.0,,FurnCentral 2 Door PP (Polypropylene) Collapsible Wardr...,56.55
,,furn,268.0,67.0,399.0,131.0,,HomeBliss 14 to 32 Inch Fixed Wall Mount TV Stand Fixed...,67.17
,,furn,510.0,3.0,14000.0,13490.0,,Flipkart Perfect Homes Engineered Wood TV Entertainment...,3.64
,,furn,5000.0,83.0,5999.0,999.0,,Gymfy COLLAPSIBLE SHOE STAND Plastic Collapsible Shoe S...,83.35
,,furn,900.0,40.0,2199.0,1299.0,,Totsy Child Craft 6 Shelves Wardrobe Cotton Collapsible...,40.93
,,furn,900.0,47.0,1899.0,999.0,,Health Track Walker,47.39
,,furn,1209.0,15.0,7999.0,6790.0,,Furn Central Engineered Wood Study Table,15.11
,,furn,1111.0,50.0,2210.0,1099.0,,"Skora High Quality , Imported , Round Shape Purple-Blac...",50.27
,,furn,874.0,34.0,2499.0,1625.0,,Flipkart SmartBuy 6 + 2 Shelves 3 door 88130 Maroon Car...,34.97
,,furn,2687.0,27.0,9777.0,7090.0,,Crystal Furnitech Botwin Engineered Wood Study Table,27.48
,,furn,1600.0,44.0,3590.0,1990.0,,"DazzelOn TV Wall Mount Bracket for Most 26-55 Inch LED,...",44.57
,,furn,510.0,7.0,6500.0,5990.0,,SleepX Dual Medium Soft & Hard 5 inch Single Bonded Foa...,7.85
,,furn,1309.0,14.0,8999.0,7690.0,,Furn Central Engineered Wood Study Table,14.55
,,furn,701.0,36.0,1900.0,1199.0,,TidyHomz Wood Portable Laptop Table,36.89
,,furn,5709.0,42.0,13499.0,7790.0,,Flipkart Perfect Homes Stemar Engineered Wood Shoe Rack,42.29
,,furn,909.0,17.0,5099.0,4190.0,,Flipkart Perfect Homes Cole Small Shoe Rack,17.83
,,furn,320.0,54.0,590.0,270.0,,KITCHEN INDIA Foldable 4 layer Shoe Rack Plastic Collap...,54.24
,,furn,573.0,43.0,1322.0,749.0,,Trendegic Stylish Portable Seating Pinakin Stool (Red) ...,43.34
,,furn,391.0,56.0,690.0,299.0,,"DazzelOn DZ 14 - 42 "" Fixed TV Mount",56.67
,,furn,752.0,38.0,1967.0,1215.0,,"MX Heavy Duty Dual Arm LCD Monitor Stand 19 to 42"" 180 ...",38.23
,,furn,1800.0,54.0,3299.0,1499.0,,FurnCentral Fabric Shoe Stand,54.56
,,furn,1985.0,25.0,7675.0,5690.0,,TimberTaste Sheesham Wood Solid Wood Side Table,25.86
,,furn,440.0,18.0,2430.0,1990.0,,Nilkamal Freedom Mini Small (FMS) Plastic Free Standing...,18.11
,,furn,1650.0,75.0,2199.0,549.0,,Flipkart SmartBuy FK2411S Full Motion TV Mount,75.03
,,furn,1200.0,60.0,1999.0,799.0,,India Furnish XXXL Tear Drop  (Without Beans),60.03
,,furn,3809.0,27.0,13799.0,9990.0,,Flipkart Perfect Homes Julian 3 Door Wardrobe,27.6
,,furn,460.0,28.0,1640.0,1180.0,,Aristo Plastic Free Standing Cabinet,28.05
,,furn,501.0,33.0,1499.0,998.0,,LIMETRO STEEL Metal Shoe Stand,33.42
,,furn,601.0,30.0,2000.0,1399.0,,Tidyhomz Wood Portable Laptop Table,30.05
,,furn,3009.0,31.0,9499.0,6490.0,,Flipkart Perfect Homes Sirena TV Entertainment Unit,31.68
,,furn,8310.0,55.0,14900.0,6590.0,,HomeTown Engineered Wood Shoe Rack,55.77
,,furn,6109.0,31.0,19599.0,13490.0,,Flipkart Perfect Homes Webster TV Entertainment Unit,31.17
,,furn,3710.0,46.0,7900.0,4190.0,,RoyalOak Engineered Wood Shoe Rack,46.96
,,furn,8359.0,34.0,24549.0,16190.0,,Flipkart Perfect Homes Medley Engineered Wood Queen Hyd...,34.05
,,furn,806.0,37.0,2155.0,1349.0,,Joyful Plastic Free Standing Chest of Drawers,37.4
,,furn,1160.0,37.0,3110.0,1950.0,,Joyful Plastic Free Standing Chest of Drawers,37.3
,,furn,850.0,40.0,2099.0,1249.0,,Captiver Mars Bed Wood Portable Laptop Table,40.5
,,furn,9387.0,41.0,22877.0,13490.0,,Flipkart Perfect Homes PureWood Sheesham Book Shelf,41.03
,,furn,2009.0,10.0,19999.0,17990.0,,Flipkart Perfect Homes Luzon Metal 6 Seater Dining Set,10.05
,,furn,1419.0,70.0,1999.0,580.0,,CMerchants CABINET 5LAYER Metal Collapsible Shoe Stand,70.99
,,furn,8424.0,51.0,16314.0,7890.0,,Flipkart Perfect Homes PureWood Sheesham Coffee Table,51.64
,,furn,1001.0,40.0,2499.0,1498.0,,LIMETRO STEEL High Quality Stainless Stainless 4 Self S...,40.06
,,furn,549.0,30.0,1798.0,1249.0,,FurnCentral Wood Portable Laptop Table,30.53
,,furn,500.0,25.0,1999.0,1499.0,,Snazzy (Extra Large) Wood Portable Laptop Table,25.01
,,furn,5109.0,30.0,16999.0,11890.0,,Flipkart Perfect Homes Carol Engineered Wood King Bed,30.05
,,furn,2750.0,68.0,3999.0,1249.0,,"Gymfy Plastic, Metal Collapsible Shoe Stand",68.77
,,furn,9209.0,48.0,18999.0,9790.0,,Flipkart Perfect Homes Iris Therapedic 6 inch Queen Bon...,48.47
,,furn,6069.0,43.0,13859.0,7790.0,,Flipkart Perfect Homes PureWood Sheesham Coffee Table,43.79
,,furn,100.0,12.0,799.0,699.0,,Flipkart SmartBuy Metal Collapsible Shoe Stand,12.52
,,furn,1000.0,40.0,2499.0,1499.0,,LIMETRO STEEL Metal Shoe Stand,40.02
,,furn,500.0,33.0,1499.0,999.0,,MemeHO Normal Wood Wood Portable Laptop Table,33.36
,,furn,700.0,46.0,1499.0,799.0,,Flipkart Perfect Homes Studio Wood Portable Laptop Tabl...,46.7
,,furn,8460.0,48.0,17550.0,9090.0,,Furniture Mind Victory Solid Wood Shoe Rack,48.21
,,furn,175.0,50.0,350.0,175.0,,"PetNest Mini Budgie , Breeding Box and Nest with Perch ...",50.0
,,furn,2150.0,58.0,3699.0,1549.0,,Flipkart Perfect Homes Studio 2 Door 6 Shelf PP Collaps...,58.12
,,furn,350.0,21.0,1599.0,1249.0,,Snazzy Portable Standing Wood Portable Laptop Table,21.89
,,furn,1250.0,44.0,2799.0,1549.0,,Maison & Cuisine 88130 Grey PP Collapsible Wardrobe,44.66
,,furn,3310.0,41.0,8000.0,4690.0,,HomeTown Riveria Engineered Wood Shoe Rack,41.38
,,furn,1340.0,12.0,10330.0,8990.0,,Crystal Furnitech Orion Engineered Wood Office Table,12.97
,,furn,2303.0,76.0,2999.0,696.0,,7CR Multi+KH-10 (WB) Engineered Wood Display Unit,76.79
,,furn,899.0,50.0,1798.0,899.0,,FurnCentral Engineered Wood Portable Laptop Table,50.0
,,furn,601.0,31.0,1900.0,1299.0,,TidyHomz Wood Portable Laptop Table,31.63
,,furn,1500.0,45.0,3299.0,1799.0,,FurnCentral Fabric Shoe Stand,45.47
,,furn,700.0,46.0,1499.0,799.0,,Tarkan Stud Foldable Wooden Mini Desk Wood Portable Lap...,46.7
,,furn,900.0,40.0,2199.0,1299.0,,FurnCentral Metal Kitchen Cabinet,40.93
,,furn,3800.0,27.0,13790.0,9990.0,,Flipkart Perfect Homes Julian Engineered Wood 3 Door Wa...,27.56
,,furn,651.0,27.0,2400.0,1749.0,,VDNSI Stainless Steel 4 Layer Onion Potato Stand for Ki...,27.12
,,furn,6010.0,46.0,13000.0,6990.0,,Home Full Engineered Wood TV Entertainment Unit,46.23
,,furn,2201.0,44.0,5000.0,2799.0,,Kkriya Maarketing Adult Cotton Swing,44.02
,,furn,651.0,32.0,2000.0,1349.0,,Royaldeals Wardrobe 88130 3 Door PP (Polypropylene) Col...,32.55
,,furn,7009.0,33.0,20999.0,13990.0,,Flipkart Perfect Homes Julian Engineered Wood 4 Door Wa...,33.38
,,furn,3810.0,47.0,8000.0,4190.0,,Home Full Engineered Wood TV Entertainment Unit,47.62
,,furn,1100.0,55.0,1999.0,899.0,,VSK XXXL Tear Drop  (Without Beans),55.03
,,furn,4800.0,80.0,5999.0,1199.0,,Sasimo 1-Door 9-Shelf Fabric Metal Collapsible Shoe Sta...,80.01
,,furn,500.0,33.0,1499.0,999.0,,MemeHO Blue Wood Portable Laptop Table,33.36
,,furn,10.0,0.0,3700.0,3690.0,,Nilkamal Aspen Solid Wood Coffee Table,0.27
,,furn,1301.0,34.0,3800.0,2499.0,,CbeeSo CB360BR Carbon Steel Collapsible Wardrobe,34.24
,,furn,22310.0,55.0,40000.0,17690.0,,RoyalOak Kingston Engineered Wood Queen Hydraulic Bed,55.78
,,furn,1000.0,33.0,2999.0,1999.0,,Blendia HIGH QUALITY 6 WAY 32 TO 44 TV WALL MOUNT FOE L...,33.34
,,furn,911.0,36.0,2499.0,1588.0,,LIMETRO STEEL Stainless Steel High Quality 4 Self With ...,36.45
,,furn,322.0,71.0,449.0,127.0,,hOMEBLISS HB2001 Tilt TV Mount,71.71
,,furn,0.0,0.0,199.0,199.0,,Deals Destination Universal Wall Mount Stand For 14 inc...,0.0
,,furn,1509.0,26.0,5799.0,4290.0,,Flipkart Perfect Homes Zouk TV Entertainment Unit,26.02
,,furn,1000.0,38.0,2599.0,1599.0,,Flipkart SmartBuy PP Collapsible Wardrobe,38.48
,,furn,8209.0,39.0,20999.0,12790.0,,Flipkart Perfect Homes Paradiso Engineered Wood TV Ente...,39.09
,,furn,30.0,6.0,437.0,407.0,,Princeware Maria Trolley Plastic Kitchen Trolley,6.86
,,furn,673.0,33.0,2022.0,1349.0,,Royaldeals active PP (Polypropylene) Collapsible Wardro...,33.28
,,furn,2100.0,56.0,3699.0,1599.0,,Flipkart Perfect Homes Studio 2 Door 6 Shelf PP Collaps...,56.77
,,furn,101.0,1.0,9500.0,9399.0,,DNS Metal Shoe Rack,1.06
,,furn,4750.0,79.0,5999.0,1249.0,,Sasimo 1-Door 9-Shelf Fabric Metal Collapsible Shoe Sta...,79.18
,,furn,12098.0,35.0,33988.0,21890.0,,Spacewood Engineered Wood Queen Hydraulic Bed,35.59
,,furn,224.0,19.0,1129.0,905.0,,Joyo Square PP (Polypropylene) Kitchen Trolley,19.84
,,furn,300.0,15.0,1999.0,1699.0,,Mezire PP Collapsible Wardrobe,15.01
,,furn,1209.0,7.0,15499.0,14290.0,,Flipkart Perfect Homes Luzon Metal 4 Seater Dining Set,7.8
,,furn,9209.0,43.0,20999.0,11790.0,,Flipkart Perfect Homes Kalypso Engineered Wood TV Enter...,43.85
,,furn,715.0,36.0,1964.0,1249.0,,NAKODA Plastic Free Standing Chest of Drawers,36.41
,,furn,66.0,6.0,945.0,879.0,,Cello Orchid Plastic Coffee Table,6.98
,,furn,600.0,42.0,1399.0,799.0,,Slim Shine Solid Wood Study Table,42.89
,,furn,550.0,55.0,999.0,449.0,,BSBDA Cotton Swing Jhula For Kids Cotton Swing,55.06
,,furn,315.0,31.0,999.0,684.0,,FurnCentral Metal Shoe Stand,31.53
,,furn,1420.0,47.0,2999.0,1579.0,,FurnCentral Metal Kitchen Cabinet,47.35
,,furn,8210.0,66.0,12400.0,4190.0,,Woodness Engineered Wood Shoe Rack,66.21
,,furn,20833.0,45.0,45723.0,24890.0,,Spacewood Engineered Wood King Hydraulic Bed,45.56
,,furn,740.0,10.0,7130.0,6390.0,,Nilkamal Freedom Mini Large (FML) Plastic Free Standing...,10.38
,,furn,500.0,25.0,1999.0,1499.0,,FurnCentral Fabric Shoe Stand,25.01
,,furn,1279.0,75.0,1699.0,420.0,,Raj SmartBuy 4 Tiers Metal Shoe Stand,75.28
,,furn,4509.0,32.0,13999.0,9490.0,,Flipkart Perfect Homes Carol Queen Bed,32.21
,,furn,757.0,75.0,999.0,242.0,,Flipzon Iron and Plastic Foldable Shoe Rack with 4 Shel...,75.78
,,furn,2105.0,65.0,3199.0,1094.0,,FurnCentral Fabric Shoe Stand,65.8
,,furn,8409.0,31.0,26399.0,17990.0,,FurnitureKraft Caen Double Metal Sofa Bed,31.85
,,furn,994.0,66.0,1499.0,505.0,,Sliceter SLICETER Baby Boy's and Girl's Study & Play Wo...,66.31
,,furn,1800.0,54.0,3299.0,1499.0,,Flipkart Perfect Homes Studio 2 Door Metal Collapsible ...,54.56
,,furn,6210.0,51.0,12000.0,5790.0,,Valtos Engineered Wood Shoe Rack,51.75
,,furn,452.0,2.0,20042.0,19590.0,,SleepX Ortho Memory Foam 5 inch King Bonded Foam Mattre...,2.26
,,furn,251.0,12.0,2050.0,1799.0,,Nilkamal Plastic Wall Mount Cabinet,12.24
,,furn,200.0,22.0,899.0,699.0,,ORKA XXXL Tear Drop  (Without Beans),22.25
,,furn,7210.0,45.0,16000.0,8790.0,,Woodness Engineered Wood Shoe Rack,45.06
,,furn,7009.0,26.0,25999.0,18990.0,,Flipkart Perfect Homes Cadence Engineered Wood Queen Bo...,26.96
,,furn,505.0,35.0,1409.0,904.0,,Bluwings Teddy Inflatable Sofa PVC 1 Seater Inflatable ...,35.84
,,furn,16008.0,38.0,41998.0,25990.0,,Saffron Art and Craft Sheesham Wood Solid Wood King Bed,38.12
,,furn,7159.0,33.0,21549.0,14390.0,,Flipkart Perfect Homes Symphony Engineered Wood Queen B...,33.22
,,furn,715.0,35.0,1999.0,1284.0,,Nayasa Stool,35.77
,,furn,3210.0,40.0,7900.0,4690.0,,@home by Nilkamal Checkers Engineered Wood Open Book Sh...,40.63
,,furn,4350.0,87.0,4999.0,649.0,,Sasimo 1-Door 4-Shelf Fabric Metal Collapsible Shoe Sta...,87.02
,,furn,1350.0,67.0,1999.0,649.0,,CMerchants 5-L-SHOE-RACK Metal Collapsible Shoe Stand,67.53
,,furn,800.0,53.0,1499.0,699.0,,Zyma Heavy Duty Full Motion Bracket Articulating Tilt S...,53.37
,,furn,249.0,62.0,399.0,150.0,,DDice MS 0002 Fixed TV Mount,62.41
,,furn,1400.0,35.0,3999.0,2599.0,,FU4 32 TO 70 LCD/ LED/ PLASMA TV WALL MOUNT STAND 180 D...,35.01
,,furn,15490.0,42.0,36180.0,20690.0,,FurnitureKraft  Lucerne Metal King Hydraulic Bed,42.81
,,furn,1002.0,40.0,2499.0,1497.0,,Zeom c88130/HCX 88130 PP Collapsible Wardrobe,40.1
,,furn,502.0,25.0,1999.0,1497.0,,Mezire PP Collapsible Wardrobe,25.11
,,furn,4409.0,39.0,11299.0,6890.0,,Flipkart Perfect Homes Stemar Engineered Wood Shoe Rack,39.02
,,furn,2301.0,48.0,4700.0,2399.0,,STC Metal Bar Stool,48.96
,,furn,1831.0,61.0,3000.0,1169.0,,Gkamp 9 Layer Shoe Rack Metal Collapsible Shoe Stand,61.03
,,furn,835.0,38.0,2155.0,1320.0,,Joyful Plastic Free Standing Chest of Drawers,38.75
,,furn,10209.0,43.0,23299.0,13090.0,,Flipkart Perfect Homes Songo Solid Wood King Bed,43.82
,,furn,479.0,53.0,899.0,420.0,,AKR DESIGNER FOLDABLE MULTI PURPOSE VELVET STORAGE STOO...,53.28
,,furn,1009.0,50.0,1999.0,990.0,,Tender Care Multi-Purpose Writing Table Cum Study Table...,50.48
,,furn,909.0,60.0,1499.0,590.0,,CMerchants 3 RACKS KITCHEN CABINET Metal Kitchen Cabine...,60.64
,,furn,700.0,70.0,999.0,299.0,,CAPITAL Universal tv Fixed TV Mount,70.07
,,furn,1200.0,60.0,1999.0,799.0,,FKU UNIVERSAL DUAL ARM LCD MONITOR STAND 14 TO 46 INCH ...,60.03
,,furn,75.0,1.0,5875.0,5800.0,,Mil-Nil MILNIL36122B Luggage Rack,1.28
,,furn,151.0,30.0,499.0,348.0,,"INDISWAN Gas Cylinder Trolley with Rollers, Stainless S...",30.26
,,furn,4431.0,30.0,14321.0,9890.0,,RoyalOak Opel Engineered Wood Dressing Table,30.94
,,furn,1701.0,56.0,3000.0,1299.0,,Gkamp 9 Layer Shoe Rack Metal Collapsible Shoe Stand,56.7
,,furn,1209.0,26.0,4499.0,3290.0,,Flipkart Perfect Homes Liwa Engineered Wood Bedside Tab...,26.87
,,furn,774.0,39.0,1964.0,1190.0,,NAKODA Plastic Free Standing Chest of Drawers,39.41
,,furn,500.0,41.0,1199.0,699.0,,FurnCentral Metal Display Unit,41.7
,,furn,700.0,28.0,2499.0,1799.0,,BLENDIA P4 6 Way Swivel Tilt Wall Mount 32-55-inch Full...,28.01
,,furn,951.0,63.0,1499.0,548.0,,Ebee Metal Collapsible Shoe Stand,63.44
,,furn,2309.0,32.0,6999.0,4690.0,,Flipkart Perfect Homes Riobo Engineered Wood TV Enterta...,32.99
,,furn,996.0,19.0,4995.0,3999.0,,LuvLap Plastic Desk Chair,19.94
,,furn,2101.0,70.0,3000.0,899.0,,Shopper52 6 Layer Storage Cum Shoe Rack with Cover Shoe...,70.03
,,furn,0.0,0.0,3499.0,3499.0,,AVRO furniture PLATINUM RATTAN CHAIR (Set Of 4 Chairs) ...,0.0
,,furn,1267.0,66.0,1899.0,632.0,,7CR OM Shine-2127 Solid Wood Home Temple,66.72
,,furn,500.0,25.0,1999.0,1499.0,,Blendia UNIVERSAL FULL MOTION LCD /LED PLASMA TV STAND ...,25.01
,,furn,9210.0,64.0,14300.0,5090.0,,Woodness Aster Solid Wood 2 Seater,64.41
,,furn,750.0,37.0,1999.0,1249.0,,Snazzy foldable laptop table for bed Wood Portable Lapt...,37.52
,,furn,709.0,7.0,8999.0,8290.0,,Furn Central Engineered Wood Study Table,7.88
,,furn,1165.0,48.0,2400.0,1235.0,,Kaupa Portable Foldable Wood Portable Laptop Table,48.54
,,furn,8810.0,67.0,13000.0,4190.0,,Woodness Engineered Wood Shoe Rack,67.77
,,furn,5309.0,32.0,16299.0,10990.0,,Spacewood Engineered Wood Dressing Table,32.57
,,furn,200.0,2.0,6800.0,6600.0,,DNS Metal Shoe Rack,2.94
,,furn,13950.0,44.0,31140.0,17190.0,,Spacewood Mayflower Engineered Wood Queen Box Bed,44.8
,,furn,172.0,17.0,960.0,788.0,,Princeware Sofia Plastic Kitchen Trolley,17.92
,,furn,651.0,39.0,1650.0,999.0,,"Smart Shelter ss 32"" swivel type lcd stand Full Motion ...",39.45
,,furn,4400.0,62.0,6999.0,2599.0,,Furn Central PVC (Polyvinyl Chloride) 2 Seater Inflatab...,62.87
,,furn,580.0,34.0,1699.0,1119.0,,Flipkart SmartBuy FK2464L Full Motion TV Mount,34.14
,,furn,2048.0,29.0,6838.0,4790.0,,Induscraft Sheesham Wood Solid Wood Bar Trolley,29.95
,,furn,24710.0,64.0,38500.0,13790.0,,Woodness Lily Solid Wood Queen Bed,64.18
,,furn,2031.0,50.0,4000.0,1969.0,,FurnCentral PP (Polypropylene) Collapsible Wardrobe,50.78
,,furn,500.0,50.0,999.0,499.0,,CMerchants OPEN METAL SHELF-5RACKS STAND Metal Collapsi...,50.05
,,furn,251.0,12.0,2050.0,1799.0,,Nilkamal Gem Mirror Plastic Wall Mount Cabinet,12.24
,,furn,6810.0,48.0,14000.0,7190.0,,Home Full Engineered Wood TV Entertainment Unit,48.64
,,furn,11326.0,44.0,25716.0,14390.0,,Flipkart Perfect Homes PureWood Sheesham Coffee Table,44.04
,,furn,230.0,5.0,4600.0,4370.0,,Cello Plastic Shoe Rack,5.0
,,furn,464.0,27.0,1699.0,1235.0,,"Flanker Foldable, Multipurpose Wood Portable Laptop Tab...",27.31
,,furn,4109.0,29.0,13999.0,9890.0,,Flipkart Perfect Homes Engineered Wood Kitchen Cabinet,29.35
,,furn,932.0,24.0,3822.0,2890.0,,Crystal Furnitech Engineered Wood Corner Table,24.39
,,furn,1400.0,66.0,2099.0,699.0,,VSK XXL Tear Drop  (Without Beans),66.7
,,furn,200.0,20.0,999.0,799.0,,Unique Traders 4 Layer Kitchen Space Saving Storage Rac...,20.02
,,furn,591.0,8.0,7381.0,6790.0,,Cello Novelty Large Plastic Cupboard,8.01
,,furn,560.0,37.0,1499.0,939.0,,Flipkart SmartBuy FK2268S Tilt TV Mount,37.36
,,furn,2610.0,34.0,7500.0,4890.0,,@home by Nilkamal Astero Engineered Wood TV Entertainme...,34.8
,,furn,749.0,37.0,1998.0,1249.0,,FurnCentral Wood Portable Laptop Table,37.49
,,furn,300.0,30.0,999.0,699.0,,Ebee Metal Shoe Stand,30.03
,,furn,7810.0,44.0,17400.0,9590.0,,Woodness Engineered Wood Semi-Open Book Shelf,44.89
,,furn,0.0,0.0,7998.0,7998.0,,Zuari by Forte Harare Engineered Wood Study Table,0.0
,,furn,514.0,9.0,5404.0,4890.0,,Cello Novelty Big Plastic Free Standing Chest of Drawer...,9.51
,,furn,826.0,38.0,2155.0,1329.0,,Joyful Plastic Free Standing Chest of Drawers,38.33
,,furn,2509.0,29.0,8499.0,5990.0,,Springtek 3 Folding/Travel Mattress 4 inch Queen PU Foa...,29.52
,,furn,390.0,32.0,1199.0,809.0,,FurnCentral Metal Shoe Stand,32.53
,,furn,2269.0,64.0,3500.0,1231.0,,Continental 4+1+1 Layer Fancy PP (Polypropylene) Collap...,64.83
,,furn,1599.0,64.0,2490.0,891.0,,7CR Prime Temple - 3 Step (WB) Engineered Wood Home Tem...,64.22
,,furn,499.0,50.0,998.0,499.0,,Klaxon Plastic Shoe Stand,50.0
,,furn,16995.0,36.0,46585.0,29590.0,,Spacewood Engineered Wood King Hydraulic Bed,36.48
,,furn,720.0,72.0,999.0,279.0,,"ROQ Ultra Slim LCD LED TV Wall Mount Stand 14"" to 42"" i...",72.07
,,furn,10471.0,36.0,28961.0,18490.0,,Spacewood Apex Engineered Wood 3 Door Wardrobe,36.16
,,furn,860.0,9.0,9250.0,8390.0,,SleepX Ortho Memory Foam 5 inch Single Bonded Foam Matt...,9.3
,,furn,7509.0,39.0,18999.0,11490.0,,Flipkart Perfect Homes Opus Engineered Wood Queen Box B...,39.52
,,furn,1301.0,32.0,4000.0,2699.0,,Gkamp 12 Shelf Plastic Collapsible Shoe Stand,32.52
,,furn,4409.0,27.0,16199.0,11790.0,,Springtek Dual Comfort Orthopaedic 6 inch King PU Foam ...,27.22
,,furn,1600.0,64.0,2499.0,899.0,,Ebee Metal Collapsible Shoe Stand,64.03
,,furn,1300.0,39.0,3299.0,1999.0,,Flipkart SmartBuy XXL Classic Bean Bag  With Bean Filli...,39.41
,,furn,3310.0,20.0,16000.0,12690.0,,Nilkamal Edwina 01 Engineered Wood Queen Bed,20.69
,,furn,5100.0,85.0,5999.0,899.0,,Sasimo 1-Door 6-Shelf Fabric Collapsible Carbon Steel C...,85.01
,,furn,9.0,0.0,2999.0,2990.0,,Flipkart Perfect Homes Lyre Engineered Wood Bedside Tab...,0.3
,,furn,1331.0,42.0,3130.0,1799.0,,Joyful Plastic Free Standing Chest of Drawers,42.52
,,furn,1453.0,58.0,2499.0,1046.0,,FurnCentral Plastic Shoe Stand,58.14
,,furn,9109.0,40.0,22499.0,13390.0,,Flipkart Perfect Homes Legato Solid Wood Free Standing ...,40.49
,,furn,69.0,34.0,199.0,130.0,,"Velzone LCD LED TVs Wall Mount Stand 14"" to 42"" inch Br...",34.67
,,furn,1100.0,68.0,1599.0,499.0,,Patelraj Metal Open Book Shelf,68.79
,,furn,16121.0,39.0,40511.0,24390.0,,Spacewood Engineered Wood Queen Hydraulic Bed,39.79
,,furn,451.0,45.0,999.0,548.0,,Ebee Metal Collapsible Shoe Stand,45.15
,,furn,5510.0,55.0,10000.0,4490.0,,RoyalOak Stacy Solid Wood Coffee Table,55.1
,,furn,570.0,57.0,999.0,429.0,,DazzelOn 26-52 Inches LED LED Plasma Universal TV Brack...,57.06
,,furn,3509.0,33.0,10499.0,6990.0,,Flipkart Perfect Homes Julian Engineered Wood 2 Door Wa...,33.42
,,furn,250.0,20.0,1249.0,999.0,,Nakoda Plastic Free Standing Chest of Drawers,20.02
,,furn,1701.0,22.0,7591.0,5890.0,,Spacewood Engineered Wood TV Entertainment Unit,22.41
,,furn,651.0,43.0,1499.0,848.0,,Flipzon Laptop Table Wood Portable Laptop Table,43.43
,,furn,519.0,25.0,1999.0,1480.0,,Mezire PP Collapsible Wardrobe,25.96
,,furn,9476.0,58.0,16266.0,6790.0,,SLEEP SPA ORTHOPAEDIC DUAL COMFORT MATTRESS- HARD & SOF...,58.26
,,furn,2753.0,22.0,12343.0,9590.0,,Crystal Furnitech Elfin Engineered Wood Dressing Table,22.3
,,furn,245.0,21.0,1144.0,899.0,,"MX Heavy Duty Dual Arm LCD Monitor Stand 14 to 27"" inch...",21.42
,,furn,20828.0,34.0,60118.0,39290.0,,Flipkart Perfect Homes PureWood Sheesham King Box Bed,34.65
,,furn,1600.0,64.0,2499.0,899.0,,COMFORT BEAN BAGS XXXL Chair  (Without Beans),64.03
,,furn,6809.0,34.0,19499.0,12690.0,,Flipkart Perfect Homes Liwa Engineered Wood Queen Box B...,34.92
,,furn,5809.0,44.0,12999.0,7190.0,,Valtos Engineered Wood Study Table,44.69
,,furn,2100.0,52.0,3999.0,1899.0,,Flipkart Perfect Homes Studio 3 Door 8 Shelf PP Collaps...,52.51
,,furn,530.0,35.0,1500.0,970.0,,nakoda Plastic Free Standing Chest of Drawers,35.33
,,furn,1150.0,71.0,1599.0,449.0,,Deepakraj Metal Shoe Stand,71.92
,,furn,910.0,45.0,1990.0,1080.0,,AARTIN Table Magic Brown Metal Portable Laptop Table,45.73
,,furn,100.0,5.0,1999.0,1899.0,,AVRO furniture NEXA DINING/OFFICE TABLE RATTAN Plastic ...,5.0
,,furn,4709.0,41.0,11299.0,6590.0,,Flipkart Perfect Homes Lavo Engineered Wood TV Entertai...,41.68
,,furn,1200.0,66.0,1799.0,599.0,,Benesta Metal Shoe Stand,66.7
,,furn,1600.0,53.0,2999.0,1399.0,,Flipkart Perfect Homes Studio 2 Door 4 Shelf PP Collaps...,53.35
,,furn,435.0,36.0,1199.0,764.0,,FurnCentral Metal Shoe Stand,36.28
,,furn,9809.0,46.0,20999.0,11190.0,,Flipkart Perfect Homes Iris Therapedic 6 inch King Bonn...,46.71
,,furn,1030.0,29.0,3499.0,2469.0,,Grayplast Cargo 4 pull out chest of drawer Plastic Free...,29.44
,,furn,2401.0,60.0,4000.0,1599.0,,FurnCentral 2 Door PP (Polypropylene) Collapsible Wardr...,60.02
,,furn,2500.0,35.0,6999.0,4499.0,,Smart Shelter foldable floor stand Full Motion TV Mount,35.72
,,furn,650.0,35.0,1849.0,1199.0,,Captiver Vega2 Bed Wood Portable Laptop Table,35.15
,,furn,419.0,40.0,1027.0,608.0,,"MX Premium LCD LED TV Plasma Wall Mount Stand 32 to 55""...",40.8
,,furn,500.0,50.0,999.0,499.0,,Ebee Metal Collapsible Shoe Stand,50.05
,,furn,16760.0,44.0,37550.0,20790.0,,Spacewood Apex Engineered Wood 4 Door Wardrobe,44.63
,,furn,1650.0,75.0,2199.0,549.0,,Patelraj Metal Collapsible Shoe Stand,75.03
,,furn,650.0,59.0,1099.0,449.0,,Patelraj Metal Shoe Stand,59.14
,,furn,2401.0,57.0,4200.0,1799.0,,FurnCentral 2 Door PP (Polypropylene) Collapsible Wardr...,57.17
,,furn,2300.0,76.0,2999.0,699.0,,PARASNATH 4 Tier Kitchen Storage Organiser Rack Holder ...,76.69
,,furn,10010.0,62.0,16000.0,5990.0,,Woodness Engineered Wood Semi-Open Book Shelf,62.56
,,furn,340.0,5.0,5730.0,5390.0,,Cello Novelty Big Plastic Free Standing Chest of Drawer...,5.93
,,furn,4937.0,33.0,14527.0,9590.0,,Flipkart Perfect Homes PureWood Mango Coffee Table,33.98
,,furn,4309.0,54.0,7899.0,3590.0,,Flipkart Perfect Homes Studio Arden Engineered Wood Sho...,54.55
,,furn,450.0,22.0,1999.0,1549.0,,Snazzy Light weight Wood Portable Laptop Table,22.51
,,furn,67.0,2.0,2657.0,2590.0,,Cello Novelty Compact Plastic Free Standing Cabinet,2.52
,,furn,1652.0,82.0,1999.0,347.0,,FineArts Combo of Steel Set Top Box Stand/DTH Stand/Set...,82.64
,,furn,2905.0,17.0,16895.0,13990.0,,Peps Springkoil Normal Top Blue 6 inch Queen Bonnell Sp...,17.19
,,furn,400.0,57.0,699.0,299.0,,Zyma Universal Wall Mount/Bracket Stand For 14 inch To ...,57.22
,,furn,101.0,1.0,8500.0,8399.0,,DNS Metal Shoe Rack,1.19
,,furn,293.0,6.0,4583.0,4290.0,,SleepX BRILL 5 inch Single PU Foam Mattress,6.39
,,furn,9508.0,52.0,17998.0,8490.0,,Zuari by Forte Valletta Engineered Wood Dressing Table,52.83
,,furn,400.0,40.0,999.0,599.0,,BROWNIE 72x36x4 4 inch Single Cotton Mattress,40.04
,,furn,2200.0,44.0,4999.0,2799.0,,Mezire 5 in 1 PVC (Polyvinyl Chloride) 3 Seater Inflata...,44.01
,,furn,1200.0,60.0,1999.0,799.0,,CMerchants BOOK SHELF-6RACK Metal Open Book Shelf,60.03
,,furn,3109.0,28.0,10999.0,7890.0,,Home Full Bliss Engineered Wood TV Entertainment Unit,28.27
,,furn,822.0,4.0,18312.0,17490.0,,Peps Springkoil Normal Top Blue 10 inch Queen Bonnell S...,4.49
,,furn,6309.0,27.0,22999.0,16690.0,,Flipkart Perfect Homes Waltz Engineered Wood King Box B...,27.43
,,furn,2209.0,38.0,5699.0,3490.0,,Flipkart Perfect Homes Rhea 4 inch Single PU Foam Mattr...,38.76
,,furn,1109.0,11.0,9999.0,8890.0,,Furn Central Engineered Wood Study Table,11.09
,,furn,9209.0,30.0,29999.0,20790.0,,Flipkart Perfect Homes Solid Wood 4 Seater Dining Set,30.7
,,furn,3709.0,31.0,11699.0,7990.0,,Flipkart Perfect Homes Rex Engineered Wood TV Entertain...,31.7
,,furn,409.0,7.0,5299.0,4890.0,,Flipkart Perfect Homes Tolkien Engineered Wood Open Boo...,7.72
,,furn,573.0,33.0,1729.0,1156.0,,Trendegic Foldable Luggage Trolly Metal Bar Trolley,33.14
,,furn,10.0,0.0,2800.0,2790.0,,Cello Novelty Compact Plastic Free Standing Cabinet,0.36
,,furn,1200.0,60.0,1999.0,799.0,,ReTrack 19Inch To 42Inch Plasma LED LCD Full Motion Ful...,60.03
,,furn,8609.0,42.0,20299.0,11690.0,,Flipkart Perfect Homes Morpheus Therapedic 6 inch Queen...,42.41
,,furn,400.0,25.0,1599.0,1199.0,,NHR Plastic Desk Chair,25.02
,,furn,750.0,62.0,1199.0,449.0,,Patelraj Solid Wood Portable Laptop Table,62.55
,,furn,2442.0,15.0,15432.0,12990.0,,Crystal Furnitech Caelan Engineered Wood Crockery Cabin...,15.82
,,furn,1650.0,63.0,2599.0,949.0,,Grayplast Small Size 3 Pull out Chest Of Drawers Plasti...,63.49
,,furn,1788.0,26.0,6678.0,4890.0,,Flipkart Perfect Homes PureWood Mango TV Entertainment ...,26.77
,,furn,3509.0,35.0,9999.0,6490.0,,Flipkart Perfect Homes Sirena Engineered Wood TV Entert...,35.09
,,furn,1525.0,14.0,10215.0,8690.0,,FurnitureKraft Baia Mare Metal Queen Bed,14.93
,,furn,3009.0,20.0,14999.0,11990.0,,Flipkart Perfect Homes Hayman Solid Wood 4 Seater Dinin...,20.06
,,furn,277.0,39.0,695.0,418.0,,Nightstar Plastic Picnic Table,39.86
,,furn,764.0,58.0,1299.0,535.0,,"CMerchants 4-L MATEL COLLAPSIBLE-SHOE-STAND Metal, Plas...",58.81
,,furn,1251.0,62.0,2000.0,749.0,,Gkamp 5 Layer Shoe Rack Metal Collapsible Shoe Stand,62.55
,,furn,578.0,72.0,799.0,221.0,,Pooja CN 303 fixed tv mount Fixed TV Mount,72.34
,,furn,290.0,12.0,2280.0,1990.0,,Nilkamal Chester 23 Plastic Free Standing Cabinet,12.72
,,furn,1125.0,72.0,1550.0,425.0,,Sauran TV Stand 26-55 inch Heavy TV Wall Mount for LCD/...,72.58
,,furn,25510.0,60.0,42500.0,16990.0,,HomeTown Alex Engineered Wood Queen Box Bed,60.02
,,furn,200.0,40.0,499.0,299.0,,"capital Ultra Slim LCD LED TVs Wall Mount Stand 14"" to ...",40.08
,,furn,5209.0,34.0,14999.0,9790.0,,Springtek Dreamer Bonnell 6 inch Queen Bonnell Spring M...,34.73
,,furn,500.0,41.0,1199.0,699.0,,BROWNIE 72x48x4 4 inch Double Cotton Mattress,41.7
,,furn,450.0,50.0,899.0,449.0,,CMerchants OPEN METAL SHELF-4RACKS STAND Metal Collapsi...,50.06
,,furn,1000.0,50.0,1999.0,999.0,,Klaxon Plastic Shoe Stand,50.03
,,furn,655.0,73.0,890.0,235.0,,Sauran 15 - 42 inch LED LCD Television Wall Mount Brack...,73.6
,,furn,719.0,14.0,4909.0,4190.0,,Delite Kom 20 Inches wide Three Door Powder Coated Wall...,14.65
,,furn,550.0,55.0,999.0,449.0,,Patelraj For Childrens Study Table Wood Portable Laptop...,55.06
,,furn,334.0,39.0,855.0,521.0,,Trendegic Folding Step Stool Medium Living & Bedroom St...,39.06
,,furn,1200.0,48.0,2499.0,1299.0,,Karmax Solid wood Stool,48.02
,,furn,150.0,21.0,699.0,549.0,,FurnCentral Metal Shoe Stand,21.46
,,furn,1739.0,62.0,2788.0,1049.0,,Apex Metal Collapsible Shoe Stand,62.37
,,furn,751.0,60.0,1250.0,499.0,,MTS Hanging Home Size(102CmX51CmX51Cm) Cotton Swing,60.08
,,furn,400.0,20.0,1999.0,1599.0,,Skull Table TABLE MATE Wood Portable Laptop Table,20.01
,,furn,27760.0,49.0,55550.0,27790.0,,RoyalOak Opel Engineered Wood King Hydraulic Bed,49.97
,,furn,881.0,44.0,1999.0,1118.0,,Anything & Everything Wood Portable Laptop Table,44.07
,,furn,901.0,45.0,2000.0,1099.0,,Unique Gadget Metal Collapsible Shoe Stand,45.05
,,furn,2401.0,60.0,4000.0,1599.0,,Ebee Engineered Wood Shoe Stand,60.02
,,furn,2282.0,54.0,4200.0,1918.0,,FurnCentral PP (Polypropylene) Collapsible Wardrobe,54.33
,,furn,1100.0,61.0,1799.0,699.0,,CMerchants BOOK SHELF-5RACK Metal Open Book Shelf,61.15
,,furn,1200.0,30.0,3999.0,2799.0,,Kkriya Home Decor B1 Cotton Swing,30.01
,,furn,342.0,32.0,1040.0,698.0,,Joyo Plastic Activity Table,32.88
,,furn,0.0,0.0,775.0,775.0,,Supreme Jazz for Home & Garden Plastic Outdoor Table,0.0
,,furn,1501.0,29.0,5100.0,3599.0,,Gkamp 18 Shelf Plastic Collapsible Shoe Stand,29.43
,,furn,2300.0,71.0,3199.0,899.0,,FurnCentral Micro Fiber Collapsible Wardrobe,71.9
,,furn,1409.0,54.0,2599.0,1190.0,,Dozzer Adjustable Folding Plastic Portable Laptop Table,54.21
,,furn,751.0,50.0,1499.0,748.0,,Tender Care Kids Study Table Chair Set (Green) Metal De...,50.1
,,furn,146.0,19.0,745.0,599.0,,Flipkart Perfect Homes Studio Metal Collapsible Shoe St...,19.6
,,furn,0.0,0.0,17876.0,17876.0,,Kurlon Dream Sleep 6 inch King Bonnell Spring Mattress,0.0
,,furn,2000.0,62.0,3199.0,1199.0,,FurnCentral Fabric Shoe Stand,62.52
,,furn,1558.0,18.0,8448.0,6890.0,,Peps Springkoil Normal Top Blue 6 inch Single Bonnell S...,18.44
,,furn,557.0,6.0,8000.0,7443.0,,Smart Shelter Premium Floor Fixed TV Mount,6.96
,,furn,5000.0,83.0,5999.0,999.0,,Sasimo 1-Door 6-Shelf Fabric Metal Collapsible Shoe Sta...,83.35
,,furn,1500.0,75.0,1999.0,499.0,,CMerchants Classic-Brown01-Stand Metal Collapsible Shoe...,75.04
,,furn,1700.0,51.0,3299.0,1599.0,,FurnCentral Fabric Shoe Stand,51.53
,,furn,2400.0,60.0,3999.0,1599.0,,FurnCentral Wood Portable Laptop Table,60.02
,,furn,752.0,50.0,1500.0,748.0,,Nightstar Foldable Pinakin Stool Living & Bedroom Stool,50.13
,,furn,300.0,20.0,1499.0,1199.0,,New kaptan Easy 4 Plastic Free Standing Chest of Drawer...,20.01
,,furn,1518.0,60.0,2499.0,981.0,,Zahab Hifi Grey 12x16 Surface Mounting Medicine Cabinet,60.74
,,furn,70.0,10.0,699.0,629.0,,Bey Bee Metal Chair,10.01
,,furn,1750.0,16.0,10540.0,8790.0,,Flipkart Perfect Homes Engineered Wood TV Entertainment...,16.6
,,furn,350.0,23.0,1499.0,1149.0,,FurnCentral Metal Kitchen Cabinet,23.35
,,furn,170.0,1.0,16660.0,16490.0,,Flipkart Perfect Homes Rhapsody Engineered Wood King Bo...,1.02
,,furn,301.0,23.0,1300.0,999.0,,Tidyhomz Wood Portable Laptop Table,23.15
,,furn,3676.0,61.0,5999.0,2323.0,,"ROQ Heavy Duty Single Arm LCD Monitor Stand 32 To 70"" 1...",61.28
,,furn,974.0,57.0,1699.0,725.0,,Ebee Metal Collapsible Shoe Stand,57.33
,,furn,700.0,41.0,1699.0,999.0,,"Smart Shelter TV Mount for Samsung, VU, LG, SONY, Micro...",41.2
,,furn,4409.0,25.0,17399.0,12990.0,,Flipkart Perfect Homes Fraser Solid Wood 4 Seater Dinin...,25.34
,,furn,6009.0,40.0,14999.0,8990.0,,Flipkart Perfect Homes Iris Therapedic 6 inch Double Bo...,40.06
,,furn,1300.0,52.0,2499.0,1199.0,,Karmax Solid wood Stool,52.02
,,furn,420.0,30.0,1399.0,979.0,,FurnCentral Canvas Swing,30.02
,,furn,774.0,38.0,1999.0,1225.0,,Tender Care 6 Shelve Baby Almirah/Toy Box(Red) PVC Coll...,38.72
,,furn,1300.0,65.0,1999.0,699.0,,RKBeanbag XXL Bean Chair Cover  (Without Beans),65.03
,,furn,600.0,66.0,899.0,299.0,,VATSMART ADJUSTABLE SHOE RACK FOR HOME/KITCHEN etc Plas...,66.74
,,furn,1200.0,54.0,2199.0,999.0,,Flipkart Perfect Homes Studio Metal Kitchen Cabinet,54.57
,,furn,105.0,0.0,17595.0,17490.0,,Kurlon Kurlo bond 5 inch King Coir Mattress,0.6
,,furn,700.0,15.0,4499.0,3799.0,,Nakoda Plastic Free Standing Chest of Drawers,15.56
,,furn,664.0,33.0,1999.0,1335.0,,"Wudore Foldable,Adjustable(Black legs) Plastic Portable...",33.22
,,furn,800.0,40.0,1999.0,1199.0,,Snazzy Wood Portable Laptop Table,40.02
,,furn,300.0,42.0,699.0,399.0,,Vidisa Foldable Stool Portable Travel Chair Four-Leg St...,42.92
,,furn,5637.0,38.0,14527.0,8890.0,,Flipkart Perfect Homes PureWood Sheesham Coffee Table,38.8
,,furn,580.0,72.0,799.0,219.0,,Tajpur Traders Stainless Steel Kitchen Trolley Steel Ki...,72.59
,,furn,400.0,33.0,1199.0,799.0,,Ebee Metal Shoe Stand,33.36
,,furn,358.0,48.0,733.0,375.0,,Intex 58924 Portable Pool,48.84
,,furn,700.0,53.0,1299.0,599.0,,"Gymfy COLLAPSIBLE SHOE STAND Plastic, Metal Collapsible...",53.89
,,furn,7009.0,34.0,20499.0,13490.0,,Flipkart Perfect Homes Webster Engineered Wood TV Enter...,34.19
,,furn,6010.0,50.0,12000.0,5990.0,,Valtos Engineered Wood TV Entertainment Unit,50.08
,,furn,1145.0,57.0,1999.0,854.0,,Zahab Style Ivory Single Door Mirror Surface Mounting M...,57.28
,,furn,926.0,35.0,2625.0,1699.0,,Joyful STUDIO 5 XL BLUE Plastic Free Standing Chest of ...,35.28
,,furn,801.0,40.0,2000.0,1199.0,,Ebee Micro Fiber Collapsible Wardrobe,40.05
,,furn,2601.0,61.0,4200.0,1599.0,,FurnCentral 2 Door PP (Polypropylene) Collapsible Wardr...,61.93
,,furn,200.0,10.0,1999.0,1799.0,,AVRO furniture 7756 Matt and Gloss Set Of 2 Chairs WITH...,10.01
,,furn,310.0,4.0,7600.0,7290.0,,Nilkamal Beaumont Engineered Wood TV Entertainment Unit,4.08
,,furn,4309.0,20.0,20999.0,16690.0,,Flipkart Perfect Homes Waltz Engineered Wood King Box B...,20.52
,,furn,2200.0,73.0,2999.0,799.0,,FurnCentral Fabric Shoe Stand,73.36
,,furn,700.0,53.0,1299.0,599.0,,Impulse Stainless Steel News Paper Holder - Wall Hangin...,53.89
,,furn,1650.0,55.0,2999.0,1349.0,,Flipkart Perfect Homes Studio 2 Door 4 Shelf PP Collaps...,55.02
,,furn,2000.0,66.0,2999.0,999.0,,Fashion Bizz Royal Rajasthan Round Shape Wooden Stool/C...,66.69
,,furn,1009.0,20.0,4999.0,3990.0,,Flipkart Perfect Homes Stemar Engineered Wood Shoe Rack,20.18
,,furn,3700.0,52.0,6999.0,3299.0,,OMSAIFAB DREAM Airsofa PVC 3 Seater Inflatable Sofa,52.86
,,furn,500.0,31.0,1599.0,1099.0,,FU4 HEAVY DUTY 498 DUAL ARM LCD MONITOR STAND 19 TO 42....,31.27
,,furn,749.0,39.0,1899.0,1150.0,,"FAH Puppy & Rabbit Cage | ""18 Inch"" Sky Blue | Easy to ...",39.44
,,furn,2206.0,68.0,3199.0,993.0,,FurnCentral Fabric Shoe Stand,68.96
,,furn,800.0,26.0,2999.0,2199.0,,Urbancart Multi Purpose 5-Tier Plastic Trolley Cart/Sto...,26.68
,,furn,2909.0,29.0,9999.0,7090.0,,Flipkart Perfect Homes Engineered Wood Close Book Shelf,29.09
,,furn,2750.0,68.0,3999.0,1249.0,,KEEKOS Metal Collapsible Shoe Stand,68.77
,,furn,1018.0,71.0,1427.0,409.0,,Bluwings Plastic shoe rack Plastic Collapsible Shoe Sta...,71.34
,,furn,107.0,19.0,550.0,443.0,,Smart Shelter Ss32fixedlcdmount Fixed TV Mount,19.45
,,furn,7310.0,50.0,14500.0,7190.0,,RoyalOak Mercy Glass Coffee Table,50.41
,,furn,1409.0,61.0,2299.0,890.0,,Online World New High Quality Wrought Iron Coat Rack Ha...,61.29
,,furn,900.0,45.0,1999.0,1099.0,,"Blendia Heavy Duty Dual Arm LCD Monitor Stand 17 to 37""...",45.02
,,furn,4100.0,82.0,4999.0,899.0,,Diva N Diya COLLAPSIBLE SHOE STAND Plastic Collapsible ...,82.02
,,furn,445.0,22.0,1999.0,1554.0,,Divinext Metal Collapsible Shoe Stand,22.26
,,furn,660.0,33.0,1999.0,1339.0,,"Wudore Foldable,Adjustable(Black legs) Plastic Portable...",33.02
,,furn,1900.0,63.0,2999.0,1099.0,,Flipzon Baby 6 Shelve Unbreakable Material PVC Collapsi...,63.35
,,furn,449.0,37.0,1199.0,750.0,,SUGANDHA Folding mattress 2 inch Single Cotton Mattress,37.45
,,furn,620.0,62.0,999.0,379.0,,Demelza Heavy Wall Mount Stand for 17 32-inch LCD LED T...,62.06
,,furn,1150.0,47.0,2399.0,1249.0,,TOPHAVEN Plastic Shoe Stand,47.94
,,furn,1300.0,65.0,1999.0,699.0,,VSK XXL Tear Drop  (Without Beans),65.03
,,furn,4381.0,73.0,6000.0,1619.0,,DD RETAIL Iron Portable Multipurpose 4.1ft PVC Collapsi...,73.02
,,furn,300.0,50.0,599.0,299.0,,LipiWorld Wall Mount Bracket Support to Flat Panel LCD ...,50.08
,,furn,7009.0,33.0,20999.0,13990.0,,Flipkart Perfect Homes Avalon Engineered Wood TV Entert...,33.38
,,furn,2200.0,55.0,3999.0,1799.0,,Gunj Jumbo Bean Chair Cover  (Without Beans),55.01
,,furn,300.0,42.0,699.0,399.0,,BLENDIA Wall Mount Stand for 14 inch to 32 inch LCD & L...,42.92
,,furn,490.0,49.0,999.0,509.0,,Homevilla Adjustable 3 Step Shoe Slotz Storage Organize...,49.05
,,furn,315.0,31.0,1000.0,685.0,,Corslet 15 Inch Folding Stool Plastic Foldable Space Sa...,31.5
,,furn,750.0,50.0,1499.0,749.0,,RISSACHI Super Heavy Duty TV Wall Mount Bracket for 14 ...,50.03
,,furn,11209.0,42.0,26499.0,15290.0,,Home Edge Sheesham Wood Solid Wood Open Book Shelf,42.3
,,furn,750.0,53.0,1399.0,649.0,,Slim Shine Solid Wood Study Table,53.61
,,furn,500.0,50.0,999.0,499.0,,Impulse High Grade Metal Wall Mount Magazine Holder/New...,50.05
,,furn,900.0,42.0,2099.0,1199.0,,Corporate Overseas Metal Shoe Stand,42.88
,,furn,650.0,59.0,1099.0,449.0,,Patelraj Book shelf and Metal Collapsible Shoe Stand,59.14
,,furn,2510.0,31.0,7900.0,5390.0,,@home by Nilkamal Glenn Engineered Wood Computer Desk,31.77
,,furn,562.0,28.0,1999.0,1437.0,,Mezire PP Collapsible Wardrobe,28.11
,,furn,700.0,43.0,1599.0,899.0,,"Gymfy Plastic, Metal Collapsible Shoe Stand",43.78
,,furn,170.0,34.0,499.0,329.0,,"ReTrack Ultra Slim LCD LED TV Wall Mount Stand 14"" to 4...",34.07
,,furn,3100.0,77.0,3999.0,899.0,,"Gymfy Plastic, Metal Collapsible Shoe Stand",77.52
,,furn,366.0,36.0,999.0,633.0,,FurnCentral Metal Shoe Stand,36.64
,,furn,100.0,3.0,2999.0,2899.0,,AVRO furniture 7756 Matt and Gloss Plastic Outdoor Chai...,3.33
,,furn,1935.0,27.0,7125.0,5190.0,,Style Spa Quadro Engineered Wood Free Standing Cabinet,27.16
,,furn,866.0,40.0,2155.0,1289.0,,Joyful Plastic Free Standing Chest of Drawers,40.19
,,furn,800.0,40.0,1999.0,1199.0,,Apex Metal Collapsible Shoe Stand,40.02
,,furn,6108.0,30.0,19798.0,13690.0,,TimberTaste Sheesham Wood Solid Wood Semi-Open Book She...,30.85
,,furn,900.0,40.0,2199.0,1299.0,,SEASPIRIT portable shoe organizer stand for shoes plast...,40.93
,,furn,1000.0,66.0,1499.0,499.0,,PARASNATH Mild Steel Red Cloth 4-5 Shelves Shoe Rack/Sh...,66.71
,,furn,1801.0,58.0,3100.0,1299.0,,FurnCentral 1 Door PP (Polypropylene) Collapsible Wardr...,58.1
,,furn,3009.0,44.0,6799.0,3790.0,,Flipkart Perfect Homes Songo Solid Wood Bedside Table,44.26
,,furn,2051.0,58.0,3500.0,1449.0,,Continental 4+1+1 Layer Fancy PP Collapsible Wardrobe,58.6
,,furn,1726.0,27.0,6225.0,4499.0,,MX 32- 60 inches Full Motion LED/LCD Wall Mount Bracket...,27.73
,,furn,1100.0,44.0,2499.0,1399.0,,FurnCentral Metal Shoe Stand,44.02
,,furn,16410.0,54.0,30000.0,13590.0,,@home by Nilkamal Jewel Solid Wood 4 Seater Dining Set,54.7
,,furn,3060.0,40.0,7560.0,4500.0,,"Meded Heavy Duty, Wall Mounted/ Floor Standing Steel Sh...",40.48
,,furn,11208.0,48.0,23198.0,11990.0,,Zuari by Forte Dublin Engineered Wood TV Entertainment ...,48.31
,,furn,808.0,5.0,13998.0,13190.0,,SleepX APT 6 inch King PU Foam Mattress,5.77
,,furn,300.0,25.0,1199.0,899.0,,FurnCentral Metal Shoe Stand,25.02
,,furn,1100.0,47.0,2299.0,1199.0,,SEASPIRIT Shoes Organizer Shoes Holder Plastic Shoe Sta...,47.85
,,furn,770.0,77.0,999.0,229.0,,ReTrack 10Inch to 26Inch Metal 180 Degree Motion Rotati...,77.08
,,furn,1380.0,60.0,2269.0,889.0,,TOPHAVEN Plastic Shoe Slots Organizer (set of -02) Plas...,60.82
,,laptops,2585.0,8.0,29575.0,26990.0,4.1,Dell 14 3000 Core i3 7th Gen - (4 GB/1 TB HDD/Linux) inspiron 3481 Laptop,8.74
,,laptops,13051.0,19.0,66041.0,52990.0,4.2,HP Pavilion Core i5 9th Gen - (8 GB/1 TB HDD/Windows 10 Home/3 GB Graphics/NVIDIA Geforce GTX 1050) 15...,19.76
,,laptops,1608.0,4.0,32598.0,30990.0,4.5,HP 15s Ryzen 3 Dual Core - (4 GB/256 GB SSD/Windows 10 Home) 15s-eq0007AU Thin and Light Laptop,4.93
,,laptops,566.0,2.0,25556.0,24990.0,4.4,HP 15 Pentium Gold - (4 GB/1 TB HDD/Windows 10 Home) 15-di0001TU Laptop,2.21
,,laptops,1402.0,6.0,22392.0,20990.0,4.0,Lenovo Ideapad S145 APU Dual Core A6 - (4 GB/1 TB HDD/Windows 10 Home) S145-15AST Thin and Light Lapto...,6.26
,,laptops,4050.0,12.0,33040.0,28990.0,4.0,Lenovo Ideapad 130 Core i3 7th Gen - (4 GB/1 TB HDD/Windows 10 Home) 130-15IKB Laptop,12.26
,,laptops,35009.0,33.0,104999.0,69990.0,4.6,Acer Nitro 5 Core i7 9th Gen - (8 GB/1 TB HDD/256 GB SSD/Windows 10 Home/4 GB Graphics/NVIDIA Geforce ...,33.34
,,laptops,2401.0,5.0,45391.0,42990.0,4.5,HP Pavilion x360 Core i3 8th Gen - (4 GB/256 GB SSD/Windows 10 Home) 14-dh0107TU 2 in 1 Laptop,5.29
,,laptops,41000.0,47.0,86990.0,45990.0,4.2,Asus ZenBook Core i5 8th Gen - (8 GB/256 GB SSD/Windows 10 Home) UX430UA-GV573T Thin and Light Laptop,47.13
,,laptops,8178.0,20.0,39168.0,30990.0,4.1,HP 15q Core i3 7th Gen - (4 GB/1 TB HDD/Windows 10 Home) 15q-ds0007TU Laptop,20.88
,,laptops,5630.0,17.0,32120.0,26490.0,4.3,Dell Vostro 15 3000 Core i3 7th Gen - (4 GB/1 TB HDD/Linux) 3581 Laptop,17.53
,,laptops,9910.0,9.0,99900.0,89990.0,4.7,Apple MacBook Air Core i5 8th Gen - (8 GB/128 GB SSD/Mac OS Mojave) MVFM2HN/A,9.92
,,laptops,39000.0,39.0,98990.0,59990.0,4.5,Lenovo Ideapad L340 Core i5 9th Gen - (8 GB/1 TB HDD/128 GB SSD/Windows 10 Home/4 GB Graphics/NVIDIA G...,39.4
,,laptops,12700.0,26.0,48190.0,35490.0,4.4,Lenovo Ideapad S145 Core i3 10th Gen - (4 GB/256 GB SSD/Windows 10 Home) S145-15IIL Thin and Light Lap...,26.35
,,laptops,18100.0,28.0,63090.0,44990.0,4.9,Lenovo Ideapad S145 Core i5 10th Gen - (8 GB/1 TB HDD/Windows 10 Home) S145-15IIL Laptop,28.69
,,laptops,18910.0,22.0,84900.0,65990.0,4.7,Apple MacBook Air Core i5 5th Gen - (8 GB/128 GB SSD/Mac OS Sierra) MQD32HN/A A1466,22.27
,,laptops,3242.0,10.0,31232.0,27990.0,4.0,Lenovo Ideapad S145 Ryzen 3 Dual Core - (4 GB/1 TB HDD/Windows 10 Home) S145-15API Thin and Light Lapt...,10.38
,,laptops,26000.0,35.0,72990.0,46990.0,4.5,Asus TUF Gaming Ryzen 5 Quad Core - (8 GB/1 TB HDD/Windows 10 Home/3 GB Graphics/NVIDIA Geforce GTX 10...,35.62
,,laptops,90.0,0.0,49080.0,48990.0,4.3,HP 15q Core i5 8th Gen - (8 GB/1 TB HDD/Windows 10 Home) 15q-ds1001TU Laptop,0.18
,,laptops,16000.0,30.0,52990.0,36990.0,3.9,Asus Core i5 8th Gen - (4 GB/1 TB HDD/Windows 10 Home/2 GB Graphics) R540UB-DM1043T Laptop,30.19
,,laptops,25000.0,31.0,79990.0,54990.0,4.5,Asus VivoBook Gaming Core i5 9th Gen - (8 GB + 32 GB Optane/512 GB SSD/Windows 10 Home/4 GB Graphics/N...,31.25
,,laptops,13104.0,21.0,61094.0,47990.0,4.4,Acer Nitro 5 Ryzen 5 Quad Core - (8 GB/1 TB HDD/Windows 10 Home/4 GB Graphics/AMD Radeon RX 560X) AN51...,21.45
,,laptops,21009.0,28.0,73999.0,52990.0,4.5,Acer Nitro 5 Ryzen 5 Quad Core - (8 GB/1 TB HDD/Windows 10 Home/4 GB Graphics/NVIDIA Geforce GTX 1650)...,28.39
,,laptops,18900.0,26.0,70890.0,51990.0,,Lenovo Ideapad S145 Core i5 10th Gen - (8 GB/1 TB HDD/256 GB SSD/Windows 10 Home) S145-15IIL Laptop,26.66
,,laptops,6250.0,10.0,58240.0,51990.0,4.5,HP Pavilion 15-EC Ryzen 5 Quad Core - (8 GB/1 TB HDD/128 GB SSD/Windows 10 Home/3 GB Graphics/NVIDIA G...,10.73
,,laptops,10000.0,8.0,119900.0,109900.0,4.7,Apple MacBook Air Core i5 8th Gen - (8 GB/256 GB SSD/Mac OS Mojave) A1932,8.34
,,laptops,19900.0,25.0,76890.0,56990.0,4.4,Lenovo Ideapad S340 Core i5 8th Gen - (8 GB/512 GB SSD/Windows 10 Home/2 GB Graphics) S340 Thin and Li...,25.88
,,laptops,2747.0,9.0,29737.0,26990.0,3.8,Dell 14 3000 Core i3 7th Gen - (4 GB/1 TB HDD/Windows 10 Home) inspiron3481 Laptop,9.24
,,laptops,34009.0,36.0,93999.0,59990.0,5.0,Acer Nitro 5 Ryzen 7 Quad Core - (8 GB/1 TB HDD/256 GB SSD/Windows 10 Home/4 GB Graphics/NVIDIA Geforc...,36.18
,,laptops,14910.0,12.0,119900.0,104990.0,4.7,Apple MacBook Air Core i5 8th Gen - (8 GB/256 GB SSD/Mac OS Mojave) MVFN2HN/A,12.44
,,laptops,13000.0,20.0,62990.0,49990.0,4.4,Asus VivoBook 14 Core i5 8th Gen - (8 GB/512 GB SSD/Windows 10 Home) X412FA-EK230T Thin and Light Lapt...,20.64
,,laptops,11000.0,20.0,52990.0,41990.0,4.4,Asus VivoBook 14 Ryzen 5 Quad Core 2nd Gen - (8 GB/512 GB SSD/Windows 10 Home) X412DA-EK502T Thin and ...,20.76
,,laptops,5860.0,17.0,32850.0,26990.0,4.2,HP 14q Core i3 7th Gen - (4 GB/1 TB HDD/DOS) 14q-cs0009TU Thin and Light Laptop,17.84
,,laptops,7599.0,12.0,62589.0,54990.0,4.5,Acer Swift 3 Core i5 8th Gen - (8 GB/512 GB SSD/Windows 10 Home/2 GB Graphics) SF314-55G Thin and Ligh...,12.14
,,laptops,5608.0,14.0,39598.0,33990.0,3.8,Acer Aspire 5 Core i3 8th Gen - (4 GB/1 TB HDD/Windows 10 Home) A515-52 Thin and Light Laptop,14.16
,,laptops,35800.0,32.0,108790.0,72990.0,4.5,Lenovo Ideapad L340 Core i7 9th Gen - (8 GB/1 TB HDD/128 GB SSD/Windows 10 Home/4 GB Graphics/NVIDIA G...,32.91
,,laptops,14304.0,25.0,56294.0,41990.0,3.5,Dell Inspiron 13 5000 Series Core i3 7th Gen - (4 GB/1 TB HDD/Windows 10 Home) 5378 2 in 1 Laptop,25.41
,,laptops,3000.0,8.0,34999.0,31999.0,3.9,HP 15 Core i3 8th Gen - (4 GB/1 TB HDD/Windows 10 Home) 15-da0411tu Thin and Light Laptop,8.57
,,laptops,8000.0,19.0,41990.0,33990.0,4.3,Asus VivoBook 14 Core i3 7th Gen - (4 GB/256 GB SSD/Windows 10 Home) X412UA-EK342T Thin and Light Lapt...,19.05
,,laptops,32000.0,28.0,113990.0,81990.0,4.6,Asus ROG Strix G Core i7 9th Gen - (8 GB/1 TB HDD/256 GB SSD/Windows 10 Home/4 GB Graphics/NVIDIA Gefo...,28.07
,,laptops,18723.0,21.0,88713.0,69990.0,4.6,Acer Predator Triton 300 Core i5 9th Gen - (8 GB/1 TB HDD/256 GB SSD/Windows 10 Home/4 GB Graphics/NVI...,21.11
,,laptops,2162.0,8.0,25152.0,22990.0,4.1,HP 15q APU Dual Core A6 - (4 GB/1 TB HDD/Windows 10 Home) 15q-dy0006AU Laptop,8.6
,,laptops,22009.0,34.0,63999.0,41990.0,3.6,Acer Aspire 5 Core i5 7th Gen - (8 GB/1 TB HDD/Windows 10 Home/2 GB Graphics) A515-51G-5206 Laptop,34.39
,,laptops,3346.0,6.0,53136.0,49790.0,,Dell Inspiron 3000 Core i5 10th Gen - (4 GB/512 GB SSD/Windows 10 Home) 3593 Laptop,6.3
,,laptops,3830.0,10.0,36829.0,32999.0,4.1,HP 15q Core i3 7th Gen - (4 GB/1 TB HDD/Windows 10 Home) 15q-ds0006TU Laptop,10.4
,,laptops,41438.0,22.0,181428.0,139990.0,5.0,Acer Helios 300 Core i7 9th Gen - (16 GB/2 TB HDD/256 GB SSD/Windows 10 Home/8 GB Graphics/NVIDIA Gefo...,22.84
,,laptops,15186.0,21.0,70176.0,54990.0,4.4,Acer Swift 3 Core i5 8th Gen - (8 GB/512 GB SSD/Windows 10 Home) SF313-51 Thin and Light Laptop,21.64
,,laptops,9009.0,11.0,80008.0,70999.0,4.5,HP Pavilion x360 Core i5 10th Gen - (8 GB/256 GB SSD/Windows 10 Home) 14-dh1010TU 2 in 1 Laptop,11.26
,,laptops,9060.0,12.0,72550.0,63490.0,4.7,Dell Inspiron 13 7000 Series Core i5 8th Gen - (8 GB/512 GB SSD/Windows 10 Home) insp 7380 Thin and Li...,12.49
,,laptops,43000.0,14.0,302990.0,259990.0,,Asus ZenBook Pro Duo Core i9 9th Gen - (32 GB/1 TB SSD/Windows 10 Home/6 GB Graphics) UX581GV-H9201T L...,14.19
,,laptops,23300.0,24.0,93290.0,69990.0,4.5,MSI GF63 Thin Core i7 9th Gen - (8 GB/512 GB SSD/Windows 10 Home/4 GB Graphics/NVIDIA Geforce GTX 1650...,24.98
,,laptops,16647.0,18.0,90637.0,73990.0,4.2,Microsoft Surface Pro Core i5 7th Gen - (8 GB/128 GB SSD/Windows 10 Pro) M1796 2 in 1 Laptop,18.37
,,laptops,0.0,0.0,64990.0,64990.0,4.5,Asus VivoBook Core i5 8th Gen - (8 GB/1 TB HDD/256 GB SSD/Windows 10 Home) S430UA-EB008T Thin and Ligh...,0.0
,,laptops,16000.0,23.0,68990.0,52990.0,4.5,Asus VivoBook S Series Core i5 8th Gen - (8 GB/1 TB HDD/256 GB SSD/Windows 10 Home) S430FA-EB156T Thin...,23.19
,,laptops,4910.0,3.0,159900.0,154990.0,4.5,Apple MacBook Pro Core i5 8th Gen - (8 GB/256 GB SSD/Mac OS Mojave) MV962HN,3.07
,,laptops,10000.0,11.0,89990.0,79990.0,4.3,MSI P Core i5 10th Gen - (8 GB/512 GB SSD/Windows 10 Home/2 GB Graphics) Prestige 14 A10RB-031IN Thin ...,11.11
,,laptops,24000.0,36.0,65990.0,41990.0,4.4,Avita Liber Core i5 8th Gen - (8 GB/256 GB SSD/Windows 10 Home) NS14A2IN199P Thin and Light Laptop,36.37
,,laptops,3900.0,10.0,36890.0,32990.0,,Lenovo Ideapad Core i3 7th Gen - (4 GB/1 TB HDD/Windows 10 Home) IP130 Laptop,10.57
,,laptops,15000.0,15.0,97990.0,82990.0,4.5,Asus ZenBook 13 Core i7 8th Gen - (8 GB/512 GB SSD/Windows 10 Home) UX333FA-A4116T Thin and Light Lapt...,15.31
,,laptops,33000.0,13.0,242990.0,209990.0,,Asus ZenBook Pro Duo Core i7 9th Gen - (32 GB/1 TB SSD/Windows 10 Home/6 GB Graphics) UX581GV-H7201T L...,13.58
,,laptops,11286.0,10.0,104776.0,93490.0,,Dell Inspiron 3000 Core i7 9th Gen - (8 GB/512 GB SSD/Windows 10 Home/4 GB Graphics/NVIDIA Geforce GTX...,10.77
,,laptops,3375.0,4.0,78365.0,74990.0,5.0,HP Pavilion Ryzen 7 Quad Core - (8 GB/1 TB HDD/128 GB SSD/Windows 10 Home/6 GB Graphics/NVIDIA Geforce...,4.31
,,laptops,28700.0,32.0,87690.0,58990.0,4.3,Lenovo Core i7 8th Gen - (8 GB/1 TB HDD/Windows 10 Home/2 GB Graphics) L340-15IWL Laptop,32.73
,,laptops,16700.0,25.0,65690.0,48990.0,4.3,Lenovo Ideapad 330 Core i5 8th Gen - (8 GB/1 TB HDD/DOS/4 GB Graphics) 330-15IKB/ 81DELenovo ideapad 3...,25.42
,,laptops,9.0,0.0,98999.0,98990.0,,Microsoft Surface Pro X SQ1 Octa Core - (8 GB/128 GB SSD/Windows 10 Home) M1876 Laptop,0.01
,,laptops,5427.0,10.0,53107.0,47680.0,4.0,HP Pavilion x360 14 Core i3 10th Gen - (4 GB/256 GB SSD/Windows 10 Home) 14-dh1006TU 2 in 1 Laptop,10.22
,,laptops,3017.0,3.0,80007.0,76990.0,,HP Envy 13 Core i5 10th Gen - (8 GB/256 GB SSD/Windows 10 Home) 13-aq1014TU Thin and Light Laptop,3.77
,,laptops,24000.0,36.0,65990.0,41990.0,4.4,Avita Liber Core i5 8th Gen - (8 GB/256 GB SSD/Windows 10 Home) NS14A2IN205P Thin and Light Laptop,36.37
,,laptops,24000.0,36.0,65990.0,41990.0,4.4,Avita Liber Core i5 8th Gen - (8 GB/256 GB SSD/Windows 10 Home) NS14A2IN204P Thin and Light Laptop,36.37
,,laptops,7000.0,5.0,119990.0,112990.0,4.6,Apple MacBook Pro Core i5 7th Gen - (8 GB/128 GB SSD/Mac OS Sierra) MPXR2HN/A,5.83
,,laptops,1755.0,3.0,53745.0,51990.0,4.3,Lenovo Ideapad Core i5 7th Gen - (8 GB/1 TB HDD/Windows 10 Home/2 GB Graphics) IP 320-15IKB Laptop,3.27
,,laptops,17809.0,21.0,82799.0,64990.0,4.6,Acer Swift 5 Core i5 8th Gen - (8 GB/256 GB SSD/Windows 10 Home) SF514-52T Thin and Light Laptop,21.51
,,laptops,7278.0,14.0,50268.0,42990.0,4.3,Dell Vostro 14 3000 Core i5 8th Gen - (8 GB/1 TB HDD/Linux/2 GB Graphics) VOS 3480 Laptop,14.48
,,laptops,24000.0,36.0,65990.0,41990.0,4.4,Avita Liber Core i5 8th Gen - (8 GB/256 GB SSD/Windows 10 Home) NS14A2IN198P Thin and Light Laptop,36.37
,,laptops,7500.0,18.0,39990.0,32490.0,4.3,Lenovo Ideapad S145 Core i3 7th Gen - (4 GB/1 TB HDD/Windows 10 Home) S145-15IKB Laptop,18.75
,,laptops,7041.0,15.0,44031.0,36990.0,4.3,Asus VivoBook 14 Ryzen 5 Quad Core - (4 GB/1 TB HDD/Windows 10 Home) X412DA-EK141T Thin and Light Lapt...,15.99
,,laptops,8738.0,7.0,119900.0,111162.0,4.7,Apple MacBook Air Core i5 8th Gen - (8 GB/256 GB SSD/Mac OS Mojave) MVFL2HN/A,7.29
,,laptops,8163.0,10.0,78153.0,69990.0,4.1,Asus ZenBook 13 Core i5 8th Gen - (8 GB/256 GB SSD/Windows 10 Home) UX333FA-A4046T Thin and Light Lapt...,10.44
,,laptops,25009.0,31.0,79999.0,54990.0,4.0,Acer Aspire 7 Core i5 9th Gen - (8 GB/512 GB SSD/Windows 10 Home/4 GB Graphics/NVIDIA Geforce GTX 1650...,31.26
,,laptops,26000.0,27.0,92990.0,66990.0,4.8,Lenovo Legion Y7000 Core i5 9th Gen - (8 GB/1 TB HDD/256 GB SSD/Windows 10 Home/3 GB Graphics/NVIDIA G...,27.96
,,laptops,24000.0,36.0,65990.0,41990.0,4.4,Avita Liber Core i5 8th Gen - (8 GB/256 GB SSD/Windows 10 Home) NS14A2IN202P Thin and Light Laptop,36.37
,,laptops,18905.0,11.0,168395.0,149490.0,3.7,HP Spectre x360 Core i7 8th Gen - (16 GB/512 GB SSD/Windows 10 Pro) 13-ae503TU 2 in 1 Laptop,11.23
,,laptops,9300.0,15.0,59990.0,50690.0,4.1,Asus Core i5 8th Gen - (8 GB/512 GB SSD/Windows 10 Home/2 GB Graphics) X509FJ-EJ502T Laptop,15.5
,,laptops,0.0,0.0,83458.0,83458.0,5.0,Lenovo Ideapad 720S Core i5 8th Gen - (8 GB/512 GB SSD/Windows 10 Home) 720S-13IKB Thin and Light Lapt...,0.0
,,laptops,87500.0,42.0,207490.0,119990.0,4.7,Lenovo Legion Y740 Core i7 9th Gen - (8 GB/1 TB SSD/Windows 10 Home/6 GB Graphics/NVIDIA Geforce GTX 1...,42.17
,,laptops,0.0,0.0,116941.0,116941.0,,HP 15 Core i7 8th Gen - (8 GB/1 TB HDD/128 GB SSD/Windows 10 Home/4 GB Graphics) 15-dc0082TX Laptop,0.0
,,laptops,22000.0,21.0,101990.0,79990.0,,Asus ROG Strix G Core i5 9th Gen - (8 GB/512 GB SSD/Windows 10 Home/4 GB Graphics/NVIDIA Geforce GTX 1...,21.57
,,laptops,0.0,0.0,126873.0,126873.0,,HP 15 Core i7 8th Gen - (16 GB/1 TB HDD/128 GB SSD/Windows 10 Home/4 GB Graphics) 15-dc0084TX Laptop,0.0
,,laptops,18000.0,22.0,80990.0,62990.0,4.4,Asus VivoBook Gaming Core i5 9th Gen - (8 GB/1 TB HDD/256 GB SSD/Windows 10 Home/4 GB Graphics/NVIDIA ...,22.22
,,laptops,0.0,0.0,36701.0,36701.0,,Acer Aspire 5 Core i3 7th Gen - (4 GB/256 GB SSD/Windows 10 Home) A515-52K Laptop,0.0
,,laptops,18500.0,15.0,116490.0,97990.0,,Nexstgo Core i5 8th Gen - (16 GB/512 GB SSD/Windows 10 Pro) NX101 Thin and Light Laptop,15.88
,,laptops,1000.0,1.0,65990.0,64990.0,4.6,Avita Liber Core i5 8th Gen - (8 GB/256 GB SSD/Windows 10 Home) NS13A2IN205P Thin and Light Laptop,1.52
,,laptops,20009.0,20.0,99999.0,79990.0,,Lenovo Legion Core i5 9th Gen - (8 GB/1 TB SSD/Windows 10/4 GB Graphics/NVIDIA Geforce GTX GTX1650) Le...,20.01
,,laptops,17000.0,16.0,103990.0,86990.0,,Nexstgo Core i7 8th Gen - (8 GB/256 GB SSD/Windows 10 Pro) NX101 Thin and Light Laptop,16.35
,,laptops,0.0,0.0,165826.0,165826.0,,Acer Predator Triton 500 Core i7 9th Gen - (16 GB/1 TB SSD/Windows 10 Home/6 GB Graphics/NVIDIA Geforc...,0.0
,,laptops,2500.0,5.0,42490.0,39990.0,4.0,Lenovo Ideapad S145 Core i3 8th Gen - (4 GB/1 TB HDD/Windows 10 Home) S145-15IWL Thin and Light Laptop,5.88
,,laptops,0.0,0.0,57309.0,57309.0,4.1,Lenovo Core i5 7th Gen - (8 GB/1 TB HDD/Windows 10 Home/2 GB Graphics) Ideapad 510 Laptop,0.0
,,laptops,42000.0,23.0,181990.0,139990.0,,Asus ROG Strix Hero III Core i7 9th Gen - (16 GB/1 TB HDD/256 GB SSD/Windows 10 Home/6 GB Graphics/NVI...,23.08
,,laptops,13000.0,16.0,80990.0,67990.0,,Lenovo Ideapad L340 Core i5 9th Gen - (8 GB/1 TB HDD/Windows 10 Home/4 GB Graphics/NVIDIA Geforce GTX ...,16.05
,,laptops,5204.0,5.0,88194.0,82990.0,,HP Envy 13 Core i5 10th Gen - (8 GB + 32 GB Optane/512 GB SSD/Windows 10 Home) 13-aq1015TU Thin and Li...,5.9
,,laptops,15900.0,12.0,125890.0,109990.0,,Lenovo Yoga 730 Core i7 8th Gen - (8 GB/512 GB SSD/Windows 10 Home) 730-13IKB Thin and Light Laptop,12.63
,,laptops,0.0,0.0,64715.0,64715.0,4.0,Lenovo Core i5 7th Gen - (8 GB/1 TB HDD/Windows 10 Home/4 GB Graphics) IP 520 Laptop,0.0
,,laptops,232.0,0.0,250222.0,249990.0,,Dell XPS 15 Core i9 9th Gen - (32 GB/1 TB SSD/Windows 10 Home/4 GB Graphics) 7590 Laptop,0.09
,,laptops,3481.0,10.0,32971.0,29490.0,4.2,HP 14q Core i3 7th Gen - (4 GB/1 TB HDD/Windows 10 Home) 14q-CS0005TU Thin and Light Laptop,10.56
,,laptops,0.0,0.0,87990.0,87990.0,5.0,Asus FX503 Core i7 7th Gen - (8 GB/1 TB HDD/128 GB SSD/Windows 10 Home/4 GB Graphics/NVIDIA Geforce GT...,0.0
,,laptops,9915.0,7.0,139900.0,129985.0,,Apple MacBook Pro Core i5 8th Gen - (8 GB/256 GB SSD/Mac OS Mojave) MUHP2HN/A,7.09
,,laptops,15009.0,18.0,78999.0,63990.0,4.5,Asus ZenBook 13 Core i5 8th Gen - (8 GB/512 GB SSD/Windows 10 Home) UX331UAL-EG011T Thin and Light Lap...,19.0
,,laptops,24000.0,36.0,65990.0,41990.0,4.4,Avita Liber Core i5 8th Gen - (8 GB/256 GB SSD/Windows 10 Home) NS14A2IN212P Thin and Light Laptop,36.37
,,laptops,2000.0,2.0,84990.0,82990.0,,HP Pavilion Core i5 9th Gen - (8 GB/1 TB HDD/256 GB SSD/Windows 10 Home/4 GB Graphics/NVIDIA Geforce G...,2.35
,,laptops,0.0,0.0,79999.0,79999.0,4.5,Microsoft Surface Pro Core i5 7th Gen - (4 GB/128 GB SSD/Windows 10 Pro) 1796 2 in 1 Laptop,0.0
,,laptops,7000.0,16.0,42990.0,35990.0,,Asus VIVOBOOK Core i3 8th Gen - (4 GB/512 GB SSD/Windows 10) X509FA Notebook,16.28
,,laptops,9875.0,26.0,36865.0,26990.0,4.0,Asus VivoBook 14 APU Quad Core A12 - (4 GB/1 TB HDD/Windows 10 Home) X411QA-EK001T Thin and Light Lapt...,26.79
,,laptops,0.0,0.0,107990.0,107990.0,4.3,Asus ROG Core i7 7th Gen - (8 GB/1 TB HDD/Windows 10 Home/4 GB Graphics/NVIDIA Geforce GTX 1050) GL553...,0.0
,,laptops,18187.0,23.0,76177.0,57990.0,4.4,Dell G3 Series Core i5 8th Gen - (8 GB/1 TB HDD/128 GB SSD/Windows 10 Home/4 GB Graphics/NVIDIA Geforc...,23.87
,,laptops,0.0,0.0,92990.0,92990.0,4.0,Asus ROG Strix Edition Core i7 7th Gen - (8 GB/1 TB HDD/128 GB SSD/Windows 10 Home/4 GB Graphics/NVIDI...,0.0
,,laptops,13295.0,13.0,99285.0,85990.0,,Acer Nitro 5 Core i7 9th Gen - (8 GB/1 TB HDD/256 GB SSD/Windows 10 Home/4 GB Graphics/NVIDIA Geforce ...,13.39
,,laptops,8000.0,16.0,48990.0,40990.0,,Asus X512FA Core i3 10th Gen - (4 GB/512 GB SSD/Windows 10 Home) X512FA-EJ372T Laptop,16.33
,,laptops,0.0,0.0,55139.0,55139.0,,Lenovo Ideapad 520 Core i5 8th Gen - (4 GB/1 TB HDD/Windows 10 Home/2 GB Graphics) 520-15IKB Laptop,0.0
,,laptops,3217.0,6.0,48207.0,44990.0,3.3,HP 14q Core i5 8th Gen - (4 GB/1 TB HDD/Windows 10 Home) 14q-cs0007TU Laptop,6.67
,,laptops,0.0,0.0,53000.0,53000.0,4.1,Lenovo Ideapad 500s Core i5 6th Gen - (4 GB/1 TB HDD/Windows 10 Home/2 GB Graphics) 500S-14ISK Laptop,0.0
,,laptops,8620.0,17.0,48610.0,39990.0,4.1,Asus Core i5 8th Gen - (8 GB/1 TB HDD/Windows 10 Home/2 GB Graphics) R540UB-DM1197T Laptop,17.73
,,laptops,9601.0,25.0,37591.0,27990.0,4.2,Asus VivoBook 15 Core i3 7th Gen - (4 GB/1 TB HDD/Windows 10 Home) X543UA-DM342T Laptop,25.54
,,laptops,15562.0,21.0,72560.0,56998.0,,HP 14 Core i5 8th Gen - (8 GB/256 GB SSD/Windows 10 Home) 14-bf120TU Laptop,21.45
,,laptops,4000.0,5.0,79990.0,75990.0,,Avita Liber Core i7 8th Gen - (8 GB/256 GB SSD/Windows 10 Home) NS14A2IN241P Thin and Light Laptop,5.0
,,laptops,4000.0,5.0,79990.0,75990.0,,Avita Liber Core i7 8th Gen - (8 GB/256 GB SSD/Windows 10 Home) NS14A2IN239P Thin and Light Laptop,5.0
,,laptops,7000.0,5.0,119990.0,112990.0,,Apple MacBook Core m3 7th Gen - (8 GB/256 GB SSD/Mac OS Sierra) MNYH2HN/A,5.83
,,laptops,4000.0,5.0,79990.0,75990.0,,Avita Liber Core i7 8th Gen - (8 GB/256 GB SSD/Windows 10 Home) NS14A2IN249P Thin and Light Laptop,5.0
,,laptops,4000.0,5.0,79990.0,75990.0,,Avita Liber Core i7 8th Gen - (8 GB/256 GB SSD/Windows 10 Home) NS14A2IN246P Thin and Light Laptop,5.0
,,laptops,4000.0,5.0,79990.0,75990.0,,Avita Liber Core i7 8th Gen - (8 GB/256 GB SSD/Windows 10 Home) NS14A2IN244P Thin and Light Laptop,5.0
,,laptops,23800.0,40.0,58800.0,35000.0,,HP G4 APU Dual Core A9 7th Gen - (4 GB/500 GB HDD/Windows 10 Home) 455 G4 Laptop,40.48
,,laptops,0.0,0.0,52174.0,52174.0,4.0,Dell Vostro 3000 Core i5 8th Gen - (8 GB/1 TB HDD/Windows 10 Home) 3480 Laptop,0.0
,,laptops,29392.0,26.0,109890.0,80498.0,,Lenovo 81N400EBIN Core i5 8th Gen - (8 GB/512 GB SSD/Windows 10 Home/2 GB Graphics) C340-14IWL Thin an...,26.75
,,laptops,10000.0,12.0,79990.0,69990.0,4.8,Asus VivoBook 15 Core i7 8th Gen - (8 GB/1 TB HDD/256 GB SSD/Windows 10 Home/2 GB Graphics) X512FL-EJ2...,12.5
,,laptops,33000.0,16.0,197990.0,164990.0,,Asus ROG Strix Hero II Core i7 8th Gen - (16 GB/1 TB HDD/256 GB SSD/Windows 10 Home/6 GB Graphics/NVID...,16.67
,,laptops,4000.0,5.0,79990.0,75990.0,,Avita Liber Core i7 8th Gen - (8 GB/256 GB SSD/Windows 10 Home) NS14A2IN247P Thin and Light Laptop,5.0
,,laptops,1891.0,4.0,46881.0,44990.0,4.2,HP Chromebook x360 Core i3 8th Gen - (8 GB/64 GB EMMC Storage/Chrome OS) 14-da0003TU 2 in 1 Laptop,4.03
,,laptops,0.0,0.0,42490.0,42490.0,,Lenovo Ideapad 330 Core i3 8th Gen - (4 GB/1 TB HDD/Windows 10 Home) 330-15IKB Laptop,0.0
,,laptops,8000.0,23.0,33990.0,25990.0,4.1,Asus X Series Core i3 7th Gen - (4 GB/1 TB HDD/Endless) X540UA-GQ703 Laptop,23.54
,,laptops,0.0,0.0,151133.0,151133.0,,HP Spectre x360 Core i5 8th Gen - (8 GB/256 GB SSD/Windows 10 Pro) 13-ap0121TU 2 in 1 Laptop,0.0
,,laptops,909.0,0.0,215909.0,215000.0,,HP Spectre Folio x360 Core i7 8th Gen - (16 GB/512 GB SSD/Windows 10 Pro) 13-ak0040TU 2 in 1 Laptop,0.42
,,laptops,0.0,0.0,172725.0,172725.0,,HP Spectre x360 Core i7 8th Gen - (16 GB/512 GB SSD/Windows 10 Home) 13-ap0101TU 2 in 1 Laptop,0.0
,,laptops,22009.0,26.0,81999.0,59990.0,,Acer Nitro 5 Core i5 9th Gen - (8 GB/1 TB HDD/Windows 10 Home/3 GB Graphics/NVIDIA Geforce GTX 1050) A...,26.84
,,laptops,12333.0,15.0,77323.0,64990.0,,HP CE Core i5 8th Gen - (8 GB/256 GB SSD/Windows 10 Home/2 GB Graphics) CE1000TX Thin and Light Laptop,15.95
,,laptops,9587.0,24.0,39577.0,29990.0,4.1,Lenovo Ideapad 330 Ryzen 5 Quad Core - (4 GB/1 TB HDD/Windows 10 Home) 330-15ARR U Laptop,24.22
,,laptops,0.0,0.0,102551.0,102551.0,,HP Omen Core i5 7th Gen - (8 GB/1 TB HDD/128 GB SSD/Windows 10 Home/4 GB Graphics/NVIDIA Geforce GTX 1...,0.0
,,laptops,0.0,0.0,69500.0,69500.0,1.6,Dell Core i5 5th Gen - (8 GB/1 TB HDD/Windows 10 Home/4 GB Graphics) 7548 Laptop,0.0
,,laptops,10526.0,19.0,54516.0,43990.0,4.1,Dell Vostro 14 3000 Core i5 8th Gen - (8 GB/1 TB HDD/Windows 10 Home/2 GB Graphics) vos 3480 Laptop,19.31
,,laptops,0.0,0.0,20500.0,20500.0,3.9,Acer Aspire 3 Celeron Dual Core - (2 GB/500 GB HDD/Linux) A315-31 Laptop,0.0
,,laptops,7000.0,15.0,45990.0,38990.0,,Avita Liber Core i3 8th Gen - (8 GB/128 GB SSD/Windows 10 Home) NS14A2IN190P Thin and Light Laptop,15.22
,,laptops,1000.0,1.0,50999.0,49999.0,4.4,Microsoft Surface Go Pentium Gold - (8 GB/128 GB SSD/Windows 10 Home in S Mode) 1824 2 in 1 Laptop,1.96
,,laptops,619.0,0.0,321609.0,320990.0,,Alienware 15 Core i9 8th Gen - (32 GB/1 TB HDD/1 TB SSD/Windows 10 Home/8 GB Graphics/NVIDIA Geforce G...,0.19
,,laptops,2377.0,7.0,32367.0,29990.0,3.8,Dell Inspiron 14 3000 Series Core i3 7th Gen - (4 GB/1 TB HDD/Windows 10 Home) 3467 Laptop,7.34
,,laptops,0.0,0.0,79251.0,79251.0,,HP Pavilion 13 Core i5 8th Gen - (8 GB/256 GB SSD/Windows 10 Home) 13-an0046tu Thin and Light Laptop,0.0
,,laptops,9086.0,9.0,91076.0,81990.0,,Dell Inspiron 15 7000 Series Core i5 8th Gen - (8 GB/1 TB HDD/128 GB SSD/Windows 10 Home/2 GB Graphics...,9.98
,,laptops,20000.0,7.0,259990.0,239990.0,4.0,Apple Macbook Pro Core i7 8th Gen - (16 GB/512 GB SSD/Mac OS Mojave/4 GB Graphics) MR942HN/A,7.69
,,laptops,15000.0,6.0,244990.0,229990.0,,Apple MacBook Pro Core i7 7th Gen - (16 GB/512 GB SSD/Mac OS Sierra/2 GB Graphics) MPTT2HN/A,6.12
,,laptops,0.0,0.0,137098.0,137098.0,,HP Omen Core i5 7th Gen - (8 GB/1 TB HDD/128 GB SSD/Windows 10 Home/6 GB Graphics/NVIDIA Geforce GTX 1...,0.0
,,laptops,1000.0,1.0,50999.0,49999.0,,Acer Swift 3 Core i5 8th Gen - (4 GB/256 GB SSD/Linux) SF314-52 Laptop,1.96
,,laptops,24000.0,36.0,65990.0,41990.0,4.4,Avita Liber Core i5 8th Gen - (8 GB/256 GB SSD/Windows 10 Home) NS14A2IN206P Thin and Light Laptop,36.37
,,laptops,7292.0,16.0,43290.0,35998.0,,Lenovo Ideapad S145 Core i3 10th Gen - (4 GB/1 TB HDD/Windows 10 Home) S145 Thin and Light Laptop,16.84
,,laptops,3500.0,7.0,45990.0,42490.0,4.3,Smartron t.book flex Core m3 7th Gen - (4 GB/128 GB SSD/Windows 10 Home) T1223 2 in 1 Laptop,7.61
,,laptops,12422.0,26.0,46412.0,33990.0,4.0,HP 15q Ryzen 5 Quad Core - (4 GB/1 TB HDD/Windows 10 Home) 15q-dy0008AU Laptop,26.76
,,laptops,4090.0,16.0,25080.0,20990.0,3.6,Lenovo Ideapad S145 APU Dual Core A6 - (4 GB/1 TB HDD/Windows 10 Home) S145-14AST Thin and Light Lapto...,16.31
,,laptops,6000.0,6.0,85990.0,79990.0,4.4,Dell Inspiron 5000 Core i7 8th Gen - (8 GB/1 TB HDD/512 GB SSD/Windows 10 Home/4 GB Graphics) 5584 Lap...,6.98
,,laptops,0.0,0.0,48300.0,48300.0,3.9,Dell Inspiron 5447 Notebook (4th Gen Ci5/ 4GB/ 1TB/ Win8.1/ 2GB Graph) (5447541TB2S),0.0
,,laptops,6000.0,20.0,29990.0,23990.0,4.0,HP Chromebook Celeron Dual Core - (4 GB/64 GB EMMC Storage/Chrome OS) 14-ca003TU Laptop,20.01
,,laptops,14000.0,18.0,74990.0,60990.0,4.4,MSI GL Series Core i5 8th Gen - (8 GB/1 TB HDD/Windows 10 Home/4 GB Graphics/NVIDIA Geforce GTX 1050) ...,18.67
,,laptops,4000.0,5.0,76990.0,72990.0,,Avita Liber Core i5 8th Gen - (8 GB/512 GB SSD/Windows 10 Home) NS14A2IN218P Thin and Light Laptop,5.2
,,laptops,4000.0,5.0,76990.0,72990.0,,Avita Liber Core i5 8th Gen - (8 GB/512 GB SSD/Windows 10 Home) NS14A2IN223P Thin and Light Laptop,5.2
,,laptops,4000.0,5.0,76990.0,72990.0,,Avita Liber Core i5 8th Gen - (8 GB/512 GB SSD/Windows 10 Home) NS14A2IN215P Thin and Light Laptop,5.2
,,laptops,6000.0,7.0,79990.0,73990.0,,Avita Liber Core i5 7th Gen - (8 GB/512 GB SSD/Windows 10 Home) NS13A1IN013P Thin and Light Laptop,7.5
,,laptops,6000.0,7.0,79990.0,73990.0,,Avita Liber Core i5 7th Gen - (8 GB/512 GB SSD/Windows 10 Home) NS13A1IN012P Thin and Light Laptop,7.5
,,laptops,6000.0,7.0,79990.0,73990.0,,Avita Liber Core i5 7th Gen - (8 GB/512 GB SSD/Windows 10 Home) NS13A1IN019P Thin and Light Laptop,7.5
,,laptops,0.0,0.0,104990.0,104990.0,,MSI G Core i7 9th Gen - (16 GB/512 GB SSD/Windows 10 Home/6 GB Graphics/NVIDIA Geforce GTX 1660 Ti) GF...,0.0
,,laptops,11000.0,10.0,107990.0,96990.0,,Dell Inspiron 3000 Core i7 9th Gen - (8 GB/1 TB HDD/512 GB SSD/Windows 10 Home/4 GB Graphics/NVIDIA Ge...,10.19
,,laptops,7490.0,17.0,43990.0,36500.0,4.2,Asus VivoBook Ryzen 5 Quad Core - (8 GB/1 TB HDD/Windows 10 Home) X505ZA-EJ509TX505Z Thin and Light La...,17.03
,,laptops,0.0,0.0,43990.0,43990.0,4.3,Lenovo Ideapad 330 Core i3 7th Gen - (4 GB/1 TB HDD/Windows 10 Home) 330-15IKB Laptop,0.0
,,laptops,10000.0,15.0,65990.0,55990.0,4.1,HP 15 Core i5 8th Gen - (8 GB/1 TB HDD/Windows 10/2 GB Graphics) 15g-dr0006tx Laptop,15.15
,,laptops,0.0,0.0,42309.0,42309.0,4.0,Lenovo Ideapad 330s Core i3 7th Gen - (4 GB/1 TB HDD/Windows 10 Home) 330S-15IKB Thin and Light Laptop,0.0
,,laptops,5674.0,6.0,84664.0,78990.0,4.2,Dell Inspiron 13 5000 Core i7 8th Gen - (8 GB/256 GB SSD/Windows 10 Home/2 GB Graphics) 5370 Thin and ...,6.7
,,laptops,18022.0,23.0,76012.0,57990.0,4.4,HP Pavilion 13 Core i5 8th Gen - (8 GB/128 GB SSD/Windows 10 Home) 13-an0045tu Thin and Light Laptop,23.71
,,laptops,827.0,0.0,349817.0,348990.0,,Alienware 17 Core i9 8th Gen - (32 GB/1 TB HDD/1 TB SSD/Windows 10 Home/8 GB Graphics/NVIDIA Geforce G...,0.24
,,laptops,19640.0,28.0,69990.0,50350.0,3.9,Dell Inspiron 15 5000 Core i5 8th Gen - (8 GB/1 TB HDD/Windows 10 Home/2 GB Graphics) 5570 Laptop,28.06
,,laptops,15000.0,30.0,48990.0,33990.0,3.8,Asus Core i5 8th Gen - (4 GB/1 TB HDD/Windows 10 Home) X540UA-DM1027T Laptop,30.62
,,laptops,3615.0,4.0,83605.0,79990.0,4.6,Dell Inspiron 15 7000 Core i5 8th Gen - (8 GB/1 TB HDD/128 GB SSD/Windows 10 Home/4 GB Graphics) 7570 ...,4.32
,,laptops,1000.0,0.0,134990.0,133990.0,,MSI Core i7 9th Gen - (16 GB/1 TB HDD/256 GB SSD/Windows 10 Home/6 GB Graphics/NVIDIA Geforce GTX 1660...,0.74
,,laptops,5000.0,5.0,89990.0,84990.0,,HP Pavilion Core i7 8th Gen - (8 GB/2 TB HDD/Windows 10 Home/4 GB Graphics) 15-CS1052TX Thin and Light...,5.56
,,laptops,17001.0,17.0,95000.0,77999.0,4.3,Lenovo Legion Y530 Core i5 8th Gen - (8 GB/1 TB HDD/128 GB SSD/Windows 10 Home/4 GB Graphics/NVIDIA Ge...,17.9
,,laptops,22542.0,25.0,88532.0,65990.0,4.5,Dell Inspiron 5000 Core i7 8th Gen - (8 GB/256 GB SSD/Windows 10 Home/4 GB Graphics) 5370 Thin and Lig...,25.46
,,laptops,9000.0,23.0,37990.0,28990.0,3.9,HP 15 Ryzen 3 Dual Core - (4 GB/1 TB HDD/Windows 10 Home) 15-db0186AU Laptop,23.69
,,laptops,24000.0,27.0,85990.0,61990.0,4.5,Asus ZenBook 13 Core i5 8th Gen - (8 GB/512 GB SSD/Windows 10 Home) UX331FAL-EG003T Thin and Light Lap...,27.91
,,laptops,14115.0,32.0,43105.0,28990.0,3.9,Acer Aspire 3 Ryzen 5 Quad Core - (4 GB/1 TB HDD/Windows 10 Home) A315-41 Laptop,32.75
,,laptops,11151.0,11.0,98141.0,86990.0,4.4,Dell G3 Series Core i7 8th Gen - (8 GB/1 TB HDD/128 GB SSD/Windows 10 Home/4 GB Graphics/NVIDIA Geforc...,11.36
,,laptops,6009.0,30.0,19999.0,13990.0,3.8,iBall CompBook Pentium Quad Core - (4 GB/32 GB EMMC Storage/Windows 10 Home) Premio v3.0 Laptop,30.05
,,laptops,24000.0,36.0,65990.0,41990.0,4.4,Avita Liber Core i5 8th Gen - (8 GB/256 GB SSD/Windows 10 Home) NS14A2IN196P Thin and Light Laptop,36.37
,,laptops,3872.0,15.0,24862.0,20990.0,3.9,Lenovo Ideapad 320 APU Dual Core A6 - (4 GB/1 TB HDD/DOS) IP 320-15AST Laptop,15.57
,,laptops,29910.0,12.0,239900.0,209990.0,4.7,Apple MacBook Pro Core i9 8th Gen - (16 GB/512 GB SSD/Mac OS Mojave/4 GB Graphics) MV912HN,12.47
,,laptops,25000.0,26.0,94990.0,69990.0,4.1,MSI G Ryzen 7 Quad Core - (16 GB/1 TB HDD/256 GB SSD/Windows 10 Home/4 GB Graphics/AMD Radeon RX 5500M...,26.32
,,laptops,25700.0,32.0,79690.0,53990.0,4.1,Lenovo Ideapad 330 Core i5 8th Gen - (8 GB/1 TB HDD/Windows 10 Home/4 GB Graphics/NVIDIA Geforce GTX 1...,32.25
,,laptops,15000.0,22.0,65990.0,50990.0,4.4,Asus VivoBook 14 Core i5 8th Gen - (8 GB/512 GB SSD/Windows 10 Home) X412FA-EK295T Thin and Light Lapt...,22.73
,,laptops,7910.0,6.0,114900.0,106990.0,4.7,Apple MacBook Air Core i5 8th Gen - (8 GB/128 GB SSD/Mac OS Mojave) MRE82HN/A,6.88
,,laptops,16000.0,19.0,82990.0,66990.0,4.5,Asus TUF Core i5 8th Gen - (8 GB/1 TB HDD/128 GB SSD/Windows 10 Home/4 GB Graphics/NVIDIA Geforce GTX ...,19.28
,,laptops,34009.0,35.0,96999.0,62990.0,3.7,Acer NITRO 5 Core i5 9th Gen - (8 GB/1 TB HDD/256 GB SSD/Windows 10 Home/4 GB Graphics/NVIDIA Geforce ...,35.06
,,laptops,8300.0,21.0,38290.0,29990.0,3.9,Lenovo Ideapad S145 Core i3 7th Gen - (4 GB/1 TB HDD/Windows 10 Home) S145-15IKB Thin and Light Laptop,21.68
,,laptops,290.0,1.0,22790.0,22500.0,3.7,Lenovo AMD Celeron Quad Core - (4 GB/1 TB HDD/Windows 10 Home) S145-15IGM Laptop,1.27
,,laptops,0.0,0.0,88768.0,88768.0,3.0,Dell Inspiron 7000 Core i5 6th Gen - (8 GB/1 TB HDD/8 GB SSD/Windows 10 Home/4 GB Graphics/NVIDIA Gefo...,0.0
,,laptops,2951.0,8.0,33450.0,30499.0,4.3,HP DA Core i3 7th Gen - (4 GB/1 TB HDD/Windows 10 Home) 15-DA0410TU Laptop,8.82
,,laptops,2788.0,8.0,31287.0,28499.0,4.1,HP G7 Core i3 7th Gen - (4 GB/1 TB HDD/DOS) 250 G7 Laptop,8.91
,,laptops,37000.0,32.0,113990.0,76990.0,4.4,Asus ROG Strix Core i7 8th Gen - (8 GB/1 TB HDD/256 GB SSD/Windows 10 Home/4 GB Graphics/NVIDIA Geforc...,32.46
,,laptops,4960.0,5.0,90950.0,85990.0,4.5,Asus ROG Strix Core i5 8th Gen - (8 GB/1 TB HDD/256 GB SSD/Windows 10 Home/4 GB Graphics/NVIDIA Geforc...,5.45
,,laptops,15400.0,29.0,52390.0,36990.0,,Lenovo Ideapad S340 Ryzen 3 Dual Core - (8 GB/1 TB HDD/128 GB SSD/Windows 10 Home) S340-14API Laptop,29.39
,,laptops,2000.0,5.0,34990.0,32990.0,3.6,Asus 15.6 Ryzen 3 Dual Core - (4 GB/1 TB HDD/Windows 10 Home) X505ZA-EJ492TX505Z Laptop,5.72
,,laptops,21500.0,28.0,74490.0,52990.0,4.1,Dell Inspiron 15 5000 Core i5 8th Gen - (8 GB/2 TB HDD/Windows 10 Home/2 GB Graphics) 5570 Laptop,28.86
,,laptops,10090.0,25.0,39990.0,29900.0,4.0,Dell Vostro Core i3 6th Gen - (4 GB/1 TB HDD/Windows 10) 3568 Laptop,25.23
,,laptops,7100.0,22.0,32090.0,24990.0,3.6,Lenovo Ideapad S145 Pentium Gold - (4 GB/1 TB HDD/DOS) 81mvlenovo ideapad s145-15iwl u Laptop,22.13
,,laptops,13500.0,28.0,47990.0,34490.0,3.5,Acer Spin 3 Core i3 6th Gen - (4 GB/1 TB HDD/Windows 10 Home) SP315-51-3723 2 in 1 Laptop,28.13
,,laptops,8440.0,20.0,40990.0,32550.0,,Asus X505ZA Ryzen 5 Quad Core 7th Gen - (4 GB/1 TB HDD/Windows 10 Home) X505ZA-EJ563T Laptop,20.59
,,laptops,10000.0,11.0,89990.0,79990.0,4.3,MSI P Core i5 10th Gen - (8 GB/512 GB SSD/Windows 10 Home/2 GB Graphics) Prestige 14 A10RB-032IN Thin ...,11.11
,,laptops,15697.0,20.0,75687.0,59990.0,4.3,HP Pavilion 15 Core i5 8th Gen - (8 GB/1 TB HDD/Windows 10 Home/4 GB Graphics/NVIDIA Geforce GTX 1050)...,20.74
,,laptops,400.0,0.0,52390.0,51990.0,,Lenovo Ideapad S145 Core i3 8th Gen - (8 GB/1 TB HDD/Windows 10 Home/2 GB Graphics/NVIDIA Geforce NVID...,0.76
,,laptops,11900.0,15.0,78490.0,66590.0,4.4,Dell G3 15 3000 Series Core i5 8th Gen - (8 GB + 16 GB Optane/1 TB HDD/Windows 10 Home/4 GB Graphics/N...,15.16
,,laptops,2800.0,5.0,47790.0,44990.0,,Dell Vostro 3000 Core i5 8th Gen - (4 GB/1 TB HDD/Linux) 3580 Laptop,5.86
,,laptops,10890.0,26.0,41390.0,30500.0,3.8,Lenovo Ideapad S145 Core i3 7th Gen - (4 GB/1 TB HDD/Windows 10 Home) S145-15IKB Thin and Light Laptop,26.31
,,laptops,7910.0,6.0,114900.0,106990.0,4.7,Apple MacBook Air Core i5 8th Gen - (8 GB/128 GB SSD/Mac OS Mojave) MREE2HN/A,6.88
,,laptops,6180.0,7.0,82170.0,75990.0,4.6,Apple MacBook Air Core i5 5th Gen - (8 GB/128 GB SSD/Mac OS Sierra) A1466,7.52
,,laptops,8000.0,6.0,114990.0,106990.0,4.7,Apple MacBook Air Core i5 8th Gen - (8 GB/128 GB SSD/Mac OS Mojave) MREA2HN/A,6.96
,,laptops,31499.0,22.0,141999.0,110500.0,,Microsoft Surface Pro 6 Core i7 8th Gen - (8 GB/256 GB SSD/Windows 10 Home) 1796 2 in 1 Laptop,22.18
,,laptops,0.0,0.0,61844.0,61844.0,5.0,Dell Inspiron 3000 Core i5 10th Gen - (4 GB/1 TB HDD/256 GB SSD/Windows 10 Home) 3593 Laptop,0.0
,,laptops,3273.0,6.0,53763.0,50490.0,4.4,HP Pavilion x360 Core i3 8th Gen - (4 GB/256 GB SSD/Windows 10 Home) 14-dh0101TU 2 in 1 Laptop,6.09
,,laptops,8958.0,7.0,118948.0,109990.0,4.7,HP Pavilion x360 Core i7 8th Gen - (12 GB/512 GB SSD/Windows 10 Home/4 GB Graphics) 14-cd0056TX 2 in 1...,7.53
,,laptops,0.0,0.0,37972.0,37972.0,4.0,Dell Inspiron 3000 Ryzen 5 Quad Core - (4 GB/1 TB HDD/Windows 10 Home) 3585 Laptop,0.0
,,laptops,14005.0,20.0,69995.0,55990.0,4.7,HP Pavilion x360 Core i3 8th Gen - (4 GB/1 TB HDD/256 GB SSD/Windows 10 Home/2 GB Graphics) 14-dh0044T...,20.01
,,laptops,15000.0,15.0,94990.0,79990.0,3.5,MSI GL Core i7 7th Gen - (8 GB/1 TB HDD/Windows 10 Home/4 GB Graphics/NVIDIA Geforce GTX 1050) GL62 7R...,15.79
,,laptops,922.0,1.0,67922.0,67000.0,,HP DI Core i5 10th Gen - (8 GB/1 TB HDD/64 GB EMMC Storage/Windows 10 Home/2 GB Graphics) DI2001TX Lap...,1.36
,,laptops,21991.0,27.0,79990.0,57999.0,4.4,Acer Swift 3 Core i5 8th Gen - (8 GB + 16 GB Optane/1 TB HDD/Windows 10 Home/2 GB Graphics) SF315-52G-...,27.49
,,laptops,1806.0,3.0,57805.0,55999.0,,Lenovo Thinpad E480 Core i3 7th Gen - (4 GB/500 GB HDD/Windows 10 Pro/512 MB Graphics) ThinkPad E480 L...,3.12
,,laptops,4000.0,5.0,79000.0,75000.0,4.3,Lenovo Ideapad 520 Core i5 8th Gen - (8 GB/2 TB HDD/Windows 10 Home/2 GB Graphics) 520-15IKB Laptop,5.06
,,laptops,5001.0,16.0,30000.0,24999.0,4.0,Acer Aspire 3 APU Dual Core A4 - (4 GB/1 TB HDD/Windows 10 Home) A315-21 Laptop,16.67
,,laptops,2010.0,2.0,79000.0,76990.0,4.2,Dell Inspiron 5000 Core i5 7th Gen - (8 GB/1 TB HDD/Windows 10 Home) 5578 2 in 1 Laptop,2.54
,,laptops,9000.0,22.0,39990.0,30990.0,4.0,Dell Vostro 15 3000 Core i3 6th Gen - (4 GB/1 TB HDD/Windows 10 Home) 3568 Laptop,22.51
,,laptops,1.0,0.0,41210.0,41209.0,3.8,Dell Inspiron 15 3000 Core i3 7th Gen - (4 GB/1 TB HDD/Windows 10 Home) 3567 Laptop,0.0
,,laptops,11000.0,35.0,30990.0,19990.0,3.9,Asus VIVOBOOK APU Dual Core E2 - (4 GB/256 GB SSD/Windows 10 Home) E402YA-GA256T Thin and Light Laptop,35.5
,,laptops,6334.0,12.0,51324.0,44990.0,4.3,HP Pavilion Core i3 7th Gen - (8 GB/1 TB HDD/Windows 10 Home/2 GB Graphics) da0435tx Laptop,12.34
,,laptops,6495.0,7.0,85485.0,78990.0,4.3,HP Pavilion x360 Core i5 8th Gen - (8 GB + 16 GB Optane/1 TB HDD/Windows 10 Home/2 GB Graphics) 14-cd0...,7.6
,,laptops,6568.0,6.0,103558.0,96990.0,4.9,HP Pavilion Core i7 9th Gen - (8 GB/1 TB HDD/256 GB SSD/Windows 10 Home/4 GB Graphics/NVIDIA Geforce G...,6.34
,,laptops,10.0,0.0,37000.0,36990.0,3.9,Dell Inspiron 15 5000 Core i3 6th Gen - (4 GB/1 TB HDD/Windows 10 Home) 5567 Laptop,0.03
,,laptops,4429.0,16.0,26919.0,22490.0,3.9,HP G7 Ryzen 3 Dual Core - (4 GB/1 TB HDD/DOS) 245 G7 Laptop,16.45
,,laptops,1010.0,1.0,78000.0,76990.0,4.4,Dell Inspiron 15 5000 Core i5 8th Gen - (8 GB/2 TB HDD/Windows 10 Home/4 GB Graphics) 5570 Laptop,1.29
,,laptops,6015.0,8.0,70000.0,63985.0,4.2,Dell Inspiron 15 5000 Core i5 8th Gen - (8 GB/2 TB HDD/Windows 10 Home/2 GB Graphics) 5570 Laptop,8.59
,,laptops,5194.0,4.0,115094.0,109900.0,,HP Pavilion x360 Core i7 10th Gen - (16 GB/512 GB SSD/Windows 10 Home/2 GB Graphics) 14-dh1026TX 2 in ...,4.51
,,laptops,0.0,0.0,36641.0,36641.0,3.9,HP 14q Core i3 7th Gen - (4 GB/1 TB HDD/Windows 10 Home) 14q-cs0014TU Laptop,0.0
,,laptops,17134.0,20.0,83124.0,65990.0,4.3,HP Pavilion 15 Core i5 8th Gen - (8 GB/1 TB HDD/128 GB SSD/Windows 10 Home/4 GB Graphics/NVIDIA Geforc...,20.61
,,laptops,4369.0,2.0,184359.0,179990.0,4.0,HP Omen Core i7 8th Gen - (16 GB/1 TB HDD/256 GB SSD/Windows 10 Home/8 GB Graphics/NVIDIA Geforce RTX ...,2.37
,,laptops,18252.0,21.0,83242.0,64990.0,,HP Pavilion Core i5 8th Gen - (8 GB/1 TB HDD/Windows 10 Home/4 GB Graphics/NVIDIA Geforce GTX 1050) 15...,21.93
,,laptops,14990.0,23.0,64990.0,50000.0,4.2,Asus Ryzen 5 Quad Core - (8 GB/1 TB HDD/Windows 10 Home/4 GB Graphics/NVIDIA Geforce GTX 1050) F570ZD-...,23.07
,,laptops,7010.0,8.0,87000.0,79990.0,,Dell Inspiron 13 7000 Core i5 8th Gen - (8 GB/256 GB SSD/Windows 10 Home) 7373 2 in 1 Laptop,8.06
,,laptops,12569.0,19.0,63559.0,50990.0,4.1,HP Pavilion Core i5 7th Gen - (4 GB/1 TB HDD/Windows 10 Home/4 GB Graphics) 15-AU624TX Laptop,19.78
,,laptops,9257.0,9.0,94056.0,84799.0,,HP Pavilion x360 Core i5 10th Gen - (8 GB/1 TB HDD/256 GB SSD/Windows 10 Home/2 GB Graphics) 14-dh1025...,9.84
,,laptops,7970.0,13.0,57899.0,49929.0,4.3,HP 15 Core i5 8th Gen - (8 GB/1 TB HDD/DOS/2 GB Graphics) 15-da0077tx Laptop,13.77
,,laptops,16082.0,27.0,58690.0,42608.0,,Lenovo Ideapad C340 Ryzen 3 Dual Core - (4 GB/256 GB SSD/Windows 10 Home) C340-14API 2 in 1 Laptop,27.4
,,laptops,510.0,1.0,46000.0,45490.0,4.0,Dell Core i3 6th Gen - (4 GB/1 TB HDD/Windows 10 Home) 5559 Laptop,1.11
,,laptops,53000.0,26.0,198990.0,145990.0,,HP Spectre X360 Core i7 8th Gen - (16 GB/512 GB SSD/Windows 10 Home) 13-AP0033DX 2 in 1 Laptop,26.63
,,laptops,4000.0,5.0,70000.0,66000.0,,Lenovo Ideapad C340 Ryzen 5 Quad Core - (8 GB/1 TB SSD/Windows 10 Home) C340-14API 2 in 1 Laptop,5.71
,,laptops,1990.0,8.0,22489.0,20499.0,3.7,HP 200 APU Dual Core A6 7th Gen - (4 GB/1 TB HDD/DOS) 245 G7 Notebook Laptop,8.85
,,laptops,7900.0,26.0,29890.0,21990.0,,Lenovo Ideapad S145 APU Dual Core A9 - (4 GB/1 TB HDD/Windows 10 Home) S145-15AST Laptop,26.43
,,laptops,8690.0,26.0,32990.0,24300.0,3.9,Asus VIVOBOOK Core i3 7th Gen - (4 GB/1 TB HDD/DOS) X441UA-GA508 Laptop,26.34
,,laptops,73.0,0.0,65463.0,65390.0,4.4,HP Pavilion 15 Core i5 8th Gen - (8 GB/1 TB HDD/8 GB SSD/Windows 10 Home/2 GB Graphics) 15-CC129TX Lap...,0.11
,,laptops,10.0,0.0,65000.0,64990.0,4.1,Dell Inspiron Core i5 7th Gen - (8 GB/1 TB HDD/Windows 10 Home/2 GB Graphics) 5567 Laptop,0.02
,,laptops,8795.0,10.0,83785.0,74990.0,4.5,HP Pavilion x360 Core i5 8th Gen - (8 GB/1 TB HDD/128 GB SSD/Windows 10 Home) 14-cd0087TU 2 in 1 Lapto...,10.5
,,laptops,1491.0,2.0,59990.0,58499.0,,Lenovo Ideapad 330 Core i5 8th Gen - (4 GB + 16 GB Optane/1 TB HDD/Windows 10 Home/4 GB Graphics) Idea...,2.49
,,laptops,22701.0,22.0,102000.0,79299.0,,AGB Orion Core i7 7th Gen - (16 GB/1 TB HDD/1 TB SSD/Windows 10/2 GB Graphics/Intel Integrated HD620) ...,22.26
,,laptops,30134.0,22.0,135124.0,104990.0,,HP Spectre x360 Core i5 8th Gen - (8 GB/256 GB SSD/Windows 10 Home) 13-ap0100TU 2 in 1 Laptop,22.3
,,laptops,7344.0,9.0,79334.0,71990.0,,Dell Inspiron 5000 Core i5 10th Gen - (8 GB/512 GB SSD/Windows 10 Home) 5491 Laptop,9.26
,,laptops,600.0,0.0,92000.0,91400.0,3.7,Dell Inspiron 5000 Core i7 6th Gen - (16 GB/2 TB HDD/Windows 10 Home/4 GB Graphics) 5559 Laptop,0.65
,,laptops,0.0,0.0,199999.0,199999.0,,Lenovo Yoga S940 Core i7 8th Gen - (16 GB/1 TB SSD/Windows 10 Home) S940-14IWL Thin and Light Laptop,0.0
,,laptops,1010.0,1.0,69000.0,67990.0,3.8,Dell Inspiron 5000 Core i5 6th Gen - (8 GB/1 TB HDD/Windows 10 Home/4 GB Graphics) 5559 Laptop,1.46
,,laptops,914.0,3.0,30363.0,29449.0,4.3,HP 240 G7 Core i3 7th Gen - (4 GB/256 GB SSD/DOS) 240 G7 Laptop,3.01
,,laptops,6201.0,22.0,27000.0,20799.0,3.8,Lenovo V145 APU Dual Core A6 7th Gen - (4 GB/1 TB HDD/DOS) V145-15AST U Thin and Light Laptop,22.97
,,laptops,5010.0,7.0,69000.0,63990.0,,Dell Core i5 6th Gen - (4 GB/1 TB HDD/Windows 10 Home/2 GB Graphics) 5559 Laptop,7.26
,,laptops,1000.0,1.0,85000.0,84000.0,4.0,Dell Inspiron 5000 Core i5 7th Gen - (8 GB/2 TB HDD/Windows 10 Home/4 GB Graphics) 5567 Laptop,1.18
,,laptops,1010.0,1.0,72000.0,70990.0,4.1,Dell Inspiron Core i5 7th Gen - (8 GB/1 TB HDD/Windows 10 Home/2 GB Graphics) 5567 Laptop,1.4
,,laptops,15090.0,21.0,70990.0,55900.0,3.0,HP 14 Core i5 8th Gen - (8 GB/256 GB SSD/Windows 10 Home) 14-ce1000TU Laptop,21.26
,,laptops,1000.0,0.0,110000.0,109000.0,4.6,Dell Inspiron 15 7000 Core i7 8th Gen - (8 GB/1 TB HDD/256 GB SSD/Windows 10 Home/4 GB Graphics) 7570 ...,0.91
,,laptops,2010.0,2.0,68000.0,65990.0,3.6,Dell 3000 Core i5 7th Gen - (8 GB/1 TB HDD/Windows 10/2 GB Graphics) 3567 Laptop,2.96
,,laptops,4050.0,5.0,76000.0,71950.0,,Dell 5000 Core i5 6th Gen - (8 GB/1 TB HDD/Windows 10 Home) 5568 2 in 1 Laptop,5.33
,,laptops,2010.0,3.0,63000.0,60990.0,3.9,Dell 5000 Core i3 6th Gen - (4 GB/1 TB HDD/Windows 10 Home) 5368 2 in 1 Laptop,3.19
,,laptops,0.0,0.0,71060.0,71060.0,,HP ProBook Core i5 7th Gen - (4 GB/1 TB HDD/Windows 10 Pro) 440 Business Laptop,0.0
,,laptops,5470.0,21.0,25069.0,19599.0,3.7,HP G6 APU Dual Core A9 - (4 GB/1 TB HDD/DOS) 245-G6 Laptop,21.82
,,laptops,0.0,0.0,58000.0,58000.0,,Lenovo Ideapad 330S Core i5 8th Gen - (4 GB + 16 GB Optane/1 TB HDD/Windows 10 Home/512 MB Graphics) 8...,0.0
,,laptops,6010.0,8.0,75000.0,68990.0,4.0,Dell Inspiron 5000 Core i5 7th Gen - (8 GB/1 TB HDD/Windows 10 Home/4 GB Graphics) 5567 Laptop,8.01
,,laptops,7537.0,8.0,89527.0,81990.0,,Dell Inspiron 5000 Core i5 10th Gen - (8 GB/512 GB SSD/Windows 10 Home/2 GB Graphics) 5491 Laptop,8.42
,,laptops,0.0,0.0,225000.0,225000.0,,Lenovo Core i7-8550U Core i7 7th Gen - (16 GB/500 GB HDD/500 GB SSD/Windows 10/16 GB Graphics) ThinkPa...,0.0
,,laptops,4000.0,8.0,47000.0,43000.0,3.5,HP Core i5 6th Gen - (4 GB/500 GB HDD/DOS) 240 G5 Laptop,8.51
,,laptops,101.0,0.0,44599.0,44498.0,4.2,HP Core i5 7th Gen - (4 GB/1 TB HDD/Windows 10 Home) 250 G6 Laptop,0.23
,,laptops,11000.0,26.0,41990.0,30990.0,4.1,Asus VivoBook 15 Core i3 8th Gen - (4 GB/1 TB HDD/Windows 10 Home) X540UA-GQ2113T Laptop,26.2
,,laptops,3000.0,6.0,45990.0,42990.0,3.9,Smartron t.book flex Core m3 7th Gen - (4 GB/128 GB SSD/Windows 10 Home) T1223 2 in 1 Laptop,6.52
,,laptops,1086.0,4.0,25076.0,23990.0,3.1,HP 15 Athlon Dual Core - (4 GB/1 TB HDD/Windows 10 Home) 15-db1066AU Laptop,4.33
,,laptops,0.0,0.0,37690.0,37690.0,3.8,Lenovo Ideapad 130 APU Dual Core A9 - (4 GB/1 TB HDD/Windows 10 Home/2 GB Graphics) 130-15AST Laptop,0.0
,,laptops,90009.0,47.0,189999.0,99990.0,3.0,Acer Predator Triton 700 Core i7 7th Gen - (16 GB/1 TB SSD/Windows 10 Home/6 GB Graphics/NVIDIA Geforc...,47.37
,,laptops,3450.0,6.0,53440.0,49990.0,3.9,Lenovo Ideapad 330 Core i5 8th Gen - (4 GB + 16 GB Optane/1 TB HDD/Windows 10 Home/4 GB Graphics) 330-...,6.46
,,laptops,1000.0,4.0,21490.0,20490.0,3.5,Avita Magus Celeron Dual Core - (4 GB/64 GB EMMC Storage/Windows 10 Home) NS12T5IN003P 2 in 1 Laptop,4.65
,,laptops,0.0,0.0,48571.0,48571.0,4.1,HP 15q Core i5 7th Gen - (4 GB/1 TB HDD/Windows 10 Home) 15q-ds0028TU Laptop,0.0
,,laptops,47000.0,34.0,137990.0,90990.0,4.5,Asus ROG Strix Edition Core i7 8th Gen - (16 GB/1 TB HDD/256 GB SSD/Windows 10 Home/4 GB Graphics/NVID...,34.06
,,laptops,1790.0,7.0,22790.0,21000.0,2.9,Lenovo ideapad APU Quad Core A4 - (4 GB/1 TB HDD/Windows 10 Home) 130 Laptop,7.85
,,laptops,900.0,2.0,32799.0,31899.0,,HP G6 Core i3 7th Gen - (4 GB/1 TB HDD/DOS) 250-G6 Laptop,2.74
,,laptops,7500.0,10.0,69500.0,62000.0,3.6,Asus Vivobook Core i7 8th Gen - (8 GB/1 TB HDD/Windows 10 Home/2 GB Graphics) X510UN-EJ329T Laptop,10.79
,,laptops,4178.0,10.0,39168.0,34990.0,4.3,HP 14q Core i3 7th Gen - (8 GB/256 GB SSD/Windows 10 Home) 14q-cs0023TU Thin and Light Laptop,10.67
,,laptops,12403.0,12.0,97393.0,84990.0,,HP Pavilion Ryzen 7 Quad Core - (8 GB/1 TB HDD/256 GB SSD/Windows 10 Home/6 GB Graphics/NVIDIA Geforce...,12.74
,,laptops,0.0,0.0,79090.0,79090.0,,Lenovo Ideapad 520 Core i5 8th Gen - (8 GB/2 TB HDD/Windows 10 Home/4 GB Graphics) 520-15IKB Laptop,0.0
,,laptops,22009.0,31.0,69999.0,47990.0,3.4,Acer Swift 3 Core i5 8th Gen - (8 GB/1 TB HDD/Windows 10 Home) SF315-51 Laptop,31.44
,,laptops,5500.0,15.0,34490.0,28990.0,,Lenovo Ideapad 120s Pentium Quad Core - (4 GB/128 GB SSD/Windows 10 Home) 120S-14IAP Thin and Light La...,15.95
,,laptops,36000.0,47.0,75990.0,39990.0,4.3,Avita Liber Core i5 7th Gen - (8 GB/256 GB SSD/Windows 10 Home) NS14A1IN007P Thin and Light Laptop,47.37
,,laptops,0.0,0.0,50999.0,50999.0,,Acer Swift 3 Core i5 8th Gen - (8 GB/1 TB HDD/Windows 10 Home) SF315-51-50b5 Laptop,0.0
,,laptops,8000.0,17.0,44990.0,36990.0,3.9,Dell Inspiron 15 3000 Core i3 7th Gen - (4 GB/1 TB HDD/Windows 10/2 GB Graphics) 15 3576 Laptop,17.78
Wildcraft,wildcraft,mens_westernwear,610.0,38.0,1599.0,989.0,,Solid Men Black Track Pants,38.15
Louis Philippe Jeans,louis philippe jeans,mens_westernwear,285.0,15.0,1899.0,1614.0,,Men Printed Casual Shirt,15.01
ADIDAS,adidas,mens_westernwear,262.0,59.0,439.0,177.0,,Men & Women Solid Ankle Length,59.68
Jockey,jockey,mens_westernwear,250.0,55.0,449.0,199.0,,Men & Women Solid Ankle Length,55.68
APPALON,appalon,mens_westernwear,376.0,62.0,599.0,223.0,,Men & Women Color Block Ankle Length,62.77
PRAHARD,prahard,mens_westernwear,451.0,64.0,699.0,248.0,,Men & Women Solid Ankle Length,64.52
ADIDAS,adidas,mens_westernwear,294.0,60.0,490.0,196.0,,Men & Women Ankle Length,60.0
Puma,puma,mens_westernwear,687.0,68.0,999.0,312.0,,Men Solid Ankle Length,68.77
FastColors,fastcolors,mens_westernwear,1600.0,80.0,1999.0,399.0,,"Color Block Men Round Neck White, Black T-Shirt",80.04
FastColors,fastcolors,mens_westernwear,1600.0,80.0,1999.0,399.0,,"Color Block Men Round Neck White, Maroon T-Shirt",80.04
FastColors,fastcolors,mens_westernwear,2310.0,77.0,2999.0,689.0,,"Solid Men Round Neck White, Blue, Yellow T-Shirt",77.03
Navy Sport,navy sport,mens_westernwear,220.0,44.0,499.0,279.0,,Men Solid Ankle Length,44.09
FastColors,fastcolors,mens_westernwear,1600.0,80.0,1999.0,399.0,,"Color Block Men Round Neck Dark Blue, White, Yellow T-S...",80.04
HICODE,hicode,mens_westernwear,280.0,56.0,499.0,219.0,,Men & Women Geometric Print Mid-Calf/Crew,56.11
Sky World,sky world,mens_westernwear,230.0,57.0,399.0,169.0,,"Men & Women Solid Low Cut, Peds/Footie/No-Show, Ankle L...",57.64
Tripr,tripr,mens_westernwear,520.0,57.0,899.0,379.0,,Abstract Men Hooded Neck Dark Blue T-Shirt,57.84
ME Stores,me stores,mens_westernwear,360.0,60.0,599.0,239.0,,"Men Solid Peds/Footie/No-Show, Low Cut, Ankle Length",60.1
Shivaay Trading Co.,shivaay trading co.,mens_westernwear,359.0,71.0,499.0,140.0,,"Men, Women Shapewear",71.94
Van Heusen,van heusen,mens_westernwear,1.0,0.0,479.0,478.0,,Printed Men Boxer,0.21
Smartees,smartees,mens_westernwear,715.0,71.0,999.0,284.0,,Printed Men Round Neck Black T-Shirt,71.57
Try This,try this,mens_westernwear,903.0,69.0,1299.0,396.0,,"Solid Men Polo Neck White, Black T-Shirt",69.52
Maniac,maniac,mens_westernwear,570.0,59.0,959.0,389.0,,"Solid Men s White, Black, Yellow T-Shirt",59.44
Slim Shine,slim shine,mens_westernwear,374.0,62.0,599.0,225.0,,Men Color Block Mid-Calf/Crew,62.44
hicode,hicode,mens_westernwear,260.0,52.0,499.0,239.0,,Men & Women Self Design Ankle Length,52.1
Aelomart,aelomart,mens_westernwear,1100.0,73.0,1499.0,399.0,,"Color Block Men Round Neck White, Black T-Shirt",73.38
,,mens_westernwear,670.0,74.0,899.0,229.0,,Tripr Men Vest,74.53
FastColors,fastcolors,mens_westernwear,1600.0,80.0,1999.0,399.0,,"Solid Men Mandarin Collar White, Black T-Shirt",80.04
London Hills,london hills,mens_westernwear,1899.0,73.0,2598.0,699.0,,"Solid Men Round Neck Green, Black T-Shirt",73.09
hicode,hicode,mens_westernwear,300.0,60.0,499.0,199.0,,"Men & Women Solid, Self Design Mid-Calf/Crew",60.12
Jockey,jockey,mens_westernwear,1.0,0.0,189.0,188.0,,Men Brief,0.53
FastColors,fastcolors,mens_westernwear,1601.0,80.0,1999.0,398.0,,"Striped Men Round Neck White, Blue T-Shirt",80.09
,,mens_westernwear,668.0,75.0,888.0,220.0,,JUGULAR Men Vest,75.23
hicode,hicode,mens_westernwear,749.0,75.0,998.0,249.0,,"Men & Women Self Design, Solid Ankle Length",75.05
BKS,bks,mens_westernwear,174.0,29.0,599.0,425.0,,Solid Men Multicolor Regular Shorts,29.05
LealDealz,lealdealz,mens_westernwear,346.0,63.0,545.0,199.0,,"Men & Women Solid, Self Design Low Cut",63.49
YJ FASHION,yj fashion,mens_westernwear,169.0,33.0,499.0,330.0,,Men & Women Printed Ankle Length,33.87
Try This,try this,mens_westernwear,654.0,65.0,999.0,345.0,,Color Block Men Round Neck Black T-Shirt,65.47
COBIO MAN,cobio man,mens_westernwear,705.0,70.0,999.0,294.0,,Graphic Print Men Round Neck Yellow T-Shirt,70.57
Wildcraft,wildcraft,mens_westernwear,420.0,35.0,1199.0,779.0,,"Solid Men Blue, Black Sports Shorts",35.03
Puma,puma,mens_westernwear,275.0,58.0,474.0,199.0,,Men Mid-Calf/Crew,58.02
ADIDAS,adidas,mens_westernwear,300.0,60.0,499.0,199.0,,Men & Women Printed Mid-Calf/Crew,60.12
Jockey,jockey,mens_westernwear,147.0,40.0,367.0,220.0,,Men Ankle Length,40.05
ADIDAS,adidas,mens_westernwear,233.0,55.0,423.0,190.0,,Men & Women Self Design Ankle Length,55.08
Seven Rocks,seven rocks,mens_westernwear,960.0,73.0,1299.0,339.0,,Color Block Men Round Neck Black T-Shirt,73.9
Dillinger,dillinger,mens_westernwear,550.0,61.0,899.0,349.0,,Striped Men Round Neck Dark Blue T-Shirt,61.18
Navy Sport,navy sport,mens_westernwear,300.0,50.0,599.0,299.0,,Men Solid Mid-Calf/Crew,50.08
Highlander,highlander,mens_westernwear,625.0,50.0,1249.0,624.0,,"Printed Men Green, Beige Regular Shorts",50.04
Metronaut,metronaut,mens_westernwear,850.0,56.0,1499.0,649.0,,Slim Men Blue Jeans,56.7
LEWEL,lewel,mens_westernwear,1540.0,77.0,1999.0,459.0,,"Color Block Men Hooded Neck White, Blue, Yellow T-Shirt",77.04
JORKK,jorkk,mens_westernwear,198.0,39.0,497.0,299.0,,Solid Men Collared Neck Blue T-Shirt,39.84
SCATCHITE,scatchite,mens_westernwear,2238.0,74.0,2997.0,759.0,,"Color Block Men Round Neck White, Black, Grey T-Shirt",74.67
FastColors,fastcolors,mens_westernwear,1650.0,82.0,1999.0,349.0,,Solid Men Light Blue Sports Shorts,82.54
ADIDAS,adidas,mens_westernwear,242.0,55.0,439.0,197.0,,Men Low Cut,55.13
Young Trendz,young trendz,mens_westernwear,615.0,68.0,899.0,284.0,,"Typography Men Round or Crew Black, Orange T-Shirt",68.41
Diwazzo,diwazzo,mens_westernwear,715.0,71.0,999.0,284.0,,Color Block Men Round Neck Blue T-Shirt,71.57
WEFT,weft,mens_westernwear,1300.0,72.0,1799.0,499.0,,Solid Men V Neck Multicolor T-Shirt,72.26
Metronaut,metronaut,mens_westernwear,300.0,50.0,599.0,299.0,,Solid Men Round Neck Dark Blue T-Shirt,50.08
Tripr,tripr,mens_westernwear,500.0,55.0,899.0,399.0,,Printed Men Black Regular Shorts,55.62
Tripr,tripr,mens_westernwear,1000.0,71.0,1399.0,399.0,,Typography Men Hooded Neck Multicolor T-Shirt,71.48
ashirwad,ashirwad,mens_westernwear,340.0,56.0,599.0,259.0,,Men & Women Printed Bandana,56.76
Vectora,vectora,mens_westernwear,341.0,66.0,511.0,170.0,,Men's & Women's Solid Peds/Footie/No-Show,66.73
Tripr,tripr,mens_westernwear,500.0,55.0,899.0,399.0,,"Printed Men Dark Blue, White Regular Shorts",55.62
,,mens_westernwear,600.0,60.0,999.0,399.0,,Wearza Men Vest,60.06
Aelomart,aelomart,mens_westernwear,1073.0,71.0,1499.0,426.0,,"Striped Men Round Neck Black, Light Green T-Shirt",71.58
Urbano Fashion,urbano fashion,mens_westernwear,630.0,52.0,1199.0,569.0,,Slim Men Black Jeans,52.54
Try This,try this,mens_westernwear,640.0,64.0,999.0,359.0,,"Color Block Men Round or Crew White, Blue T-Shirt",64.06
FastColors,fastcolors,mens_westernwear,1600.0,80.0,1999.0,399.0,,"Solid Men Round Neck Blue, Grey T-Shirt",80.04
Tripr,tripr,mens_westernwear,1040.0,74.0,1399.0,359.0,,"Checkered Men Black, Grey Regular Shorts",74.34
hicode,hicode,mens_westernwear,320.0,64.0,499.0,179.0,,Men & Women Printed Ankle Length,64.13
NB NICKY BOY,nb nicky boy,mens_westernwear,801.0,72.0,1100.0,299.0,,Printed Men Round Neck Reversible White T-Shirt,72.82
Wrangler 20X,wrangler 20x,mens_westernwear,1078.0,45.0,2395.0,1317.0,,Skinny Men Blue Jeans,45.01
Vimal Jonney,vimal jonney,mens_westernwear,763.0,76.0,999.0,236.0,,Printed Men Hooded Neck Black T-Shirt,76.38
The EG Store,the eg store,mens_westernwear,501.0,62.0,799.0,298.0,,Color Block Men Round Neck Red T-Shirt,62.7
Metronaut,metronaut,mens_westernwear,454.0,41.0,1099.0,645.0,,Applique Men Dark Blue Track Pants,41.31
Smartees,smartees,mens_westernwear,726.0,72.0,999.0,273.0,,Printed Men Round Neck Yellow T-Shirt,72.67
Try This,try this,mens_westernwear,650.0,65.0,999.0,349.0,,Color Block Men Round Neck Red T-Shirt,65.07
HighLands,highlands,mens_westernwear,105.0,21.0,499.0,394.0,,ST-100 Solid Men Raincoat,21.04
LEWEL,lewel,mens_westernwear,1540.0,77.0,1999.0,459.0,,"Color Block Men Hooded Neck White, Blue, Orange T-Shirt",77.04
YJ FASHION,yj fashion,mens_westernwear,624.0,69.0,899.0,275.0,,Men Printed Ankle Length,69.41
Try This,try this,mens_westernwear,670.0,67.0,999.0,329.0,,Color Block Men Asymmetric Neck Maroon T-Shirt,67.07
ADIDAS,adidas,mens_westernwear,120.0,40.0,299.0,179.0,,Men & Women Solid Ankle Length,40.13
FastColors,fastcolors,mens_westernwear,1600.0,80.0,1999.0,399.0,,"Solid Men Round Neck Dark Blue, Black, Yellow T-Shirt",80.04
IndoPrimo,indoprimo,mens_westernwear,1350.0,67.0,1999.0,649.0,,Men Self Design Casual Button Down Shirt,67.53
Joven,joven,mens_westernwear,669.0,55.0,1199.0,530.0,,Checkered Men Boxer,55.8
Tripr,tripr,mens_westernwear,540.0,60.0,899.0,359.0,,"Solid Men Black, Grey Regular Shorts",60.07
Try This,try this,mens_westernwear,550.0,55.0,999.0,449.0,,Checkered Men Polo Neck Blue T-Shirt,55.06
Young Trendz,young trendz,mens_westernwear,1101.0,61.0,1799.0,698.0,,"Solid Men Round Neck White, Black, Grey T-Shirt",61.2
Mountain colours,mountain colours,mens_westernwear,975.0,54.0,1800.0,825.0,,Solid Men Grey Track Pants,54.17
HICODE,hicode,mens_westernwear,699.0,70.0,998.0,299.0,,Men & Women Striped Ankle Length,70.04
kit king,kit king,mens_westernwear,376.0,62.0,599.0,223.0,,Men's Ankle Length,62.77
Metronaut,metronaut,mens_westernwear,300.0,50.0,599.0,299.0,,Solid Men Round Neck Black T-Shirt,50.08
,,mens_westernwear,1.0,0.0,537.0,536.0,,Jockey Men Vest,0.19
Try This,try this,mens_westernwear,750.0,75.0,999.0,249.0,,Solid Men Round Neck Multicolor T-Shirt,75.08
FastColors,fastcolors,mens_westernwear,1600.0,80.0,1999.0,399.0,,"Solid Men Round Neck White, Blue T-Shirt",80.04
Wrath,wrath,mens_westernwear,1110.0,74.0,1499.0,389.0,,"Color Block Men Round Neck Green, Black T-Shirt",74.05
,,mens_westernwear,998.0,66.0,1499.0,501.0,,Tripr Men Vest,66.58
Joven,joven,mens_westernwear,340.0,48.0,699.0,359.0,,Checkered Men Boxer,48.64
Seven Rocks,seven rocks,mens_westernwear,930.0,71.0,1299.0,369.0,,"Solid Men Polo Neck White, Black T-Shirt",71.59
Beardland,beardland,mens_westernwear,384.0,76.0,499.0,115.0,,Men & Women Self Design Ankle Length,76.95
ADIDAS,adidas,mens_westernwear,169.0,48.0,352.0,183.0,,Men & Women Ankle Length,48.01
FastColors,fastcolors,mens_westernwear,1600.0,80.0,1999.0,399.0,,"Solid Men Round Neck Dark Blue, Red, Black T-Shirt",80.04
Huntsman Era,huntsman era,mens_westernwear,300.0,50.0,599.0,299.0,,Black Polo Baseball Cap,50.08
Checkersbay,checkersbay,mens_westernwear,1772.0,65.0,2700.0,928.0,,"Solid Men Black, Grey Sports Shorts",65.63
Try This,try this,mens_westernwear,670.0,67.0,999.0,329.0,,Solid Men Mandarin Collar Dark Blue T-Shirt,67.07
AUSK,ausk,mens_westernwear,705.0,70.0,999.0,294.0,,"Color Block Men Round Neck White, Blue, Grey T-Shirt",70.57
UZEE,uzee,mens_westernwear,700.0,70.0,999.0,299.0,,Solid Men Round or Crew Black T-Shirt,70.07
Dennis Lingo,dennis lingo,mens_westernwear,1800.0,72.0,2499.0,699.0,,Men Striped Casual Slim Shirt,72.03
FastColors,fastcolors,mens_westernwear,1754.0,73.0,2399.0,645.0,,"Solid Men Round Neck Blue, Grey T-Shirt",73.11
Try This,try this,mens_westernwear,670.0,67.0,999.0,329.0,,Self Design Men Henley Black T-Shirt,67.07
SCATCHITE,scatchite,mens_westernwear,715.0,71.0,999.0,284.0,,Solid Men Round Neck Grey T-Shirt,71.57
FastColors,fastcolors,mens_westernwear,1500.0,75.0,1999.0,499.0,,Solid Men Black Track Pants,75.04
Aantic,aantic,mens_westernwear,230.0,57.0,399.0,169.0,,Men & Women Printed Bandana,57.64
Roden,roden,mens_westernwear,1094.0,72.0,1499.0,405.0,,Striped Men Round Neck Yellow T-Shirt,72.98
Young Trendz,young trendz,mens_westernwear,565.0,66.0,849.0,284.0,,Printed Men Round or Crew Orange T-Shirt,66.55
Young Trendz,young trendz,mens_westernwear,415.0,59.0,699.0,284.0,,"Printed Men Round or Crew Maroon, Black T-Shirt",59.37
Aelomart,aelomart,mens_westernwear,1073.0,71.0,1499.0,426.0,,"Striped Men Round Neck White, Maroon T-Shirt",71.58
Black Collection,black collection,mens_westernwear,549.0,49.0,1099.0,550.0,,Solid Men Turtle Neck Black T-Shirt,49.95
Svello,svello,mens_westernwear,730.0,73.0,999.0,269.0,,"Men, Women Shapewear",73.07
BIS Creations,bis creations,mens_westernwear,410.0,51.0,799.0,389.0,,"Self Design Men Red, Blue, Yellow Regular Shorts",51.31
Jockey,jockey,mens_westernwear,0.0,0.0,259.0,259.0,,Men Brief,0.0
NB NICKY BOY,nb nicky boy,mens_westernwear,751.0,68.0,1100.0,349.0,,Printed Men Round Neck Reversible White T-Shirt,68.27
Louis Philippe Jeans,louis philippe jeans,mens_westernwear,600.0,40.0,1499.0,899.0,,Printed Men Polo Neck Yellow T-Shirt,40.03
RaaX,raax,mens_westernwear,200.0,50.0,399.0,199.0,,Men & Women Printed Ankle Length,50.13
Rc. Royal Class,rc. royal class,mens_westernwear,351.0,54.0,650.0,299.0,,Men & Women Printed Mid-Calf/Crew,54.0
Try This,try this,mens_westernwear,560.0,56.0,999.0,439.0,,Checkered Men Polo Neck Black T-Shirt,56.06
ADIDAS,adidas,mens_westernwear,252.0,57.0,439.0,187.0,,Men & Women Printed Ankle Length,57.4
Tripr,tripr,mens_westernwear,550.0,61.0,899.0,349.0,,"Color Block Men V Neck Dark Blue, Grey T-Shirt",61.18
Shopeleven,shopeleven,mens_westernwear,454.0,75.0,599.0,145.0,,"Women, Men Shapewear",75.79
Tripr,tripr,mens_westernwear,898.0,64.0,1399.0,501.0,,"Checkered Men Blue, Black Track Pants",64.19
FastColors,fastcolors,mens_westernwear,1500.0,75.0,1999.0,499.0,,"Color Block Men Red, Black Track Pants",75.04
Try This,try this,mens_westernwear,654.0,65.0,999.0,345.0,,Geometric Print Men Round Neck Blue T-Shirt,65.47
Tripr,tripr,mens_westernwear,898.0,64.0,1399.0,501.0,,Printed Men Dark Blue Track Pants,64.19
Jockey,jockey,mens_westernwear,1.0,0.0,279.0,278.0,,Zone Stretch Men Trunk,0.36
Maniac,maniac,mens_westernwear,500.0,57.0,869.0,369.0,,Printed Men Round Neck White T-Shirt,57.54
FastColors,fastcolors,mens_westernwear,1600.0,80.0,1999.0,399.0,,"Striped Men Round Neck White, Maroon T-Shirt",80.04
Duke,duke,mens_westernwear,135.0,15.0,895.0,760.0,,"Striped Men Polo Neck Dark Blue, Red, Grey T-Shirt",15.08
Maniac,maniac,mens_westernwear,535.0,63.0,849.0,314.0,,"Solid Men Round Neck Dark Blue, Grey T-Shirt",63.02
Hotfits,hotfits,mens_westernwear,200.0,40.0,499.0,299.0,,Graphic Print Men Black Basic Shorts,40.08
Wrath,wrath,mens_westernwear,1100.0,73.0,1499.0,399.0,,"Color Block Men Round Neck Green, Black T-Shirt",73.38
CHROME & CORAL,chrome & coral,mens_westernwear,855.0,60.0,1425.0,570.0,,Tapered Men Dark Green Lycra Blend Trousers,60.0
Metronaut,metronaut,mens_westernwear,300.0,50.0,599.0,299.0,,Solid Men V-neck Grey T-Shirt,50.08
UZEE,uzee,mens_westernwear,1730.0,86.0,1999.0,269.0,,Striped Men Round Neck Maroon T-Shirt,86.54
Metronaut,metronaut,mens_westernwear,300.0,50.0,599.0,299.0,,Solid Men Round Neck Dark Green T-Shirt,50.08
Navy Sport,navy sport,mens_westernwear,200.0,40.0,499.0,299.0,,Men Solid Ankle Length,40.08
Black Collection,black collection,mens_westernwear,549.0,49.0,1099.0,550.0,,Solid Men High Neck Black T-Shirt,49.95
AMEXTRIAN,amextrian,mens_westernwear,1604.0,80.0,1999.0,395.0,,Solid Men & Women Raincoat,80.24
Highlander,highlander,mens_westernwear,950.0,50.0,1899.0,949.0,,Slim Men Blue Jeans,50.03
Aelomart,aelomart,mens_westernwear,1073.0,71.0,1499.0,426.0,,"Color Block Men Round Neck White, Maroon T-Shirt",71.58
ADIDAS,adidas,mens_westernwear,300.0,60.0,499.0,199.0,,Men & Women Self Design Ankle Length,60.12
Alexa India,alexa india,mens_westernwear,229.0,65.0,349.0,120.0,,Solid Protective Men Gloves,65.62
FastColors,fastcolors,mens_westernwear,1500.0,75.0,1999.0,499.0,,"Color Block Men Red, Blue Track Pants",75.04
Gritstones,gritstones,mens_westernwear,550.0,61.0,899.0,349.0,,Solid Men Hooded Black T-Shirt,61.18
FastColors,fastcolors,mens_westernwear,1600.0,80.0,1999.0,399.0,,Solid Men Round Neck Multicolor T-Shirt,80.04
Tripr,tripr,mens_westernwear,810.0,57.0,1399.0,589.0,,Men Color Block Casual Shirt,57.9
FastColors,fastcolors,mens_westernwear,1650.0,82.0,1999.0,349.0,,"Solid Men Red, Blue Regular Shorts",82.54
Wrath,wrath,mens_westernwear,1200.0,80.0,1499.0,299.0,,Solid Men Round Neck Grey T-Shirt,80.05
Jockey,jockey,mens_westernwear,440.0,63.0,689.0,249.0,,Men Solid Ankle Length,63.86
Highlander,highlander,mens_westernwear,450.0,50.0,899.0,449.0,,Solid Men Black Sports Shorts,50.06
Highlander,highlander,mens_westernwear,1017.0,55.0,1849.0,832.0,,Slim Men Black Jeans,55.0
Smartees,smartees,mens_westernwear,725.0,72.0,999.0,274.0,,Printed Men Round Neck Dark Blue T-Shirt,72.57
Black Collection,black collection,mens_westernwear,830.0,59.0,1399.0,569.0,,Solid Men Collared Neck Red T-Shirt,59.33
Checkersbay,checkersbay,mens_westernwear,1713.0,63.0,2700.0,987.0,,"Solid Men Dark Blue, Grey Sports Shorts",63.44
CALVADOR,calvador,mens_westernwear,224.0,44.0,499.0,275.0,,Men & Women Ankle Length,44.89
Try This,try this,mens_westernwear,640.0,64.0,999.0,359.0,,Solid Men Turtle Neck Black T-Shirt,64.06
SCATCHITE,scatchite,mens_westernwear,1334.0,66.0,1998.0,664.0,,Striped Men Polo Neck Multicolor T-Shirt,66.77
Highlander,highlander,mens_westernwear,806.0,52.0,1549.0,743.0,,Slim Fit Men Blue Cotton Blend Trousers,52.03
Smartees,smartees,mens_westernwear,715.0,71.0,999.0,284.0,,Printed Men Round Neck White T-Shirt,71.57
Tripr,tripr,mens_westernwear,1020.0,72.0,1399.0,379.0,,Printed Men Hooded Neck Black T-Shirt,72.91
Glinto,glinto,mens_westernwear,400.0,57.0,699.0,299.0,,Men's Solid Ankle Length,57.22
,,mens_westernwear,1760.0,88.0,1999.0,239.0,,FastColors Men Vest,88.04
hero & piyush,hero & piyush,mens_westernwear,251.0,54.0,459.0,208.0,,Solid Men Hooded Black T-Shirt,54.68
FastColors,fastcolors,mens_westernwear,2311.0,77.0,2999.0,688.0,,"Solid Men Round Neck Red, White, Blue T-Shirt",77.06
Arkyle,arkyle,mens_westernwear,300.0,50.0,599.0,299.0,,Men Argyle Mid-Calf/Crew,50.08
JORKK,jorkk,mens_westernwear,198.0,39.0,497.0,299.0,,Solid Men Collared Neck Black T-Shirt,39.84
Campus Sutra,campus sutra,mens_westernwear,323.0,43.0,749.0,426.0,,Solid Men Henley Neck Light Blue T-Shirt,43.12
Cotson,cotson,mens_westernwear,600.0,66.0,899.0,299.0,,Solid Protective Men Gloves,66.74
Metronaut,metronaut,mens_westernwear,550.0,50.0,1099.0,549.0,,Solid Men Mandarin Collar Dark Green T-Shirt,50.05
Try This,try this,mens_westernwear,660.0,66.0,999.0,339.0,,Self Design Men V-neck Blue T-Shirt,66.07
ME Stores,me stores,mens_westernwear,479.0,63.0,749.0,270.0,,Men & Women Striped Peds/Footie/No-Show,63.95
BASE 41,base 41,mens_westernwear,610.0,55.0,1099.0,489.0,,Men Military Camouflage Casual Spread Shirt,55.51
ADIDAS,adidas,mens_westernwear,310.0,62.0,499.0,189.0,,Men & Women Solid Mid-Calf/Crew,62.12
GHPC,ghpc,mens_westernwear,668.0,66.0,999.0,331.0,,Solid Men Round Neck Blue T-Shirt,66.87
Maniac,maniac,mens_westernwear,570.0,59.0,959.0,389.0,,"Solid Men s Red, White, Black T-Shirt",59.44
ADIDAS,adidas,mens_westernwear,249.0,56.0,439.0,190.0,,Men & Women Solid Mid-Calf/Crew,56.72
JUGULAR,jugular,mens_westernwear,800.0,57.0,1399.0,599.0,,Solid Men Black Track Pants,57.18
Aelomart,aelomart,mens_westernwear,1050.0,70.0,1499.0,449.0,,"Self Design Men Round Neck Maroon, Black T-Shirt",70.05
Seven Rocks,seven rocks,mens_westernwear,900.0,69.0,1299.0,399.0,,Striped Men s Yellow T-Shirt,69.28
ADIDAS,adidas,mens_westernwear,252.0,57.0,439.0,187.0,,Men & Women Solid Mid-Calf/Crew,57.4
AD & AV,ad & av,mens_westernwear,1445.0,72.0,1999.0,554.0,,Regular Fit Men Black Polyester Blend Trousers,72.29
Svello,svello,mens_westernwear,1030.0,79.0,1299.0,269.0,,"Men's, Women's Shapewear",79.29
Flying Machine,flying machine,mens_westernwear,1050.0,47.0,2199.0,1149.0,,Skinny Men Blue Jeans,47.75
Checkersbay,checkersbay,mens_westernwear,1713.0,63.0,2700.0,987.0,,"Solid Men Dark Blue, Black, Grey Sports Shorts",63.44
Jockey,jockey,mens_westernwear,0.0,0.0,289.0,289.0,,Men Brief,0.0
BFB,bfb,mens_westernwear,732.0,73.0,999.0,267.0,,Typography Men Round Neck White T-Shirt,73.27
Bsquare,bsquare,mens_westernwear,200.0,50.0,399.0,199.0,,Solid Protective Men & Women Gloves,50.13
Highlander,highlander,mens_westernwear,715.0,55.0,1299.0,584.0,,Regular Men Black Jeans,55.04
Navy Sport,navy sport,mens_westernwear,290.0,48.0,599.0,309.0,,Men Calf Length,48.41
Duke,duke,mens_westernwear,130.0,15.0,865.0,735.0,,Typography Men Round or Crew Multicolor T-Shirt,15.03
FastColors,fastcolors,mens_westernwear,1500.0,75.0,1999.0,499.0,,Solid Men Blue Track Pants,75.04
FabTag - Deeksha,fabtag - deeksha,mens_westernwear,600.0,60.0,999.0,399.0,,Men Solid Formal Slim Shirt,60.06
MoochSingh,moochsingh,mens_westernwear,700.0,70.0,999.0,299.0,,Printed Men Round Neck Yellow T-Shirt,70.07
CLASSIO FASHION,classio fashion,mens_westernwear,1265.0,57.0,2199.0,934.0,,Slim Fit Men Multicolor Polycotton Trousers,57.53
,,mens_westernwear,318.0,38.0,820.0,502.0,,HAP Men Vest,38.78
SLIMSHINE,slimshine,mens_westernwear,374.0,53.0,699.0,325.0,,"Men's Ankle Length, Low Cut",53.51
Smartees,smartees,mens_westernwear,430.0,43.0,999.0,569.0,,Printed Men Round Neck Multicolor T-Shirt,43.04
Tripr,tripr,mens_westernwear,530.0,58.0,899.0,369.0,,Abstract Men Hooded Neck Grey T-Shirt,58.95
Tripr,tripr,mens_westernwear,1024.0,73.0,1399.0,375.0,,"Striped Men Round Neck Black, Grey T-Shirt",73.2
Metronaut,metronaut,mens_westernwear,850.0,56.0,1499.0,649.0,,Slim Men Dark Blue Jeans,56.7
Highlander,highlander,mens_westernwear,750.0,50.0,1499.0,749.0,,Washed Men Blue Denim Shorts,50.03
Smartees,smartees,mens_westernwear,715.0,71.0,999.0,284.0,,Striped Men Round Neck White T-Shirt,71.57
FastColors,fastcolors,mens_westernwear,1600.0,80.0,1999.0,399.0,,Striped Men Round Neck Red T-Shirt,80.04
REEBOK,reebok,mens_westernwear,600.0,60.0,999.0,399.0,,Men & Women Solid Ankle Length,60.06
Joven,joven,mens_westernwear,1290.0,67.0,1899.0,609.0,,Printed Men Boxer,67.93
Metronaut,metronaut,mens_westernwear,1000.0,55.0,1799.0,799.0,,Slim Men Grey Jeans,55.59
Amul Macho,amul macho,mens_westernwear,0.0,0.0,508.0,508.0,,Men Brief,0.0
Fenoix,fenoix,mens_westernwear,753.0,75.0,999.0,246.0,,Color Block Men Henley Neck Dark Blue T-Shirt,75.38
ADIDAS,adidas,mens_westernwear,263.0,58.0,449.0,186.0,,Men & Women Printed Ankle Length,58.57
,,mens_westernwear,1.0,0.0,399.0,398.0,,Jockey Men Vest,0.25
Tap in,tap in,mens_westernwear,955.0,79.0,1195.0,240.0,,Solid Men Round Neck White T-Shirt,79.92
ADIDAS,adidas,mens_westernwear,294.0,60.0,490.0,196.0,,Men & Women Solid Ankle Length,60.0
Yashinika,yashinika,mens_westernwear,520.0,65.0,799.0,279.0,,Men & Women Printed Bandana,65.08
AUSK,ausk,mens_westernwear,605.0,60.0,999.0,394.0,,"Color Block Men Round Neck White, Blue, Grey T-Shirt",60.56
Tripr,tripr,mens_westernwear,600.0,66.0,899.0,299.0,,Color Block Men Multicolor Basic Shorts,66.74
Diwazzo,diwazzo,mens_westernwear,715.0,71.0,999.0,284.0,,Color Block Men Round Neck Yellow T-Shirt,71.57
Jockey,jockey,mens_westernwear,20.0,4.0,438.0,418.0,,Men Brief,4.57
Jockey,jockey,mens_westernwear,443.0,55.0,794.0,351.0,,Men & Women Ankle Length,55.79
Tripr,tripr,mens_westernwear,950.0,67.0,1399.0,449.0,,"Striped Men Round Neck Green, Black T-Shirt",67.91
Diwazzo,diwazzo,mens_westernwear,700.0,70.0,999.0,299.0,,Solid Men Round Neck Green T-Shirt,70.07
EPG,epg,mens_westernwear,800.0,61.0,1299.0,499.0,,Solid Men Polo Neck Light Blue T-Shirt,61.59
Highlander,highlander,mens_westernwear,650.0,50.0,1299.0,649.0,,Printed Men Green Chino Shorts,50.04
Wrath,wrath,mens_westernwear,1100.0,73.0,1499.0,399.0,,Solid Men Round Neck Grey T-Shirt,73.38
HAP,hap,mens_westernwear,536.0,63.0,849.0,313.0,,Solid Men Blue Basic Shorts,63.13
Urbano Fashion,urbano fashion,mens_westernwear,815.0,54.0,1499.0,684.0,,Slim Men Light Blue Jeans,54.37
JUGULAR,jugular,mens_westernwear,800.0,57.0,1399.0,599.0,,Solid Men Dark Green Track Pants,57.18
Tripr,tripr,mens_westernwear,898.0,64.0,1399.0,501.0,,Printed Men Black Track Pants,64.19
RG Designers,rg designers,mens_westernwear,770.0,43.0,1769.0,999.0,,Men Kurta and Pyjama Set Cotton Blend,43.53
Tripr,tripr,mens_westernwear,1060.0,75.0,1399.0,339.0,,"Checkered Men Hooded Neck Black, Grey T-Shirt",75.77
Classio,classio,mens_westernwear,711.0,54.0,1299.0,588.0,,Slim Fit Men Black Polyester Viscose Blend Trousers,54.73
Metronaut,metronaut,mens_westernwear,550.0,50.0,1099.0,549.0,,Solid Men Dark Blue Track Pants,50.05
Jockey,jockey,mens_westernwear,1.0,0.0,229.0,228.0,,Men Trunks,0.44
Highlander,highlander,mens_westernwear,500.0,50.0,999.0,499.0,,Men Checkered Casual Regular Shirt,50.05
ADIDAS,adidas,mens_westernwear,264.0,60.0,439.0,175.0,,Men & Women Ankle Length,60.14
Seven Rocks,seven rocks,mens_westernwear,900.0,69.0,1299.0,399.0,,Color Block Men Round Neck Blue T-Shirt,69.28
Van Heusen,van heusen,mens_westernwear,1.0,0.0,589.0,588.0,,Men Brief,0.17
Roden,roden,mens_westernwear,1050.0,70.0,1499.0,449.0,,Striped Men Round Neck Blue T-Shirt,70.05
DAGCROS,dagcros,mens_westernwear,1120.0,74.0,1499.0,379.0,,"Color Block Men Henley Neck Green, Black T-Shirt",74.72
BnB,bnb,mens_westernwear,283.0,58.0,482.0,199.0,,"Solid HipHop, Snapback Cap",58.71
,,mens_westernwear,426.0,42.0,995.0,569.0,,HAP Men Vest,42.81
Fenoix,fenoix,mens_westernwear,715.0,71.0,999.0,284.0,,Color Block Men Henley Neck Multicolor T-Shirt,71.57
Puma,puma,mens_westernwear,813.0,32.0,2499.0,1686.0,,Full Sleeve Printed Men Sweatshirt,32.53
Van Heusen,van heusen,mens_westernwear,1.0,0.0,649.0,648.0,,Solid Men Grey Bermuda Shorts,0.15
Checkersbay,checkersbay,mens_westernwear,1766.0,65.0,2700.0,934.0,,"Solid Men Dark Blue, Black, Grey Sports Shorts",65.41
Van Heusen,van heusen,mens_westernwear,1.0,0.0,490.0,489.0,,Men Trunks,0.2
LEWEL,lewel,mens_westernwear,1540.0,77.0,1999.0,459.0,,Color Block Men Hooded Neck Multicolor T-Shirt,77.04
Road Trip Fashions,road trip fashions,mens_westernwear,800.0,80.0,999.0,199.0,,Self Design Men Round Neck Gold T-Shirt,80.08
GHPC,ghpc,mens_westernwear,649.0,64.0,999.0,350.0,,Striped Men Round Neck Green T-Shirt,64.96
ADIDAS,adidas,mens_westernwear,363.0,66.0,549.0,186.0,,Men Ankle Length,66.12
Jockey,jockey,mens_westernwear,1.0,0.0,330.0,329.0,,Men Brief,0.3
Puma,puma,mens_westernwear,300.0,60.0,499.0,199.0,,Men & Women Solid Ankle Length,60.12
Rezalia,rezalia,mens_westernwear,740.0,77.0,949.0,209.0,,Self Design Men Round Neck Black T-Shirt,77.98
ME Stores,me stores,mens_westernwear,460.0,61.0,749.0,289.0,,"Men Self Design Peds/Footie/No-Show, Low Cut, Ankle Len...",61.42
LIFEIDEA,lifeidea,mens_westernwear,650.0,68.0,949.0,299.0,,"Solid Men Hooded Neck Red, Black T-Shirt",68.49
Tripr,tripr,mens_westernwear,540.0,60.0,899.0,359.0,,Checkered Men Red Regular Shorts,60.07
Seven Rocks,seven rocks,mens_westernwear,860.0,66.0,1299.0,439.0,,"Checkered Men Polo Neck Light Blue, Blue T-Shirt",66.2
Puma,puma,mens_westernwear,390.0,30.0,1299.0,909.0,,"Color Block Men Round Neck White, Black T-Shirt",30.02
Handgrip,handgrip,mens_westernwear,650.0,65.0,999.0,349.0,,Printed Men Multicolor Regular Shorts,65.07
Young Trendz,young trendz,mens_westernwear,534.0,62.0,849.0,315.0,,Animal Print Men Round or Crew Yellow T-Shirt,62.9
Highlander,highlander,mens_westernwear,625.0,50.0,1249.0,624.0,,Solid Men Grey Chino Shorts,50.04
Maniac,maniac,mens_westernwear,800.0,60.0,1329.0,529.0,,"Striped Men White, Black Track Pants",60.2
,,mens_westernwear,0.0,0.0,395.0,395.0,,Amul comfy Men Vest,0.0
Jockey,jockey,mens_westernwear,1.0,0.0,289.0,288.0,,Men Trunk,0.35
Dennis Lingo,dennis lingo,mens_westernwear,1300.0,70.0,1849.0,549.0,,Men Solid Casual Mandarin Shirt,70.31
UZEE,uzee,mens_westernwear,741.0,74.0,999.0,258.0,,Printed Men Round Neck Pink T-Shirt,74.17
Billion,billion,mens_westernwear,550.0,50.0,1099.0,549.0,,Slim Men Blue Jeans,50.05
Jump Cuts,jump cuts,mens_westernwear,420.0,61.0,679.0,259.0,,"Striped Men Round Neck Reversible Dark Blue, Grey T-Shi...",61.86
Tap in,tap in,mens_westernwear,955.0,79.0,1195.0,240.0,,Solid Men Round Neck Yellow T-Shirt,79.92
Kay Dee,kay dee,mens_westernwear,900.0,75.0,1199.0,299.0,,Typography Men Hooded Neck Red T-Shirt,75.06
,,mens_westernwear,1.0,0.0,559.0,558.0,,Van Heusen Men Vest,0.18
FastColors,fastcolors,mens_westernwear,1608.0,80.0,1999.0,391.0,,Solid Men Round Neck Multicolor T-Shirt,80.44
Highlander,highlander,mens_westernwear,935.0,55.0,1699.0,764.0,,Slim Fit Men Blue Cotton Lycra Blend Trousers,55.03
Mountain colours,mountain colours,mens_westernwear,1574.0,65.0,2399.0,825.0,,Solid Men Brown Track Pants,65.61
Young Trendz,young trendz,mens_westernwear,1301.0,72.0,1799.0,498.0,,Solid Men Dark Blue Track Pants,72.32
Try This,try this,mens_westernwear,600.0,60.0,999.0,399.0,,Solid Men Asymmetric Maroon T-Shirt,60.06
SCATCHITE,scatchite,mens_westernwear,700.0,70.0,999.0,299.0,,Printed Men Round Neck White T-Shirt,70.07
Black Collection,black collection,mens_westernwear,830.0,59.0,1399.0,569.0,,Solid Men Turtle Neck Blue T-Shirt,59.33
GHPC,ghpc,mens_westernwear,620.0,62.0,999.0,379.0,,Striped Men Round Neck Dark Blue T-Shirt,62.06
BASE 41,base 41,mens_westernwear,1100.0,68.0,1599.0,499.0,,Men Checkered Casual Spread Shirt,68.79
PROTOCOL,protocol,mens_westernwear,650.0,54.0,1199.0,549.0,,Men Solid Casual Mandarin Shirt,54.21
Mountain colours,mountain colours,mens_westernwear,1393.0,63.0,2199.0,806.0,,Solid Men Beige Track Pants,63.35
FastColors,fastcolors,mens_westernwear,1650.0,82.0,1999.0,349.0,,"Solid Men Grey, Yellow Regular Shorts",82.54
Van Heusen,van heusen,mens_westernwear,1.0,0.0,649.0,648.0,,Solid Men Black Basic Shorts,0.15
Tees Collection,tees collection,mens_westernwear,850.0,65.0,1299.0,449.0,,Solid Men Asymmetric Neck Black T-Shirt,65.43
DAGCROS,dagcros,mens_westernwear,1120.0,74.0,1499.0,379.0,,"Color Block Men Henley Neck Black, Yellow T-Shirt",74.72
VROJASS,vrojass,mens_westernwear,683.0,52.0,1299.0,616.0,,Washed Men Denim Light Blue Denim Shorts,52.58
Rc. Royal Class,rc. royal class,mens_westernwear,364.0,52.0,699.0,335.0,,"Men & Women Color Block, Striped Mid-Calf/Crew",52.07
Checkersbay,checkersbay,mens_westernwear,1713.0,63.0,2700.0,987.0,,"Solid Men Black, Grey Sports Shorts",63.44
Van Heusen,van heusen,mens_westernwear,1.0,0.0,649.0,648.0,,Solid Men Grey Basic Shorts,0.15
Smartees,smartees,mens_westernwear,430.0,43.0,999.0,569.0,,Color Block Men Round Neck Multicolor T-Shirt,43.04
Tripr,tripr,mens_westernwear,1030.0,73.0,1399.0,369.0,,"Checkered Men Polo Neck Red, Black T-Shirt",73.62
Maniac,maniac,mens_westernwear,620.0,57.0,1069.0,449.0,,"Checkered Men Round Neck Dark Green, Black T-Shirt",58.0
Wexford,wexford,mens_westernwear,381.0,47.0,799.0,418.0,,Striped Men Polo Neck Multicolor T-Shirt,47.68
Maanja,maanja,mens_westernwear,214.0,53.0,399.0,185.0,,Men Printed Ankle Length,53.63
Gritstones,gritstones,mens_westernwear,520.0,57.0,899.0,379.0,,Sleeveless Solid Men Jacket,57.84
Black Collection,black collection,mens_westernwear,549.0,49.0,1099.0,550.0,,Solid Men Turtle Neck White T-Shirt,49.95
ADIDAS,adidas,mens_westernwear,294.0,60.0,490.0,196.0,,Men Self Design Ankle Length,60.0
Duke,duke,mens_westernwear,0.0,0.0,895.0,895.0,,Printed Men Round or Crew Multicolor T-Shirt,0.0
Unisopent Designs,unisopent designs,mens_westernwear,600.0,60.0,999.0,399.0,,Military Camouflage Men Round Neck Dark Green T-Shirt,60.06
Highlander,highlander,mens_westernwear,1235.0,65.0,1899.0,664.0,,Slim Men Grey Jeans,65.03
Tripr,tripr,mens_westernwear,1020.0,72.0,1399.0,379.0,,Printed Men Hooded Neck Red T-Shirt,72.91
Tripr,tripr,mens_westernwear,540.0,60.0,899.0,359.0,,Checkered Men Grey Regular Shorts,60.07
Metronaut,metronaut,mens_westernwear,566.0,51.0,1099.0,533.0,,Checkered Men Boxer,51.5
Jump Cuts,jump cuts,mens_westernwear,410.0,60.0,679.0,269.0,,"Striped Men Round Neck Reversible White, Black, Yellow ...",60.38
Glinto,glinto,mens_westernwear,400.0,57.0,699.0,299.0,,Men Solid Calf Length,57.22
Jockey,jockey,mens_westernwear,196.0,49.0,397.0,201.0,,Men & Women Ankle Length,49.37
JUGULAR,jugular,mens_westernwear,589.0,66.0,888.0,299.0,,Printed Men Dark Blue Cargo Shorts,66.33
,,mens_westernwear,1.0,0.0,280.0,279.0,,Rupa Men Vest,0.36
Tripr,tripr,mens_westernwear,1050.0,75.0,1399.0,349.0,,Typography Men Hooded Neck Dark Blue T-Shirt,75.05
Jockey,jockey,mens_westernwear,1.0,0.0,239.0,238.0,,Men Trunks,0.42
Bumchums,bumchums,mens_westernwear,50.0,5.0,849.0,799.0,,Graphic Print Men Multicolor Bermuda Shorts,5.89
U.S. Polo Assn,u.s. polo assn,mens_westernwear,144.0,20.0,719.0,575.0,,Solid Men Dark Blue Regular Shorts,20.03
London HILLS,london hills,mens_westernwear,1900.0,73.0,2599.0,699.0,,"Typography Men Round Neck Dark Blue, Black T-Shirt",73.11
Aelomart,aelomart,mens_westernwear,1050.0,70.0,1499.0,449.0,,"Solid Men Round Neck White, Blue T-Shirt",70.05
Jockey,jockey,mens_westernwear,430.0,61.0,699.0,269.0,,Men & Women Printed Low Cut,61.52
Jockey,jockey,mens_westernwear,500.0,71.0,699.0,199.0,,Men & Women Solid Ankle Length,71.53
FastColors,fastcolors,mens_westernwear,2050.0,85.0,2399.0,349.0,,"Solid Men Blue, Grey Regular Shorts",85.45
Classic,classic,mens_westernwear,27.0,11.0,226.0,199.0,,Embroidered NY Hip Hop Cap Cap,11.95
Maniac,maniac,mens_westernwear,535.0,63.0,849.0,314.0,,Striped Men Round Neck Multicolor T-Shirt,63.02
FastColors,fastcolors,mens_westernwear,2479.0,77.0,3199.0,720.0,,"Solid Men Round Neck White, Grey T-Shirt",77.49
Metronaut,metronaut,mens_westernwear,400.0,50.0,799.0,399.0,,Self Design Men Polo Neck Grey T-Shirt,50.06
Try This,try this,mens_westernwear,600.0,60.0,999.0,399.0,,Solid Men Turtle Neck Blue T-Shirt,60.06
AD & AV,ad & av,mens_westernwear,935.0,58.0,1599.0,664.0,,Regular Fit Men Blue Lycra Blend Trousers,58.47
Rupa,rupa,mens_westernwear,147.0,29.0,500.0,353.0,,Men Brief,29.4
Nestos,nestos,mens_westernwear,351.0,46.0,750.0,399.0,,Men Brief,46.8
Peter England,peter england,mens_westernwear,520.0,40.0,1299.0,779.0,,Slim Fit Men Black Pure Cotton Trousers,40.03
Rezalia,rezalia,mens_westernwear,1419.0,74.0,1898.0,479.0,,"Color Block Men Round Neck Maroon, Black T-Shirt",74.76
Metronaut,metronaut,mens_westernwear,850.0,50.0,1699.0,849.0,,"Solid Men Round Neck Green, Blue, Black T-Shirt",50.03
Mountain Colours,mountain colours,mens_westernwear,1264.0,63.0,1999.0,735.0,,Printed Men Three Fourths,63.23
Dennis Lingo,dennis lingo,mens_westernwear,1300.0,70.0,1849.0,549.0,,Men Solid Casual Spread Shirt,70.31
Maniac,maniac,mens_westernwear,820.0,60.0,1349.0,529.0,,"Solid Men s White, Black T-Shirt",60.79
Rezalia,rezalia,mens_westernwear,740.0,77.0,949.0,209.0,,Solid Men V Neck Black T-Shirt,77.98
GHPC,ghpc,mens_westernwear,715.0,71.0,999.0,284.0,,Solid Men Round Neck White T-Shirt,71.57
Highlander,highlander,mens_westernwear,450.0,50.0,899.0,449.0,,Printed Men Black Sports Shorts,50.06
Jockey,jockey,mens_westernwear,1.0,0.0,209.0,208.0,,Men Brief,0.48
,,mens_westernwear,441.0,58.0,749.0,308.0,,Gritstones Men Vest,58.88
,,mens_westernwear,1077.0,71.0,1500.0,423.0,,Cotton Colors Self Design Multicolor Lungi,71.8
Seven Rocks,seven rocks,mens_westernwear,930.0,71.0,1299.0,369.0,,Solid Men Mandarin Collar Dark Blue T-Shirt,71.59
Gritstones,gritstones,mens_westernwear,502.0,67.0,749.0,247.0,,Sleeveless Solid Men Sweatshirt,67.02
Tripr,tripr,mens_westernwear,600.0,66.0,899.0,299.0,,"Color Block Men Round Neck Black, Grey T-Shirt",66.74
Van Heusen,van heusen,mens_westernwear,1.0,0.0,649.0,648.0,,Solid Men Dark Blue Basic Shorts,0.15
Metronaut,metronaut,mens_westernwear,440.0,40.0,1099.0,659.0,,Skinny Men Black Jeans,40.04
Rezalia,rezalia,mens_westernwear,750.0,75.0,999.0,249.0,,Striped Men Round Neck Black T-Shirt,75.08
LEWEL,lewel,mens_westernwear,1550.0,77.0,1999.0,449.0,,"Solid Men Hooded Neck Red, Black, Grey T-Shirt",77.54
,,mens_westernwear,244.0,48.0,499.0,255.0,,SpringLoom Premium Quality Men's Women's Pure Cotton Ha...,48.9
Tripr,tripr,mens_westernwear,1450.0,72.0,1999.0,549.0,,Full Sleeve Printed Men Jacket,72.54
Peter England University,peter england university,mens_westernwear,420.0,35.0,1199.0,779.0,,Solid Men Light Green Regular Shorts,35.03
Tap in,tap in,mens_westernwear,200.0,50.0,399.0,199.0,,Solid Men Round Neck Black T-Shirt,50.13
Urbano Fashion,urbano fashion,mens_westernwear,900.0,52.0,1699.0,799.0,,Jogger Fit Men Black Jeans,52.97
AR Sales,ar sales,mens_westernwear,594.0,75.0,784.0,190.0,,Men Ankle Length,75.77
Highlander,highlander,mens_westernwear,821.0,53.0,1549.0,728.0,,Slim Fit Men Maroon Cotton Lycra Blend Trousers,53.0
GHPC,ghpc,mens_westernwear,668.0,66.0,999.0,331.0,,Striped Men Round Neck Blue T-Shirt,66.87
Metronaut,metronaut,mens_westernwear,750.0,50.0,1499.0,749.0,,Slim Men Grey Jeans,50.03
3mads,3mads,mens_westernwear,702.0,87.0,799.0,97.0,,"Women's, Men's Shapewear",87.86
Try This,try this,mens_westernwear,670.0,67.0,999.0,329.0,,Solid Men Henley Blue T-Shirt,67.07
Inkovy,inkovy,mens_westernwear,740.0,74.0,999.0,259.0,,Solid Men Hooded Black T-Shirt,74.07
Peter England University,peter england university,mens_westernwear,525.0,35.0,1499.0,974.0,,Slim Fit Men Dark Blue Cotton Blend Trousers,35.02
House Of Sensation,house of sensation,mens_westernwear,600.0,50.0,1199.0,599.0,,Men Color Block Party Shirt,50.04
hero & piyush,hero & piyush,mens_westernwear,791.0,79.0,999.0,208.0,,Solid Men Hooded Black T-Shirt,79.18
Smartees,smartees,mens_westernwear,715.0,71.0,999.0,284.0,,Color Block Men Round Neck Black T-Shirt,71.57
Peter England,peter england,mens_westernwear,240.0,40.0,599.0,359.0,,Printed Men Round Neck Grey T-Shirt,40.07
Seven Rocks,seven rocks,mens_westernwear,900.0,69.0,1299.0,399.0,,"Striped Men Round Neck Dark Blue, White, Orange T-Shirt",69.28
Van Heusen,van heusen,mens_westernwear,0.0,0.0,470.0,470.0,,Men Trunks,0.0
Maniac,maniac,mens_westernwear,570.0,59.0,959.0,389.0,,"Color Block Men Round Neck White, Pink, Black T-Shirt",59.44
JUGULAR,jugular,mens_westernwear,900.0,64.0,1399.0,499.0,,Solid Men Dark Blue Track Pants,64.33
Maniac,maniac,mens_westernwear,800.0,60.0,1329.0,529.0,,"Striped Men Dark Blue, White Track Pants",60.2
Diwazzo,diwazzo,mens_westernwear,715.0,71.0,999.0,284.0,,Color Block Men Round Neck Pink T-Shirt,71.57
Tripr,tripr,mens_westernwear,530.0,58.0,899.0,369.0,,Abstract Men Hooded Neck Red T-Shirt,58.95
Dennis Lingo,dennis lingo,mens_westernwear,1850.0,74.0,2499.0,649.0,,Men Checkered Casual Slim Shirt,74.03
Elepants,elepants,mens_westernwear,1300.0,72.0,1795.0,495.0,,Men Self Design Pure Cotton Straight Kurta,72.42
Tripr,tripr,mens_westernwear,898.0,64.0,1399.0,501.0,,Printed Men Grey Track Pants,64.19
,,mens_westernwear,1.0,0.0,209.0,208.0,,Jockey Men Vest,0.48
Allen Solly,allen solly,mens_westernwear,270.0,30.0,899.0,629.0,,Solid Men Polo Neck White T-Shirt,30.03
Peter England University,peter england university,mens_westernwear,525.0,35.0,1499.0,974.0,,Slim Fit Men Grey Cotton Blend Trousers,35.02
Van Heusen,van heusen,mens_westernwear,1.0,0.0,529.0,528.0,,Men Brief,0.19
SOXCO,soxco,mens_westernwear,320.0,45.0,699.0,379.0,,Men Printed Low Cut,45.78
Highlander,highlander,mens_westernwear,625.0,50.0,1249.0,624.0,,Printed Men Multicolor Chino Shorts,50.04
Tripr,tripr,mens_westernwear,640.0,71.0,899.0,259.0,,"Solid Men V Neck Blue, Grey T-Shirt",71.19
Duke,duke,mens_westernwear,135.0,15.0,895.0,760.0,,"Striped Men Polo Neck Red, Blue T-Shirt",15.08
SLIMSHINE,slimshine,mens_westernwear,349.0,69.0,499.0,150.0,,Men's Ankle Length,69.94
U.S. Polo Assn,u.s. polo assn,mens_westernwear,140.0,20.0,699.0,559.0,,Solid Men Black Regular Shorts,20.03
ADIDAS,adidas,mens_westernwear,252.0,57.0,439.0,187.0,,Men Color Block Ankle Length,57.4
ADIDAS,adidas,mens_westernwear,418.0,69.0,599.0,181.0,,Men & Women Color Block Ankle Length,69.78
FastColors,fastcolors,mens_westernwear,1650.0,82.0,1999.0,349.0,,"Solid Men Blue, Black Regular Shorts",82.54
NB NICKY BOY,nb nicky boy,mens_westernwear,801.0,72.0,1100.0,299.0,,Printed Men Round Neck Multicolor T-Shirt,72.82
Peter England University,peter england university,mens_westernwear,455.0,35.0,1299.0,844.0,,Men Printed Casual Shirt,35.03
UZEE,uzee,mens_westernwear,725.0,72.0,999.0,274.0,,Printed Men Round Neck Red T-Shirt,72.57
COBIO MAN,cobio man,mens_westernwear,700.0,70.0,999.0,299.0,,Graphic Print Men Round Neck White T-Shirt,70.07
Rope,rope,mens_westernwear,930.0,62.0,1499.0,569.0,,Men Striped Casual Spread Shirt,62.04
Maanja,maanja,mens_westernwear,200.0,50.0,399.0,199.0,,Men Striped Ankle Length,50.13
Puma,puma,mens_westernwear,390.0,30.0,1299.0,909.0,,"Solid Men Round Neck Blue, Black T-Shirt",30.02
DEELMO,deelmo,mens_westernwear,937.0,58.0,1599.0,662.0,,Men Self Design Casual Button Down Shirt,58.6
Tripr,tripr,mens_westernwear,1498.0,74.0,1999.0,501.0,,Full Sleeve Solid Men Sweatshirt,74.94
Try This,try this,mens_westernwear,640.0,64.0,999.0,359.0,,"Color Block Men Round Neck White, Grey T-Shirt",64.06
Tap in,tap in,mens_westernwear,1500.0,79.0,1895.0,395.0,,Men Color Block Casual Mandarin Shirt,79.16
DAGCROS,dagcros,mens_westernwear,1168.0,77.0,1499.0,331.0,,"Solid Men Round Neck Black, Yellow T-Shirt",77.92
Tripr,tripr,mens_westernwear,1050.0,75.0,1399.0,349.0,,"Checkered Men Hooded Neck Blue, Black T-Shirt",75.05
Monument,monument,mens_westernwear,402.0,40.0,1000.0,598.0,,"Men's, Men, Women's, Women Shapewear",40.2
Metronaut,metronaut,mens_westernwear,400.0,50.0,799.0,399.0,,Self Design Men Polo Neck Dark Blue T-Shirt,50.06
ISHU,ishu,mens_westernwear,690.0,69.0,999.0,309.0,,Solid Men Black Track Pants,69.07
Weft,weft,mens_westernwear,756.0,75.0,999.0,243.0,,Color Block Men Round Neck Maroon T-Shirt,75.68
Highlander,highlander,mens_westernwear,850.0,50.0,1699.0,849.0,,Slim Men Grey Jeans,50.03
GESPO,gespo,mens_westernwear,500.0,55.0,899.0,399.0,,Men Solid Casual Shirt,55.62
Dennis Lingo,dennis lingo,mens_westernwear,1300.0,70.0,1849.0,549.0,,Men Solid Casual Slim Shirt,70.31
COBIO MAN,cobio man,mens_westernwear,958.0,63.0,1499.0,541.0,,Men Printed Casual Spread Shirt,63.91
Young Trendz,young trendz,mens_westernwear,1101.0,61.0,1799.0,698.0,,"Solid Men Round Neck Red, Blue T-Shirt",61.2
Good Friends,good friends,mens_westernwear,5.0,2.0,180.0,175.0,,HipHop Cap,2.78
Road Trip Fashions,road trip fashions,mens_westernwear,900.0,75.0,1199.0,299.0,,Printed Men Round Neck Green T-Shirt,75.06
Duke,duke,mens_westernwear,135.0,15.0,895.0,760.0,,Striped Men Polo Neck Multicolor T-Shirt,15.08
FastColors,fastcolors,mens_westernwear,1650.0,82.0,1999.0,349.0,,"Solid Men White, Black Sports Shorts",82.54
Jockey,jockey,mens_westernwear,1.0,0.0,295.0,294.0,,Men Trunk,0.34
Dillinger,dillinger,mens_westernwear,600.0,66.0,899.0,299.0,,Striped Men Round or Crew Orange T-Shirt,66.74
Tripr,tripr,mens_westernwear,898.0,64.0,1399.0,501.0,,"Color Block Men Black, Grey Track Pants",64.19
Asian & Fitch,asian & fitch,mens_westernwear,813.0,63.0,1287.0,474.0,,Men Checkered Casual Button Down Shirt,63.17
Highlander,highlander,mens_westernwear,625.0,50.0,1249.0,624.0,,Printed Men Grey Chino Shorts,50.04
FastColors,fastcolors,mens_westernwear,1600.0,80.0,1999.0,399.0,,"Solid Men Round Neck Maroon, Black, Grey T-Shirt",80.04
Aelomart,aelomart,mens_westernwear,1073.0,71.0,1499.0,426.0,,"Color Block Men Round Neck White, Black, Grey T-Shirt",71.58
,,mens_westernwear,660.0,73.0,899.0,239.0,,FastColors Men Vest,73.41
Highlander,highlander,mens_westernwear,500.0,50.0,999.0,499.0,,Men Checkered Casual Button Down Shirt,50.05
SCATCHITE,scatchite,mens_westernwear,1168.0,77.0,1499.0,331.0,,Striped Men Round or Crew Maroon T-Shirt,77.92
Van Heusen,van heusen,mens_westernwear,1.0,0.0,719.0,718.0,,Men Brief,0.14
Wrath,wrath,mens_westernwear,1200.0,80.0,1499.0,299.0,,Solid Men Round Neck Blue T-Shirt,80.05
Rope,rope,mens_westernwear,801.0,66.0,1199.0,398.0,,Men Solid Casual Spread Shirt,66.81
Seven Rocks,seven rocks,mens_westernwear,930.0,71.0,1299.0,369.0,,Solid Men Mandarin Collar Black T-Shirt,71.59
Jockey,jockey,mens_westernwear,168.0,42.0,397.0,229.0,,Men Solid Ankle Length,42.32
Maniac,maniac,mens_westernwear,825.0,66.0,1249.0,424.0,,Solid Men Round Neck Black T-Shirt,66.05
Metronaut,metronaut,mens_westernwear,275.0,50.0,549.0,274.0,,Athleisure Solid Men Round or Crew Grey T-Shirt,50.09
Tripr,tripr,mens_westernwear,1498.0,74.0,1999.0,501.0,,Full Sleeve Printed Men Sweatshirt,74.94
Wearza,wearza,mens_westernwear,715.0,71.0,999.0,284.0,,"Color Block Men Round Neck Dark Blue, White, Yellow T-S...",71.57
AUSK,ausk,mens_westernwear,605.0,60.0,999.0,394.0,,"Striped Men Round Neck Dark Green, Black T-Shirt",60.56
Jockey,jockey,mens_westernwear,1.0,0.0,399.0,398.0,,Checkered Men Boxer,0.25
Metronaut,metronaut,mens_westernwear,1000.0,50.0,1999.0,999.0,,Slim Men Grey Jeans,50.03
VERO LIE,vero lie,mens_westernwear,1321.0,69.0,1888.0,567.0,,Men Striped Casual Spread Shirt,69.97
Puma,puma,mens_westernwear,258.0,57.0,449.0,191.0,,Men & Women Ankle Length,57.46
Hind home,hind home,mens_westernwear,544.0,68.0,799.0,255.0,,"Boys & Girls, Men & Women, Boys, Girls Printed Bandana",68.09
JORKK,jorkk,mens_westernwear,200.0,44.0,449.0,249.0,,Printed Men Round Neck Black T-Shirt,44.54
FabTag - Being Fab,fabtag - being fab,mens_westernwear,791.0,56.0,1390.0,599.0,,Men Solid Formal Wingtip Shirt,56.91
Tripr,tripr,mens_westernwear,520.0,57.0,899.0,379.0,,Graphic Print Men Hooded Neck Dark Blue T-Shirt,57.84
LEWEL,lewel,mens_westernwear,1550.0,77.0,1999.0,449.0,,"Solid Men Hooded Neck Green, White, Black T-Shirt",77.54
Maniac,maniac,mens_westernwear,800.0,60.0,1329.0,529.0,,"Striped Men Black, Yellow Track Pants",60.2
Young Trendz,young trendz,mens_westernwear,1061.0,60.0,1759.0,698.0,,Typography Men Round or Crew Multicolor T-Shirt,60.32
Billion,billion,mens_westernwear,495.0,55.0,899.0,404.0,,"PerfectFit Self Design Men Henley Neck White, Blue T-Sh...",55.06
hicode,hicode,mens_westernwear,320.0,64.0,499.0,179.0,,Men & Women Self Design Ankle Length,64.13
Young Trendz,young trendz,mens_westernwear,515.0,64.0,799.0,284.0,,Printed Men Round Neck Orange T-Shirt,64.46
FabTag - Being Fab,fabtag - being fab,mens_westernwear,869.0,62.0,1390.0,521.0,,Men Solid Formal Rugby Collar Shirt,62.52
FUBAR,fubar,mens_westernwear,905.0,60.0,1499.0,594.0,,Regular Fit Men Brown Cotton Blend Trousers,60.37
The EG Store,the eg store,mens_westernwear,470.0,58.0,799.0,329.0,,Color Block Men Round Neck Dark Green T-Shirt,58.82
Maniac,maniac,mens_westernwear,770.0,61.0,1249.0,479.0,,"Color Block Men Hooded Neck Black, Yellow T-Shirt",61.65
Rezalia,rezalia,mens_westernwear,600.0,60.0,999.0,399.0,,Military Camouflage Men Hooded Neck Dark Green T-Shirt,60.06
Highlander,highlander,mens_westernwear,1006.0,61.0,1649.0,643.0,,Tapered Men Grey Cotton Lycra Blend Trousers,61.01
Shopeleven,shopeleven,mens_westernwear,854.0,85.0,999.0,145.0,,"Men, Women, Men, Women Shapewear",85.49
Jockey,jockey,mens_westernwear,1.0,0.0,249.0,248.0,,Men Brief,0.4
A-Okay,a-okay,mens_westernwear,1377.0,73.0,1875.0,498.0,,Men Solid Cotton Blend Straight Kurta,73.44
V2 Retail Limited,v2 retail limited,mens_westernwear,200.0,50.0,399.0,199.0,,Solid Men Round Neck White T-Shirt,50.13
Highlander,highlander,mens_westernwear,500.0,50.0,999.0,499.0,,Men Checkered Casual Slim Shirt,50.05
THE EG STORE,the eg store,mens_westernwear,500.0,62.0,799.0,299.0,,Color Block Men Round Neck Yellow T-Shirt,62.58
FastColors,fastcolors,mens_westernwear,1500.0,75.0,1999.0,499.0,,"Solid Men White, Blue Track Pants",75.04
HighLands,highlands,mens_westernwear,124.0,24.0,499.0,375.0,,ST-100 Solid Men Raincoat,24.85
Van Heusen,van heusen,mens_westernwear,1.0,0.0,629.0,628.0,,Men Trunks,0.16
,,mens_westernwear,1.0,0.0,289.0,288.0,,Jockey Men Vest,0.35
Highlander,highlander,mens_westernwear,550.0,50.0,1099.0,549.0,,Men Printed Casual Cut Away Shirt,50.05
Maniac,maniac,mens_westernwear,570.0,65.0,869.0,299.0,,"Printed Men Round Neck Black, Grey T-Shirt",65.59
Jockey,jockey,mens_westernwear,1.0,0.0,289.0,288.0,,Men Trunks,0.35
Shivaay Trading Co.,shivaay trading co.,mens_westernwear,151.0,50.0,299.0,148.0,,Men's Shapewear,50.5
Aelomart,aelomart,mens_westernwear,1050.0,70.0,1499.0,449.0,,"Color Block Men Round Neck Dark Blue, White, Yellow T-S...",70.05
Tripr,tripr,mens_westernwear,600.0,66.0,899.0,299.0,,Printed Men V-Neck Multicolor T-Shirt,66.74
Gritstones,gritstones,mens_westernwear,600.0,60.0,999.0,399.0,,Color Block Men Hooded Green T-Shirt,60.06
AutoKraftZ,autokraftz,mens_westernwear,614.0,61.0,999.0,385.0,,Solid Men Raincoat,61.46
Gritstones,gritstones,mens_westernwear,343.0,49.0,699.0,356.0,,Solid Men V-neck Blue T-Shirt,49.07
Aelomart,aelomart,mens_westernwear,1050.0,70.0,1499.0,449.0,,"Color Block Men Round Neck Red, White, Grey T-Shirt",70.05
Jockey,jockey,mens_westernwear,1.0,0.0,179.0,178.0,,Men Brief,0.56
ADIDAS,adidas,mens_westernwear,200.0,50.0,399.0,199.0,,Men Ankle Length,50.13
Highlander,highlander,mens_westernwear,625.0,50.0,1249.0,624.0,,Solid Men Blue Regular Shorts,50.04
FastColors,fastcolors,mens_westernwear,1500.0,75.0,1999.0,499.0,,"Solid Men White, Black Track Pants",75.04
ZACHARIAS,zacharias,mens_westernwear,650.0,65.0,999.0,349.0,,Solid Men & Women Raincoat,65.07
Mountain colours,mountain colours,mens_westernwear,1414.0,65.0,2149.0,735.0,,Printed Men Three Fourths,65.8
Dennis Lingo,dennis lingo,mens_westernwear,1750.0,70.0,2499.0,749.0,,Men Solid Casual Spread Shirt,70.03
Campus Sutra,campus sutra,mens_westernwear,860.0,43.0,1999.0,1139.0,,Slim Men Dark Blue Jeans,43.02
Roden,roden,mens_westernwear,1095.0,73.0,1499.0,404.0,,Striped Men Round Neck White T-Shirt,73.05
Ojass,ojass,mens_westernwear,1364.0,68.0,1999.0,635.0,,Men Self Design Casual Button Down Shirt,68.23
ADIDAS,adidas,mens_westernwear,264.0,58.0,449.0,185.0,,Men Solid Ankle Length,58.8
Jockey,jockey,mens_westernwear,1.0,0.0,458.0,457.0,,Men Brief,0.22
Metronaut,metronaut,mens_westernwear,550.0,50.0,1099.0,549.0,,Solid Men Polo Neck Dark Blue T-Shirt,50.05
Macho,macho,mens_westernwear,25.0,10.0,230.0,205.0,,Men Trunks,10.87
Ranger,ranger,mens_westernwear,200.0,40.0,499.0,299.0,,Men Solid Ankle Length,40.08
Katso,katso,mens_westernwear,939.0,72.0,1298.0,359.0,,Striped Men Hooded Neck Black T-Shirt,72.34
Kay Dee,kay dee,mens_westernwear,900.0,75.0,1199.0,299.0,,Typography Men Hooded Neck Black T-Shirt,75.06
Jockey,jockey,mens_westernwear,0.0,0.0,428.0,428.0,,Men Trunks,0.0
Tfurnish,tfurnish,mens_westernwear,600.0,60.0,999.0,399.0,,Solid Men Round Neck Light Blue T-Shirt,60.06
U.S. Polo Assn,u.s. polo assn,mens_westernwear,140.0,20.0,699.0,559.0,,Solid Men Grey Bermuda Shorts,20.03
Black Collection,black collection,mens_westernwear,549.0,49.0,1099.0,550.0,,Solid Men High Neck Red T-Shirt,49.95
Louis Philippe,louis philippe,mens_westernwear,510.0,30.0,1699.0,1189.0,,Printed Men Polo Neck Blue T-Shirt,30.02
AUSK,ausk,mens_westernwear,605.0,60.0,999.0,394.0,,"Striped Men Round Neck Black, Light Green T-Shirt",60.56
Hotfits,hotfits,mens_westernwear,200.0,40.0,499.0,299.0,,Printed Men Black Sports Shorts,40.08
Flying Machine,flying machine,mens_westernwear,1050.0,47.0,2199.0,1149.0,,Slim Men Dark Blue Jeans,47.75
JUGULAR,jugular,mens_westernwear,589.0,66.0,888.0,299.0,,Color Block Men Round or Crew Multicolor T-Shirt,66.33
IndoPrimo,indoprimo,mens_westernwear,369.0,36.0,999.0,630.0,,Men Solid Casual Button Down Shirt,36.94
XTL,xtl,mens_westernwear,1452.0,72.0,1999.0,547.0,,Men Solid Cotton Blend Straight Kurta,72.64
U.S. Polo Assn,u.s. polo assn,mens_westernwear,650.0,40.0,1599.0,949.0,,Solid Men Polo Neck White T-Shirt,40.65
Road Trip Fashions,road trip fashions,mens_westernwear,800.0,80.0,999.0,199.0,,Self Design Men Round Neck White T-Shirt,80.08
Unisopent Designs,unisopent designs,mens_westernwear,600.0,60.0,999.0,399.0,,Military Camouflage Men Round or Crew Multicolor T-Shir...,60.06
SCATCHITE,scatchite,mens_westernwear,1151.0,76.0,1499.0,348.0,,Printed Men Round Neck Multicolor T-Shirt,76.78
FastColors,fastcolors,mens_westernwear,2279.0,75.0,2999.0,720.0,,Color Block Men Round Neck Multicolor T-Shirt,75.99
Joven,joven,mens_westernwear,550.0,42.0,1299.0,749.0,,Men Pyjama,42.34
Maniac,maniac,mens_westernwear,577.0,60.0,949.0,372.0,,"Solid Men s Red, Black T-Shirt",60.8
GHPC,ghpc,mens_westernwear,639.0,63.0,999.0,360.0,,Striped Men Round Neck Gold T-Shirt,63.96
COBIO MAN,cobio man,mens_westernwear,700.0,70.0,999.0,299.0,,"Graphic Print Men Round Neck Black, Grey T-Shirt",70.07
Peter England,peter england,mens_westernwear,600.0,40.0,1499.0,899.0,,Slim Fit Men Black Polyester Viscose Blend Trousers,40.03
Maniac,maniac,mens_westernwear,650.0,65.0,999.0,349.0,,"Military Camouflage Men Round Neck White, Green T-Shirt",65.07
IndoPrimo,indoprimo,mens_westernwear,350.0,35.0,999.0,649.0,,Men Solid Casual Button Down Shirt,35.04
Maniac,maniac,mens_westernwear,660.0,66.0,999.0,339.0,,"Printed Men Dark Green, Beige Regular Shorts",66.07
Rockhard,rockhard,mens_westernwear,506.0,68.0,739.0,233.0,,"Color Block Men Round Neck Black, Orange, Grey T-Shirt",68.47
Jai Textiles,jai textiles,mens_westernwear,1101.0,73.0,1499.0,398.0,,Men Solid Casual Spread Shirt,73.45
Vingaboy,vingaboy,mens_westernwear,692.0,69.0,999.0,307.0,,"Women, Men Shapewear",69.27
ZAYSH,zaysh,mens_westernwear,1100.0,61.0,1799.0,699.0,,Regular Men Black Jeans,61.15
JUGULAR,jugular,mens_westernwear,558.0,62.0,888.0,330.0,,Striped Men Round Neck Green T-Shirt,62.84
Smartees,smartees,mens_westernwear,715.0,71.0,999.0,284.0,,Printed Men Round Neck Maroon T-Shirt,71.57
Maniac,maniac,mens_westernwear,570.0,60.0,949.0,379.0,,"Solid Men s White, Black, Yellow T-Shirt",60.06
Wyatt,wyatt,mens_westernwear,1178.0,78.0,1500.0,322.0,,Men Brief,78.53
Highlander,highlander,mens_westernwear,650.0,52.0,1249.0,599.0,,Solid Men Beige Regular Shorts,52.04
KAY S APPARELS,kay s apparels,mens_westernwear,710.0,78.0,899.0,189.0,,"Solid Men Hooded Neck Red, Black T-Shirt",78.98
EURO,euro,mens_westernwear,0.0,0.0,315.0,315.0,,Men Brief,0.0
,,mens_westernwear,0.0,0.0,190.0,190.0,,LUX Men Vest,0.0
,,mens_westernwear,649.0,72.0,899.0,250.0,,Tripr Men Vest,72.19
Highlander,highlander,mens_westernwear,550.0,55.0,999.0,449.0,,Men Printed Casual Tie up Shirt,55.06
Dennis Lingo,dennis lingo,mens_westernwear,1600.0,69.0,2299.0,699.0,,Men Printed Casual Spread Shirt,69.6
Highlander,highlander,mens_westernwear,625.0,50.0,1249.0,624.0,,Solid Men Dark Blue Chino Shorts,50.04
Ebiz,ebiz,mens_westernwear,245.0,49.0,500.0,255.0,,Men Striped Ankle Length,49.0
Highlander,highlander,mens_westernwear,632.0,55.0,1149.0,517.0,,Men Printed Casual Shirt,55.0
,,mens_westernwear,51.0,12.0,400.0,349.0,,Rupa Men Vest,12.75
Highlander,highlander,mens_westernwear,400.0,40.0,999.0,599.0,,Men Checkered Casual Shirt,40.04
Diwazzo,diwazzo,mens_westernwear,700.0,70.0,999.0,299.0,,Color Block Men Round Neck Light Green T-Shirt,70.07
Duke,duke,mens_westernwear,135.0,15.0,895.0,760.0,,"Striped Men Polo Neck White, Pink T-Shirt",15.08
Louis Philippe Jeans,louis philippe jeans,mens_westernwear,150.0,15.0,999.0,849.0,,Graphic Print Men Round Neck Red T-Shirt,15.02
Classio,classio,mens_westernwear,711.0,54.0,1299.0,588.0,,Regular Fit Men Blue Polyester Viscose Blend Trousers,54.73
Highlander,highlander,mens_westernwear,928.0,58.0,1599.0,671.0,,Solid Men Blue Regular Shorts,58.04
Ojass,ojass,mens_westernwear,1364.0,68.0,1999.0,635.0,,Men Solid Casual Button Down Shirt,68.23
LEWEL,lewel,mens_westernwear,1600.0,80.0,1999.0,399.0,,"Color Block Men Hooded Neck White, Blue, Yellow T-Shirt",80.04
Aelomart,aelomart,mens_westernwear,1050.0,70.0,1499.0,449.0,,"Solid Men Round Neck White, Black T-Shirt",70.05
FastColors,fastcolors,mens_westernwear,1748.0,72.0,2399.0,651.0,,"Solid Men Round Neck Blue, Yellow T-Shirt",72.86
Peter England University,peter england university,mens_westernwear,525.0,35.0,1499.0,974.0,,Slim Fit Men Green Cotton Blend Trousers,35.02
Tfurnish,tfurnish,mens_westernwear,650.0,65.0,999.0,349.0,,"Color Block Men Hooded Neck Red, Black T-Shirt",65.07
JUGULAR,jugular,mens_westernwear,589.0,66.0,888.0,299.0,,Printed Men Black Cargo Shorts,66.33
TRUE BLUE,true blue,mens_westernwear,1440.0,60.0,2399.0,959.0,,Men Striped Casual Spread Shirt,60.03
NB NICKY BOY,nb nicky boy,mens_westernwear,802.0,72.0,1100.0,298.0,,Printed Men Round Neck Yellow T-Shirt,72.91
Highlander,highlander,mens_westernwear,840.0,60.0,1399.0,559.0,,Men Military Camouflage Casual Spread Shirt,60.04
SCATCHITE,scatchite,mens_westernwear,1073.0,71.0,1499.0,426.0,,Printed Men Hooded Neck Multicolor T-Shirt,71.58
Jockey,jockey,mens_westernwear,0.0,0.0,169.0,169.0,,Men Brief,0.0
GESPO,gespo,mens_westernwear,605.0,60.0,999.0,394.0,,Striped Men Round Neck White T-Shirt,60.56
DEELMO,deelmo,mens_westernwear,770.0,55.0,1399.0,629.0,,Men Solid Casual Club Shirt,55.04
Nevy,nevy,mens_westernwear,490.0,81.0,599.0,109.0,,"Women, Men Shapewear",81.8
Jockey,jockey,mens_westernwear,1.0,0.0,699.0,698.0,,Solid Men Grey Basic Shorts,0.14
ADIDAS,adidas,mens_westernwear,550.0,34.0,1599.0,1049.0,,Solid Men Black Sports Shorts,34.4
,,mens_westernwear,450.0,45.0,995.0,545.0,,Prakasam Cotton Solid Men Dhoti,45.23
Black Collection,black collection,mens_westernwear,549.0,49.0,1099.0,550.0,,Solid Men Turtle Neck Blue T-Shirt,49.95
FastColors,fastcolors,mens_westernwear,1600.0,80.0,1999.0,399.0,,Solid Men Round Neck Green T-Shirt,80.04
The Dry State,the dry state,mens_westernwear,601.0,60.0,999.0,398.0,,Color Block Men Round Neck Multicolor T-Shirt,60.16
Highlander,highlander,mens_westernwear,821.0,53.0,1549.0,728.0,,Slim Fit Men Dark Blue Cotton Trousers,53.0
Smartees,smartees,mens_westernwear,715.0,71.0,999.0,284.0,,Printed Men Round Neck Yellow T-Shirt,71.57
Wrath,wrath,mens_westernwear,1100.0,73.0,1499.0,399.0,,Color Block Men Round Neck Green T-Shirt,73.38
GHPC,ghpc,mens_westernwear,668.0,66.0,999.0,331.0,,Striped Men Round Neck White T-Shirt,66.87
Rebound,rebound,mens_westernwear,785.0,78.0,999.0,214.0,,Typography Men Hooded Neck Black T-Shirt,78.58
Red Tape,red tape,mens_westernwear,1800.0,75.0,2399.0,599.0,,Solid Men Henley Neck Blue T-Shirt,75.03
Macho,macho,mens_westernwear,10.0,1.0,585.0,575.0,,Men Brief,1.71
Kay Dee,kay dee,mens_westernwear,404.0,67.0,599.0,195.0,,Solid Men Scoop Neck Maroon T-Shirt,67.45
BnB,bnb,mens_westernwear,373.0,61.0,604.0,231.0,,Ring Beanie Cap,61.75
Dcmr,dcmr,mens_westernwear,5.0,2.0,180.0,175.0,,Solid Stylish Cotton Baseball Adjustable Black Cap For ...,2.78
Highlander,highlander,mens_westernwear,821.0,53.0,1549.0,728.0,,Slim Fit Men Green Cotton Blend Trousers,53.0
,,mens_westernwear,200.0,50.0,399.0,199.0,,Feather Green Checkered Black Lungi,50.13
Try This,try this,mens_westernwear,654.0,65.0,999.0,345.0,,Solid Men Turtle Neck Purple T-Shirt,65.47
ADIDAS,adidas,mens_westernwear,300.0,50.0,599.0,299.0,,Men & Women Solid Ankle Length,50.08
Tfurnish,tfurnish,mens_westernwear,650.0,65.0,999.0,349.0,,"Solid Men Hooded Neck Red, Black T-Shirt",65.07
Wearza,wearza,mens_westernwear,920.0,61.0,1499.0,579.0,,Color Block Men Round Neck Multicolor T-Shirt,61.37
BEING URBAN,being urban,mens_westernwear,1280.0,64.0,1999.0,719.0,,Men & Women Self Design Ankle Length,64.03
Glinto,glinto,mens_westernwear,400.0,57.0,699.0,299.0,,Men & Women Color Block Mid-Calf/Crew,57.22
Lee,lee,mens_westernwear,270.0,30.0,899.0,629.0,,Printed Men Round Neck Yellow T-Shirt,30.03
,,mobiles,0.0,0.0,16999.0,16999.0,4.4,"Realme 6 (Comet Blue, 128 GB)",0.0
,,mobiles,214.0,1.0,17999.0,17785.0,4.5,"Redmi Note 8 Pro (Electric Blue, 128 GB)",1.19
,,mobiles,500.0,2.0,18999.0,18499.0,4.5,"POCO X2 (Atlantis Blue, 128 GB)",2.63
,,mobiles,500.0,2.0,18999.0,18499.0,4.5,"POCO X2 (Matrix Purple, 128 GB)",2.63
,,mobiles,2000.0,12.0,15990.0,13990.0,4.5,"Vivo Z1Pro (Sonic Black, 64 GB)",12.51
,,mobiles,4000.0,19.0,20990.0,16990.0,4.5,"Vivo Z1Pro (Sonic Black, 128 GB)",19.06
,,mobiles,3000.0,16.0,17990.0,14990.0,4.5,"Vivo Z1Pro (Sonic Black, 64 GB)",16.68
,,mobiles,4000.0,23.0,16999.0,12999.0,4.5,"Redmi Note 7 Pro (Space Black, 64 GB)",23.53
,,mobiles,3000.0,18.0,15990.0,12990.0,4.4,"Vivo Y15 (Burgundy Red, 64 GB)",18.76
,,mobiles,3000.0,18.0,15990.0,12990.0,4.4,"Vivo Y15 (Aqua Blue, 64 GB)",18.76
,,mobiles,1500.0,13.0,10999.0,9499.0,4.4,"Redmi 8 (Onyx Black, 64 GB)",13.64
,,mobiles,1000.0,5.0,17999.0,16999.0,4.5,"POCO X2 (Atlantis Blue, 64 GB)",5.56
,,mobiles,1000.0,6.0,15999.0,14999.0,4.5,"Realme 5 Pro (Sparkling Blue, 64 GB)",6.25
,,mobiles,1000.0,5.0,17999.0,16999.0,4.5,"Realme 5 Pro (Sparkling Blue, 128 GB)",5.56
,,mobiles,1000.0,6.0,14999.0,13999.0,4.5,"Realme 5 Pro (Sparkling Blue, 64 GB)",6.67
,,mobiles,1000.0,6.0,14999.0,13999.0,4.5,"Realme 5 Pro (Crystal Green, 64 GB)",6.67
,,mobiles,2000.0,12.0,15990.0,13990.0,4.5,"Vivo Z1Pro (Sonic Blue, 64 GB)",12.51
,,mobiles,4000.0,19.0,20990.0,16990.0,4.5,"Vivo Z1Pro (Sonic Blue, 128 GB)",19.06
,,mobiles,3000.0,16.0,17990.0,14990.0,4.5,"Vivo Z1Pro (Sonic Blue, 64 GB)",16.68
,,mobiles,0.0,0.0,17999.0,17999.0,4.5,"Realme 6 Pro (Lightning Blue, 64 GB)",0.0
,,mobiles,1000.0,5.0,16999.0,15999.0,4.5,"Redmi Note 8 Pro (Shadow Black, 64 GB)",5.88
,,mobiles,0.0,0.0,13999.0,13999.0,4.4,"Realme 6 (Comet Blue, 64 GB)",0.0
,,mobiles,1500.0,12.0,11990.0,10490.0,4.4,"Vivo U10 (Electric Blue, 64 GB)",12.51
,,mobiles,0.0,0.0,7999.0,7999.0,4.4,"Realme C3 (Frozen Blue, 32 GB)",0.0
,,mobiles,0.0,0.0,15996.0,15996.0,4.4,"Redmi Note 8 (Neptune Blue, 128 GB)",0.0
,,mobiles,401.0,1.0,29900.0,29499.0,4.5,"Apple iPhone 7 (Black, 32 GB)",1.34
,,mobiles,240.0,12.0,1950.0,1710.0,4.3,Samsung Guru Music 2,12.31
,,mobiles,23.0,1.0,1950.0,1927.0,4.3,Samsung Guru Music 2,1.18
,,mobiles,0.0,0.0,47800.0,47800.0,4.7,"Apple iPhone SE (Black, 128 GB)",0.0
,,mobiles,0.0,0.0,590.0,590.0,3.7,Detel D1 Champ,0.0
,,mobiles,1000.0,5.0,17999.0,16999.0,4.5,"Redmi Note 8 Pro (Shadow Black, 128 GB)",5.56
,,mobiles,17.0,1.0,1349.0,1332.0,4.2,Nokia 105 Dual Sim 2017,1.26
,,mobiles,0.0,0.0,1240.0,1240.0,4.3,Nokia 105 SS,0.0
,,mobiles,0.0,0.0,1148.0,1148.0,4.3,Nokia 105 SS,0.0
,,mobiles,51.0,2.0,1950.0,1899.0,4.3,Samsung Guru Music 2,2.62
,,mobiles,4000.0,22.0,17999.0,13999.0,4.5,"Redmi Note 7 Pro (Space Black, 128 GB)",22.22
,,mobiles,259.0,23.0,1099.0,840.0,4.1,Lava A1,23.57
,,mobiles,219.0,19.0,1099.0,880.0,4.2,Lava A1,19.93
,,mobiles,0.0,0.0,1199.0,1199.0,4.3,Nokia 105 ss,0.0
,,mobiles,60.0,5.0,1195.0,1135.0,4.3,Nokia 105 SS,5.02
,,mobiles,1500.0,13.0,10999.0,9499.0,4.4,"Redmi 8 (Sapphire Blue, 64 GB)",13.64
,,mobiles,1000.0,7.0,12999.0,11999.0,4.4,"Realme 5 (Crystal Purple, 128 GB)",7.69
,,mobiles,1000.0,9.0,10999.0,9999.0,4.5,"Realme 5 (Crystal Blue, 32 GB)",9.09
,,mobiles,1000.0,7.0,12999.0,11999.0,4.4,"Realme 5 (Crystal Blue, 128 GB)",7.69
,,mobiles,1500.0,13.0,10999.0,9499.0,4.4,"Redmi 8 (Ruby Red, 64 GB)",13.64
,,mobiles,1500.0,13.0,10999.0,9499.0,4.4,"Redmi 8 (Emerald Green, 64 GB)",13.64
,,mobiles,0.0,0.0,15999.0,15999.0,4.4,"Realme 6 (Comet Blue, 128 GB)",0.0
,,mobiles,500.0,2.0,18999.0,18499.0,4.5,"POCO X2 (Phoenix Red, 128 GB)",2.63
,,mobiles,1500.0,16.0,8999.0,7499.0,4.4,"Realme C2 (Diamond Sapphire, 32 GB)",16.67
,,mobiles,1500.0,16.0,8999.0,7499.0,4.4,"Realme C2 (Diamond Ruby, 32 GB)",16.67
,,mobiles,1000.0,9.0,10999.0,9999.0,4.4,"Realme 5i (Forest Green, 64 GB)",9.09
,,mobiles,1000.0,8.0,11999.0,10999.0,4.4,"Realme 5i (Aqua Blue, 128 GB)",8.33
,,mobiles,1000.0,9.0,10999.0,9999.0,4.4,"Realme 5i (Aqua Blue, 64 GB)",9.09
,,mobiles,1000.0,8.0,11999.0,10999.0,4.4,"Realme 5i (Forest Green, 128 GB)",8.33
,,mobiles,0.0,0.0,19999.0,19999.0,4.4,"Realme 6 Pro (Lightning Blue, 128 GB)",0.0
,,mobiles,2000.0,20.0,9999.0,7999.0,4.5,"Infinix Hot 8 (Shark Grey, 64 GB)",20.0
,,mobiles,2000.0,20.0,9999.0,7999.0,4.5,"Infinix Hot 8 (Quetzal Cyan, 64 GB)",20.0
,,mobiles,0.0,0.0,18999.0,18999.0,4.5,"Realme 6 Pro (Lightning Blue, 128 GB)",0.0
,,mobiles,2500.0,23.0,10499.0,7999.0,4.5,"Redmi Y2 (Gold, 32 GB)",23.81
,,mobiles,0.0,0.0,8999.0,8999.0,4.4,"Realme C3 (Frozen Blue, 64 GB)",0.0
,,mobiles,0.0,0.0,15999.0,15999.0,4.4,"Realme 6 (Comet White, 128 GB)",0.0
,,mobiles,0.0,0.0,20999.0,20999.0,4.5,"POCO X2 (Matrix Purple, 256 GB)",0.0
,,mobiles,1000.0,8.0,11999.0,10999.0,4.4,"Realme 5 (Crystal Purple, 64 GB)",8.33
,,mobiles,3000.0,9.0,30990.0,27990.0,4.6,"Vivo V19 (Piano Black, 128 GB)",9.68
,,mobiles,866.0,2.0,37599.0,36733.0,4.6,"OnePlus 7T (Glacier Blue, 128 GB)",2.3
,,mobiles,1134.0,2.0,39490.0,38356.0,4.6,"OnePlus 7T (Glacier Blue, 256 GB)",2.87
,,mobiles,1000.0,5.0,17999.0,16999.0,4.5,"Redmi Note 8 Pro (Halo White, 128 GB)",5.56
,,mobiles,12100.0,41.0,28990.0,16890.0,4.4,"OPPO F11 Pro (Aurora Green, 64 GB)",41.74
,,mobiles,12000.0,40.0,29990.0,17990.0,4.4,"OPPO F11 Pro (Thunder Black, 128 GB)",40.01
,,mobiles,300.0,27.0,1099.0,799.0,4.2,Lava A1,27.3
,,mobiles,239.0,21.0,1119.0,880.0,4.1,Lava A1,21.36
,,mobiles,169.0,16.0,1049.0,880.0,4.1,Lava A1,16.11
,,mobiles,214.0,18.0,1149.0,935.0,4.2,Lava A1,18.62
,,mobiles,0.0,0.0,47800.0,47800.0,4.7,"Apple iPhone SE (White, 128 GB)",0.0
,,mobiles,3000.0,9.0,30990.0,27990.0,4.6,"Vivo V19 (Mystic Silver, 128 GB)",9.68
,,mobiles,3000.0,21.0,13990.0,10990.0,4.4,"Vivo Y12 (Aqua Blue, 64 GB)",21.44
,,mobiles,1000.0,4.0,22990.0,21990.0,4.4,"OPPO F15 (Unicorn White, 128 GB)",4.35
,,mobiles,759.0,50.0,1499.0,740.0,4.0,Micromax X380,50.63
,,mobiles,210.0,8.0,2340.0,2130.0,4.2,Samsung Metro 313 Dual Sim,8.97
,,mobiles,2000.0,12.0,15999.0,13999.0,4.3,"Honor 9X (Midnight Black, 128 GB)",12.5
,,mobiles,9000.0,22.0,39999.0,30999.0,4.5,"Google Pixel 3a (Clearly White, 64 GB)",22.5
,,mobiles,9000.0,22.0,39999.0,30999.0,4.5,"Google Pixel 3a (Just Black, 64 GB)",22.5
,,mobiles,2000.0,13.0,14999.0,12999.0,4.3,"Mi A3 (More Than White, 64 GB)",13.33
,,mobiles,0.0,0.0,599.0,599.0,3.6,Hicell C9 Metro,0.0
,,mobiles,300.0,14.0,2099.0,1799.0,4.1,Nokia 110,14.29
,,mobiles,0.0,0.0,1405.0,1405.0,4.3,Samsung Guru 1200,0.0
,,mobiles,190.0,14.0,1349.0,1159.0,4.1,Lava One,14.08
,,mobiles,0.0,0.0,1499.0,1499.0,4.1,Lava ONE,0.0
,,mobiles,100.0,16.0,599.0,499.0,3.7,Gfive U229,16.69
,,mobiles,600.0,54.0,1099.0,499.0,3.7,Gfive U229,54.6
,,mobiles,0.0,0.0,999.0,999.0,4.1,Kechaoda K66 Plus,0.0
,,mobiles,3000.0,13.0,22990.0,19990.0,4.5,"Vivo S1 (Skyline Blue, 128 GB)",13.05
,,mobiles,2500.0,14.0,17499.0,14999.0,4.3,"Mi A3 (More Than White, 128 GB)",14.29
,,mobiles,2000.0,12.0,15990.0,13990.0,4.4,"OPPO A5 2020 (Mirror Black, 64 GB)",12.51
,,mobiles,2000.0,12.0,15990.0,13990.0,4.4,"OPPO A5 2020 (Dazzling White, 64 GB)",12.51
,,mobiles,700.0,10.0,6999.0,6299.0,4.2,"Samsung Galaxy J2 Core (Blue, 16 GB)",10.0
,,mobiles,0.0,0.0,990.0,990.0,4.1,Kechaoda A26,0.0
,,mobiles,1000.0,5.0,19999.0,18999.0,4.5,"Redmi Note 8 Pro (Shadow Black, 128 GB)",5.0
,,mobiles,3000.0,15.0,19990.0,16990.0,4.5,"Vivo S1 (Skyline Blue, 128 GB)",15.01
,,mobiles,3000.0,10.0,27990.0,24990.0,4.5,"Vivo V17 (Midnight Ocean Black, 128 GB)",10.72
,,mobiles,3000.0,15.0,19999.0,16999.0,4.4,"Honor 9X (Sapphire Blue, 128 GB)",15.0
,,mobiles,2000.0,12.0,15999.0,13999.0,4.3,"Honor 9X (Sapphire Blue, 128 GB)",12.5
,,mobiles,2000.0,13.0,14999.0,12999.0,4.3,"Mi A3 (Kind of Grey, 64 GB)",13.33
,,mobiles,37501.0,60.0,62500.0,24999.0,4.4,"Samsung Galaxy S9 (Midnight Black, 64 GB)",60.0
,,mobiles,2000.0,15.0,12999.0,10999.0,4.5,"Infinix S5 Pro (Forest Green, 64 GB)",15.39
,,mobiles,2000.0,20.0,9999.0,7999.0,4.1,"Moto E6s (Caribbean Blue, 64 GB)",20.0
,,mobiles,2000.0,14.0,13999.0,11999.0,4.4,"Redmi Note 7S (Sapphire Blue, 64 GB)",14.29
,,mobiles,1000.0,12.0,7999.0,6999.0,4.4,"Redmi 8A (Ocean Blue, 32 GB)",12.5
,,mobiles,0.0,0.0,8999.0,8999.0,4.4,"Realme C3 (Blazing Red, 64 GB)",0.0
,,mobiles,6000.0,35.0,16999.0,10999.0,4.3,"Honor 20i (Phantom Red, 128 GB)",35.3
,,mobiles,0.0,0.0,599.0,599.0,3.5,Forme N1,0.0
,,mobiles,0.0,0.0,47800.0,47800.0,4.7,"Apple iPhone SE (Red, 128 GB)",0.0
,,mobiles,5500.0,39.0,13999.0,8499.0,4.3,"Honor 9 Lite (Sapphire Blue, 32 GB)",39.29
,,mobiles,5500.0,39.0,13999.0,8499.0,4.3,"Honor 9 Lite (Midnight Black, 32 GB)",39.29
,,mobiles,5500.0,39.0,13999.0,8499.0,4.3,"Honor 9 Lite (Glacier Grey, 32 GB)",39.29
,,mobiles,4600.0,21.0,20999.0,16399.0,4.2,"Nokia 7.2 (Ice, 64 GB)",21.91
,,mobiles,2000.0,20.0,9999.0,7999.0,4.1,"Moto E6s (Rich Cranberry, 64 GB)",20.0
,,mobiles,1500.0,25.0,5999.0,4499.0,4.3,"Redmi Go (Black, 8 GB)",25.0
,,mobiles,0.0,0.0,20999.0,20999.0,4.5,"Realme X2 (Pearl Blue, 128 GB)",0.0
,,mobiles,2000.0,14.0,13990.0,11990.0,4.4,"Vivo U10 (Electric Blue, 64 GB)",14.3
,,mobiles,0.0,0.0,20999.0,20999.0,4.5,"Realme X (Garlic, 128 GB)",0.0
,,mobiles,6000.0,33.0,17999.0,11999.0,4.5,"Redmi Note 6 Pro (Black, 64 GB)",33.34
,,mobiles,1000.0,10.0,9999.0,8999.0,,"Motorola G8 Power Lite (Royal Blue, 64 GB)",10.0
,,mobiles,5000.0,31.0,15999.0,10999.0,4.5,"Redmi Note 7 Pro (Neptune Blue, 64 GB)",31.25
,,mobiles,1500.0,12.0,11990.0,10490.0,4.4,"Vivo U10 (Thunder Black, 64 GB)",12.51
,,mobiles,1000.0,7.0,12999.0,11999.0,4.4,"Realme 5s (Crystal Purple, 128 GB)",7.69
,,mobiles,0.0,0.0,17999.0,17999.0,4.5,"Realme XT (Pearl Blue, 64 GB)",0.0
,,mobiles,26.0,2.0,875.0,849.0,4.1,Itel It2171,2.97
,,mobiles,189.0,18.0,999.0,810.0,4.1,Itel It2171,18.92
,,mobiles,0.0,0.0,12999.0,12999.0,4.4,"Redmi Note 9 Pro (Aurora Blue, 64 GB)",0.0
,,mobiles,1000.0,6.0,15999.0,14999.0,4.7,"Redmi Note 9 Pro (Aurora Blue, 128 GB)",6.25
,,mobiles,26901.0,29.0,89900.0,62999.0,4.7,"Apple iPhone XS (Space Grey, 64 GB)",29.92
,,mobiles,0.0,0.0,17999.0,17999.0,4.5,"Realme X2 (Pearl Green, 64 GB)",0.0
,,mobiles,0.0,0.0,19999.0,19999.0,4.5,"Realme X2 (Pearl Green, 128 GB)",0.0
,,mobiles,26901.0,29.0,89900.0,62999.0,4.7,"Apple iPhone XS (Gold, 64 GB)",29.92
,,mobiles,32.0,3.0,822.0,790.0,4.0,Itel IT 2163,3.89
,,mobiles,154.0,12.0,1199.0,1045.0,4.0,Kechaoda K-55 Plus,12.84
,,mobiles,420.0,22.0,1899.0,1479.0,4.1,Lava Spark i8,22.12
,,mobiles,46.0,1.0,2340.0,2294.0,4.3,Samsung Metro 313 Dual Sim,1.97
,,mobiles,1000.0,5.0,19999.0,18999.0,4.5,"Redmi Note 8 Pro (Halo White, 128 GB)",5.0
,,mobiles,0.0,0.0,68300.0,68300.0,4.7,"Apple iPhone 11 (Purple, 64 GB)",0.0
,,mobiles,2441.0,34.0,6990.0,4549.0,3.8,"Coolpad Cool 3 (Midnight Blue, 16 GB)",34.92
,,mobiles,0.0,0.0,73600.0,73600.0,4.7,"Apple iPhone 11 (White, 128 GB)",0.0
,,mobiles,100.0,8.0,1249.0,1149.0,4.3,Nokia 105 SS,8.01
,,mobiles,130.0,10.0,1249.0,1119.0,4.3,Nokia 105 SS,10.41
,,mobiles,0.0,0.0,20999.0,20999.0,4.5,"Realme X2 (Pearl White, 128 GB)",0.0
,,mobiles,0.0,0.0,20999.0,20999.0,4.5,"Realme X2 (Pearl Green, 128 GB)",0.0
,,mobiles,0.0,0.0,17999.0,17999.0,4.5,"Realme X2 (Pearl White, 64 GB)",0.0
,,mobiles,583.0,30.0,1899.0,1316.0,4.2,Lava A7,30.7
,,mobiles,0.0,0.0,68300.0,68300.0,4.7,"Apple iPhone 11 (White, 64 GB)",0.0
,,mobiles,901.0,2.0,37900.0,36999.0,4.5,"Apple iPhone 7 Plus (Gold, 32 GB)",2.38
,,mobiles,230.0,13.0,1729.0,1499.0,4.3,Lava 34 Plus,13.3
,,mobiles,969.0,48.0,1999.0,1030.0,3.9,Snexian Rock,48.47
,,mobiles,2500.0,14.0,17499.0,14999.0,4.3,"Mi A3 (Not just Blue, 128 GB)",14.29
,,mobiles,200.0,20.0,990.0,790.0,3.9,Karbonn K9 Mini,20.2
,,mobiles,6000.0,25.0,23990.0,17990.0,4.4,"OPPO F11 (Jewelry White, 128 GB)",25.01
,,mobiles,0.0,0.0,17999.0,17999.0,4.5,"Realme XT (Pearl White, 64 GB)",0.0
,,mobiles,0.0,0.0,19999.0,19999.0,4.5,"Realme XT (Pearl Blue, 128 GB)",0.0
,,mobiles,0.0,0.0,19999.0,19999.0,4.5,"Realme XT (Pearl White, 128 GB)",0.0
,,mobiles,0.0,0.0,73600.0,73600.0,4.7,"Apple iPhone 11 (Purple, 128 GB)",0.0
,,mobiles,0.0,0.0,949.0,949.0,4.1,Kechaoda K33,0.0
,,mobiles,1500.0,15.0,9999.0,8499.0,4.4,"Realme C1 (Navy Blue, 32 GB)",15.0
,,mobiles,1000.0,5.0,17999.0,16999.0,4.5,"POCO X2 (Matrix Purple, 64 GB)",5.56
,,mobiles,39001.0,55.0,70000.0,30999.0,4.5,"Samsung Galaxy S9 Plus (Midnight Black, 64 GB)",55.72
,,mobiles,0.0,0.0,1198.0,1198.0,4.0,Micromax X741,0.0
,,mobiles,0.0,0.0,1398.0,1398.0,4.1,Itel Muzik 400,0.0
,,mobiles,6800.0,35.0,18999.0,12199.0,4.4,"Honor 10 Lite (Sky Blue, 64 GB)",35.79
,,mobiles,10.0,0.0,1569.0,1559.0,4.1,Lava Spark i8,0.64
,,mobiles,2500.0,16.0,14990.0,12490.0,4.4,"OPPO A5 2020 (Dazzling White, 64 GB)",16.68
,,mobiles,0.0,0.0,699.0,699.0,3.7,Kara Elight,0.0
,,mobiles,0.0,0.0,20999.0,20999.0,4.5,"POCO X2 (Atlantis Blue, 256 GB)",0.0
,,mobiles,0.0,0.0,1149.0,1149.0,3.9,Karbonn K9 SPY,0.0
,,mobiles,2000.0,20.0,9999.0,7999.0,4.1,"Moto E6s (Polished Graphite, 64 GB)",20.0
,,mobiles,0.0,0.0,1030.0,1030.0,3.9,Snexian Rock,0.0
,,mobiles,0.0,0.0,1285.0,1285.0,3.9,Snexian Rock,0.0
,,mobiles,3000.0,10.0,27990.0,24990.0,4.5,"Vivo V17 (Glacier ice white, 128 GB)",10.72
,,mobiles,3991.0,19.0,19990.0,15999.0,4.3,"Huawei Y9 Prime 2019 (Sapphire Blue, 128 GB)",19.96
,,mobiles,19.0,1.0,1199.0,1180.0,4.2,Lava A1200,1.58
,,mobiles,3300.0,47.0,6999.0,3699.0,4.1,"Meizu C9 (Gold, 16 GB)",47.15
,,mobiles,0.0,0.0,990.0,990.0,4.1,Kechaoda A27,0.0
,,mobiles,1300.0,52.0,2499.0,1199.0,4.0,Micromax X746,52.02
,,mobiles,8000.0,36.0,21990.0,13990.0,4.4,"OPPO F11 (Fluorite Purple, 128 GB)",36.38
,,mobiles,3000.0,15.0,19990.0,16990.0,4.5,"Vivo S1 (Diamond Black, 128 GB)",15.01
,,mobiles,3000.0,13.0,22990.0,19990.0,4.5,"Vivo S1 (Diamond Black, 128 GB)",13.05
,,mobiles,6330.0,25.0,24900.0,18570.0,4.3,"Samsung Galaxy A50s (Prism Crush Black, 128 GB)",25.42
,,mobiles,150.0,11.0,1349.0,1199.0,4.2,Lava A1200,11.12
,,mobiles,2000.0,16.0,11999.0,9999.0,4.4,"Redmi Note 7S (Sapphire Blue, 32 GB)",16.67
,,mobiles,0.0,0.0,57800.0,57800.0,4.6,"Apple iPhone XR (White, 128 GB)",0.0
,,mobiles,901.0,2.0,39900.0,38999.0,4.5,"Apple iPhone 8 (Silver, 64 GB)",2.26
,,mobiles,15.0,0.0,3980.0,3965.0,4.0,"Micromax iOne (Black, 16 GB)",0.38
,,mobiles,0.0,0.0,1099.0,1099.0,3.8,Micromax X811,0.0
,,mobiles,200.0,2.0,7499.0,7299.0,4.3,"Tecno Spark Go Plus (Vacation Blue, 32 GB)",2.67
,,mobiles,0.0,0.0,999.0,999.0,4.2,Intex Turbo 108+,0.0
,,mobiles,0.0,0.0,3799.0,3799.0,4.0,"Karbonn Vue 1 (Champagne, 8 GB)",0.0
,,mobiles,3000.0,15.0,18990.0,15990.0,4.4,"OPPO A9 2020 (Marine Green, 128 GB)",15.8
,,mobiles,8500.0,50.0,16999.0,8499.0,4.3,"Honor 9 Lite (Midnight Black, 64 GB)",50.0
,,mobiles,2900.0,40.0,7199.0,4299.0,4.1,"XOLO Era 4x (Black, 16 GB)",40.28
,,mobiles,11891.0,36.0,32990.0,21099.0,4.5,"Vivo V15 Pro (Topaz Blue, 128 GB)",36.04
,,mobiles,305.0,20.0,1499.0,1194.0,3.8,Micromax X740,20.35
,,mobiles,0.0,0.0,1075.0,1075.0,4.0,Kechaoda K28,0.0
,,mobiles,0.0,0.0,29999.0,29999.0,4.5,"Realme X2 Pro (Neptune Blue, 64 GB)",0.0
,,mobiles,21.0,1.0,1410.0,1389.0,4.3,Samsung Guru 1200,1.49
,,mobiles,0.0,0.0,36480.0,36480.0,4.6,"OnePlus 7 (Red, 256 GB)",0.0
,,mobiles,0.0,0.0,1170.0,1170.0,3.9,Micromax X809,0.0
,,mobiles,1000.0,4.0,22999.0,21999.0,4.5,"Redmi K20 (Carbon Black, 64 GB)",4.35
,,mobiles,450.0,33.0,1349.0,899.0,4.1,Kechaoda K115,33.36
,,mobiles,4000.0,23.0,16999.0,12999.0,4.5,"Redmi Note 7 Pro (Neptune Blue, 64 GB)",23.53
,,mobiles,51.0,2.0,1950.0,1899.0,4.1,Samsung Guru Music 2 SM-B310E,2.62
,,mobiles,0.0,0.0,599.0,599.0,3.5,Hicell C1 Nova,0.0
,,mobiles,0.0,0.0,20999.0,20999.0,4.5,"Realme X (Space Blue, 128 GB)",0.0
,,mobiles,0.0,0.0,17999.0,17999.0,4.5,"Realme X (Space Blue, 128 GB)",0.0
,,mobiles,500.0,4.0,10999.0,10499.0,4.4,"Realme 3i (Diamond Black, 64 GB)",4.55
,,mobiles,500.0,5.0,8999.0,8499.0,4.4,"Realme 3i (Diamond Blue, 32 GB)",5.56
,,mobiles,1550.0,11.0,12999.0,11449.0,4.4,"Redmi Note 8 (Cosmic Purple, 64 GB)",11.92
,,mobiles,1000.0,7.0,12999.0,11999.0,4.4,"Realme 5s (Crystal Red, 128 GB)",7.69
,,mobiles,5500.0,42.0,12999.0,7499.0,4.3,"Asus ZenFone Max M2 (Blue, 32 GB)",42.31
,,mobiles,5000.0,31.0,15999.0,10999.0,4.5,"Redmi Note 7 Pro (Space Black, 64 GB)",31.25
,,mobiles,1020.0,51.0,1999.0,979.0,,Muphone M20,51.03
,,mobiles,8000.0,34.0,22999.0,14999.0,4.1,"Motorola One Vision (Sapphire Gradient, 128 GB)",34.78
,,mobiles,0.0,0.0,1345.0,1345.0,4.7,Itel it5260,0.0
,,mobiles,2000.0,6.0,28999.0,26999.0,4.5,"Redmi K20 Pro (Flame Red, 128 GB)",6.9
,,mobiles,351.0,9.0,3750.0,3399.0,4.1,Easyfone Royale,9.36
,,mobiles,0.0,0.0,720.0,720.0,3.8,Tambo A1800,0.0
,,mobiles,5500.0,18.0,28990.0,23490.0,4.5,"OPPO Reno2 F (Lake Green, 128 GB)",18.97
,,mobiles,2000.0,16.0,11999.0,9999.0,4.4,"Redmi Note 7S (Onyx Black, 32 GB)",16.67
,,mobiles,6000.0,35.0,16999.0,10999.0,4.2,"Motorola One Action (Denim Blue, 128 GB)",35.3
,,mobiles,0.0,0.0,2156.0,2156.0,4.2,Nokia 150/150 DS,0.0
,,mobiles,0.0,0.0,799.0,799.0,3.9,Karbonn K140 Pop,0.0
,,mobiles,110.0,12.0,899.0,789.0,3.9,Karbonn K140 Pop,12.24
,,mobiles,0.0,0.0,15999.0,15999.0,4.2,"Moto G6 (Indigo Black, 64 GB)",0.0
,,mobiles,0.0,0.0,799.0,799.0,3.9,Karbonn KX3,0.0
,,mobiles,0.0,0.0,1379.0,1379.0,3.9,Karbonn K-Pebble,0.0
,,mobiles,10.0,0.0,1468.0,1458.0,3.9,Itel Magic 1 Max,0.68
,,mobiles,100.0,7.0,1299.0,1199.0,3.6,I Kall K2180 Pack of Two Mobile,7.7
,,mobiles,2401.0,30.0,7900.0,5499.0,4.1,"Gionee F9 (Blue, 32 GB)",30.39
,,mobiles,0.0,0.0,989.0,989.0,4.1,Itel It 2190,0.0
,,mobiles,0.0,0.0,11499.0,11499.0,4.3,"Tecno Camon 15 (SHOAL GOLD, 64 GB)",0.0
,,mobiles,3500.0,35.0,9999.0,6499.0,4.1,"Lenovo K9 (Black, 32 GB)",35.0
,,mobiles,5500.0,42.0,12999.0,7499.0,4.3,"Asus ZenFone Max M2 (Black, 32 GB)",42.31
,,mobiles,0.0,0.0,15990.0,15990.0,4.4,"Samsung Galaxy M30 (Gradation Black, 64 GB)",0.0
,,mobiles,0.0,0.0,649.0,649.0,3.7,I Kall K2180,0.0
,,mobiles,5500.0,42.0,12999.0,7499.0,4.3,"Asus ZenFone Max M2 (Silver, 32 GB)",42.31
,,mobiles,1500.0,18.0,7999.0,6499.0,4.2,"Tecno Spark 4 Air (Polar Blue, 32 GB)",18.75
,,mobiles,0.0,0.0,7150.0,7150.0,4.2,"Tecno Spark 4 Air (Nebula Black, 32 GB)",0.0
,,mobiles,0.0,0.0,1425.0,1425.0,4.1,Micromax X807,0.0
,,mobiles,61.0,7.0,799.0,738.0,3.9,Micromax X412,7.63
,,mobiles,2000.0,6.0,28999.0,26999.0,4.5,"Redmi K20 Pro (Glacier Blue, 128 GB)",6.9
,,mobiles,3400.0,30.0,10999.0,7599.0,4.2,"Infinix Note 5 (Milan Black, 32 GB)",30.91
,,mobiles,0.0,0.0,1099.0,1099.0,3.3,BlackBear D101 Handy,0.0
,,mobiles,4500.0,37.0,11999.0,7499.0,4.1,"Lenovo K9 Note (Black, 64 GB)",37.5
,,mobiles,0.0,0.0,649.0,649.0,3.6,Gfive Classic,0.0
,,mobiles,5000.0,37.0,13499.0,8499.0,4.4,"Redmi Y2 (Black, 64 GB)",37.04
,,mobiles,500.0,5.0,8999.0,8499.0,4.4,"Realme 3i (Diamond Red, 32 GB)",5.56
,,mobiles,0.0,0.0,809.0,809.0,3.9,Karbonn K2 Boom Box,0.0
,,mobiles,0.0,0.0,925.0,925.0,4.1,Micromax X421,0.0
,,mobiles,100.0,1.0,7499.0,7399.0,4.3,"Redmi 8A Dual (Sea Blue, 32 GB)",1.33
,,mobiles,500.0,6.0,7999.0,7499.0,4.3,"Redmi 8A Dual (Midnight Grey, 32 GB)",6.25
,,mobiles,2000.0,11.0,17999.0,15999.0,4.5,"Realme 3 Pro (Nitro Blue, 64 GB)",11.11
,,mobiles,2000.0,12.0,15999.0,13999.0,4.5,"Realme 3 Pro (Carbon Grey, 64 GB)",12.5
,,mobiles,3000.0,15.0,19999.0,16999.0,4.5,"Realme 3 Pro (Carbon Grey, 128 GB)",15.0
,,mobiles,0.0,0.0,1199.0,1199.0,3.4,I Kall K20 New Combo of Two Mobiles,0.0
,,mobiles,3300.0,20.0,15990.0,12690.0,4.3,"OPPO A5 (Diamond Red, 32 GB)",20.64
,,mobiles,0.0,0.0,1185.0,1185.0,4.0,InFocus F229,0.0
,,mobiles,0.0,0.0,16999.0,16999.0,4.5,"Redmi Note 8 Pro (Gamma Green, 64 GB)",0.0
,,mobiles,2500.0,23.0,10499.0,7999.0,4.5,"Redmi Y2 (Blue, 32 GB)",23.81
,,mobiles,3600.0,37.0,9599.0,5999.0,4.1,"Asus ZenFone Max M1 (Black, 32 GB)",37.5
,,mobiles,1000.0,2.0,43999.0,42999.0,4.5,"Samsung Galaxy S10 Lite (Prism Black, 128 GB)",2.27
,,mobiles,0.0,0.0,1229.0,1229.0,3.8,Karbonn K451 Power,0.0
,,mobiles,5000.0,37.0,13499.0,8499.0,4.4,"Redmi Y2 (Rose Gold, 64 GB)",37.04
,,mobiles,248.0,22.0,1125.0,877.0,4.1,Itel It 2190,22.04
,,mobiles,2001.0,16.0,11999.0,9998.0,4.4,"Redmi Note 8 (Space Black, 64 GB)",16.68
,,mobiles,3001.0,15.0,18900.0,15899.0,4.3,"Samsung Galaxy A30s (Prism Crush White, 64 GB)",15.88
,,mobiles,0.0,0.0,950.0,950.0,4.1,Kechaoda K33,0.0
,,mobiles,0.0,0.0,73600.0,73600.0,4.7,"Apple iPhone 11 (Red, 128 GB)",0.0
,,mobiles,1000.0,2.0,43999.0,42999.0,4.5,"Samsung Galaxy S10 Lite (Prism Blue, 128 GB)",2.27
,,mobiles,150.0,10.0,1499.0,1349.0,4.2,Nokia 105,10.01
,,mobiles,0.0,0.0,1279.0,1279.0,3.8,Karbonn K99 Pro,0.0
,,mobiles,54.0,4.0,1349.0,1295.0,4.2,Nokia 105,4.0
,,mobiles,0.0,0.0,2299.0,2299.0,4.1,JIVI N3720 Power,0.0
,,mobiles,14000.0,38.0,35999.0,21999.0,4.4,"Honor 20 (Midnight Black, 128 GB)",38.89
,,mobiles,2000.0,5.0,34999.0,32999.0,4.5,"Samsung Galaxy A71 (Prism Crush Silver, 128 GB)",5.71
,,mobiles,0.0,0.0,999.0,999.0,3.4,Gfive Alpha,0.0
,,mobiles,13000.0,41.0,30999.0,17999.0,4.5,"POCO F1 (Armoured Edition, 256 GB)",41.94
,,mobiles,0.0,0.0,1299.0,1299.0,4.1,Itel Power 400,0.0
,,mobiles,4100.0,37.0,10999.0,6899.0,4.0,"Yu Yureka Black (Chrome Black, 32 GB)",37.28
,,mobiles,0.0,0.0,1240.0,1240.0,3.9,Kechaoda K112,0.0
,,mobiles,6500.0,36.0,17999.0,11499.0,4.3,"Asus Zenfone Max Pro M1 (Black, 64 GB)",36.11
,,mobiles,0.0,0.0,3998.0,3998.0,3.8,"Micromax Bharat 4 (Blue, 8 GB)",0.0
,,mobiles,4191.0,22.0,18990.0,14799.0,4.4,"Vivo Y17 (Mineral Blue, 128 GB)",22.07
,,mobiles,0.0,0.0,31999.0,31999.0,4.6,"Realme X2 Pro (Neptune Blue, 128 GB)",0.0
,,mobiles,0.0,0.0,29999.0,29999.0,4.5,"Realme X2 Pro (Lunar White, 64 GB)",0.0
,,mobiles,0.0,0.0,35999.0,35999.0,4.6,"Realme X2 Pro (Neptune Blue, 256 GB)",0.0
,,mobiles,4000.0,21.0,18990.0,14990.0,4.4,"OPPO K1 (Piano Black, 64 GB)",21.06
,,mobiles,4000.0,21.0,18990.0,14990.0,4.4,"OPPO K1 (Astral Blue, 64 GB)",21.06
,,mobiles,3391.0,24.0,13990.0,10599.0,4.3,"OPPO A3s (Purple, 64 GB)",24.24
,,mobiles,0.0,0.0,895.0,895.0,4.1,Kechaoda K115,0.0
,,mobiles,0.0,0.0,599.0,599.0,3.6,Hicell C5,0.0
,,mobiles,0.0,0.0,36999.0,36999.0,4.6,"Realme X2 Pro (Concrete, 256 GB)",0.0
,,mobiles,1000.0,5.0,19999.0,18999.0,4.5,"Redmi Note 8 Pro (Electric Blue, 128 GB)",5.0
,,mobiles,5500.0,47.0,11499.0,5999.0,4.0,"Gionee A1 Lite (Gold, 32 GB)",47.83
,,mobiles,22600.0,75.0,29999.0,7399.0,2.7,"Yu Yutopia (Graphite Grey, 32 GB)",75.34
,,mobiles,6.0,0.0,799.0,793.0,4.0,Itel It 2163,0.75
,,mobiles,5.0,0.0,799.0,794.0,4.0,Itel IT 2163,0.63
,,mobiles,0.0,0.0,21999.0,21999.0,4.5,"Realme X (Super Polar White, 128 GB)",0.0
,,mobiles,1000.0,2.0,43999.0,42999.0,4.5,"Samsung Galaxy S10 Lite (Prism White, 128 GB)",2.27
,,mobiles,0.0,0.0,999.0,999.0,3.9,Karbonn K24+,0.0
,,mobiles,0.0,0.0,58300.0,58300.0,4.7,"Apple iPhone SE (Black, 256 GB)",0.0
,,mobiles,2000.0,12.0,15999.0,13999.0,4.3,"Moto G8 Plus (Crystal Pink, 64 GB)",12.5
,,mobiles,1500.0,13.0,10999.0,9499.0,,"Infinix Hot 9 Pro (Violet, 64 GB)",13.64
,,mobiles,4000.0,23.0,16999.0,12999.0,4.5,"Redmi Note 7 Pro (Astro Moonlight White, 64 GB)",23.53
,,mobiles,14000.0,38.0,35999.0,21999.0,4.4,"Honor 20 (Sapphire Blue, 128 GB)",38.89
,,mobiles,991.0,12.0,7990.0,6999.0,4.2,"Gionee F10 (Blue, 32 GB)",12.4
,,mobiles,600.0,54.0,1099.0,499.0,3.7,Jmax M43,54.6
,,mobiles,0.0,0.0,699.0,699.0,3.7,Blackbear B5 Bucket,0.0
,,mobiles,0.0,0.0,970.0,970.0,4.1,Kechaoda A26,0.0
,,mobiles,677.0,45.0,1499.0,822.0,4.1,Kechaoda A26,45.16
,,mobiles,2401.0,30.0,7900.0,5499.0,4.1,"Gionee F9 (Black, 32 GB)",30.39
,,mobiles,0.0,0.0,970.0,970.0,4.1,Kechaoda A27,0.0
,,mobiles,2000.0,6.0,31999.0,29999.0,4.5,"Redmi K20 Pro (Flame Red, 256 GB)",6.25
,,mobiles,4480.0,52.0,8479.0,3999.0,4.0,"Gionee F205 (Black and Gold, 16 GB)",52.84
,,mobiles,1299.0,50.0,2598.0,1299.0,4.4,I Kall K112 Pack of two Mobile,50.0
,,mobiles,2000.0,6.0,28999.0,26999.0,4.5,"Redmi K20 Pro (Carbon Black, 128 GB)",6.9
,,mobiles,0.0,0.0,1069.0,1069.0,3.8,Karbonn K24 Plus Pro,0.0
,,mobiles,3600.0,26.0,13699.0,10099.0,4.1,"Nokia 4.2 (Black, 32 GB)",26.28
,,mobiles,1000.0,5.0,19999.0,18999.0,4.5,"Redmi Note 8 Pro (Gamma Green, 128 GB)",5.0
,,mobiles,0.0,0.0,1199.0,1199.0,3.9,Karbonn KX24,0.0
,,mobiles,500.0,7.0,6999.0,6499.0,4.4,"Realme C2 (Diamond Blue, 16 GB)",7.14
,,mobiles,0.0,0.0,73600.0,73600.0,4.7,"Apple iPhone 11 (Green, 128 GB)",0.0
,,mobiles,0.0,0.0,52500.0,52500.0,4.6,"Apple iPhone XR (Blue, 64 GB)",0.0
,,mobiles,0.0,0.0,1050.0,1050.0,4.0,Micromax X516,0.0
,,mobiles,1500.0,15.0,9999.0,8499.0,4.4,"Realme C1 (Mirror Black, 32 GB)",15.0
,,mobiles,0.0,0.0,799.0,799.0,3.9,Karbonn KX1,0.0
,,mobiles,3500.0,26.0,12999.0,9499.0,4.4,"Realme 3 (Diamond Red, 64 GB)",26.93
,,mobiles,2500.0,22.0,10999.0,8499.0,4.4,"Realme 3 (Radiant Blue, 32 GB)",22.73
,,mobiles,2500.0,20.0,11999.0,9499.0,4.4,"Realme 3 (Radiant Blue, 64 GB)",20.84
,,mobiles,2500.0,19.0,12999.0,10499.0,4.4,"Realme 3 (Dynamic Black, 64 GB)",19.23
,,mobiles,2500.0,20.0,11999.0,9499.0,4.4,"Realme 3 (Dynamic Black, 64 GB)",20.84
,,mobiles,2500.0,22.0,10999.0,8499.0,4.4,"Realme 3 (Dynamic Black, 32 GB)",22.73
,,mobiles,7100.0,45.0,15599.0,8499.0,4.3,"Asus Zenfone Max Pro M1 (Blue, 64 GB)",45.52
,,mobiles,266.0,21.0,1249.0,983.0,4.1,Itel it5607,21.3
,,mobiles,0.0,0.0,1365.0,1365.0,4.0,Micromax X741,0.0
,,mobiles,2000.0,6.0,28999.0,26999.0,4.5,"Redmi K20 Pro (Pearl White, 128 GB)",6.9
,,mobiles,600.0,54.0,1099.0,499.0,3.7,Jmax M40,54.6
,,mobiles,0.0,0.0,1299.0,1299.0,3.8,Karbonn K885 Metal,0.0
,,mobiles,3000.0,37.0,7999.0,4999.0,4.1,"Yu Ace (Charcoal Grey, 16 GB)",37.5
,,mobiles,991.0,12.0,7990.0,6999.0,4.2,"Gionee F10 (Black, 32 GB)",12.4
,,mobiles,0.0,0.0,939.0,939.0,3.8,Lava Captain K1 Plus,0.0
,,mobiles,5500.0,39.0,13999.0,8499.0,4.4,"Honor 10 Lite (Midnight Black, 32 GB)",39.29
,,mobiles,5400.0,31.0,16999.0,11599.0,4.4,"Honor 10 Lite (Sapphire Blue, 64 GB)",31.77
,,mobiles,6800.0,35.0,18999.0,12199.0,4.4,"Honor 10 Lite (Sapphire Blue, 64 GB)",35.79
,,mobiles,2991.0,45.0,6590.0,3599.0,3.4,"Karbonn Aura Power 4G+ (Champagne, 16 GB)",45.39
,,mobiles,2401.0,30.0,7900.0,5499.0,4.1,"Gionee F9 (Champagne, 32 GB)",30.39
,,mobiles,601.0,5.0,11000.0,10399.0,4.4,"Samsung Galaxy M30 (Blue, 32 GB)",5.46
,,mobiles,44.0,7.0,599.0,555.0,3.5,Gfive U220+,7.35
,,mobiles,4000.0,10.0,39999.0,35999.0,4.3,"Nubia Redmagic 3S (Mecha Silver, 128 GB)",10.0
,,mobiles,0.0,0.0,899.0,899.0,3.8,Karbonn K19 Rock,0.0
,,mobiles,0.0,0.0,649.0,649.0,3.3,I Kall K51,0.0
,,mobiles,0.0,0.0,5749.0,5749.0,4.0,"Micromax Vdeo 3 (Champagne, 8 GB)",0.0
,,mobiles,401.0,1.0,29900.0,29499.0,4.5,"Apple iPhone 7 (Rose Gold, 32 GB)",1.34
,,mobiles,2500.0,27.0,8999.0,6499.0,4.1,"Honor 7S (Black, 16 GB)",27.78
,,mobiles,0.0,0.0,9999.0,9999.0,4.2,"Infinix Hot 7 (Mocha Brown, 64 GB)",0.0
,,mobiles,400.0,28.0,1399.0,999.0,3.9,Jivi Banana 6,28.59
,,mobiles,3600.0,39.0,9099.0,5499.0,4.0,"Nokia 2.2 (Black, 16 GB)",39.56
,,mobiles,4601.0,15.0,29900.0,25299.0,4.5,"Apple iPhone 6s (Silver, 32 GB)",15.39
,,mobiles,0.0,0.0,5749.0,5749.0,4.0,"Micromax Vdeo 3 (Grey, 8 GB)",0.0
,,mobiles,0.0,0.0,20999.0,20999.0,4.5,"Realme X (Polar White, 128 GB)",0.0
,,mobiles,0.0,0.0,16990.0,16990.0,4.4,"Redmi Note 9 Pro (Interstellar Black, 64 GB)",0.0
,,mobiles,2000.0,6.0,31999.0,29999.0,4.5,"Redmi K20 Pro (Pearl White, 256 GB)",6.25
,,mobiles,600.0,30.0,1999.0,1399.0,4.1,Lava Spark i8,30.02
,,mobiles,1000.0,33.0,2999.0,1999.0,4.0,I Kall K 60,33.34
,,mobiles,558.0,33.0,1645.0,1087.0,3.9,Karbonn K-Stylo,33.92
,,mobiles,200.0,20.0,999.0,799.0,4.0,Blackbear B5 Nex,20.02
,,mobiles,0.0,0.0,57800.0,57800.0,4.6,"Apple iPhone XR ((PRODUCT)RED, 128 GB)",0.0
,,mobiles,901.0,2.0,37900.0,36999.0,4.5,"Apple iPhone 7 Plus (Silver, 32 GB)",2.38
,,mobiles,1000.0,3.0,32990.0,31990.0,4.5,"OPPO Reno3 Pro (Sky White, 128 GB)",3.03
,,mobiles,1000.0,3.0,32990.0,31990.0,4.5,"OPPO Reno3 Pro (Auroral Blue, 128 GB)",3.03
,,mobiles,2500.0,19.0,12999.0,10499.0,4.4,"Realme 3 (Radiant Blue, 64 GB)",19.23
,,mobiles,0.0,0.0,675.0,675.0,3.6,Gfive Leo,0.0
,,mobiles,0.0,0.0,36999.0,36999.0,4.6,"Realme X2 Pro (Red Brick, 256 GB)",0.0
,,mobiles,3001.0,15.0,18900.0,15899.0,4.3,"Samsung Galaxy A30s (Prism Crush Black, 64 GB)",15.88
,,mobiles,0.0,0.0,599.0,599.0,3.2,BlackZone Eluga,0.0
,,mobiles,0.0,0.0,1075.0,1075.0,4.0,Kechaoda K9,0.0
,,mobiles,100.0,2.0,4990.0,4890.0,3.2,"Ismart Extreme (Sea Blue, 32 GB)",2.0
,,mobiles,0.0,0.0,659.0,659.0,3.7,I Kall K44 new mobile,0.0
,,mobiles,0.0,0.0,1170.0,1170.0,4.2,Micromax X749,0.0
,,mobiles,2000.0,4.0,46990.0,44990.0,4.4,"iQOO 3 (5G) (Tornado Black, 256 GB)",4.26
,,mobiles,245.0,16.0,1490.0,1245.0,3.9,Karbonn KX23,16.44
,,mobiles,0.0,0.0,9849.0,9849.0,4.2,"Gionee M7 Power (Gold, 64 GB)",0.0
,,mobiles,8980.0,49.0,17979.0,8999.0,4.2,"Nokia 6.1 (Iron, White, 32 GB)",49.95
,,mobiles,3500.0,15.0,21990.0,18490.0,4.3,"OPPO A9 2020 (Marine Green, 128 GB)",15.92
,,mobiles,3500.0,15.0,21990.0,18490.0,4.3,"OPPO A9 2020 (Space Purple, 128 GB)",15.92
,,mobiles,0.0,0.0,1110.0,1110.0,3.9,Fox Sultan,0.0
,,mobiles,2500.0,17.0,13990.0,11490.0,4.5,"Realme 2 Pro (Blue Ocean, 64 GB)",17.87
,,mobiles,2000.0,12.0,15990.0,13990.0,4.5,"Realme 2 Pro (Ice Lake, 64 GB)",12.51
,,mobiles,4500.0,28.0,15990.0,11490.0,4.5,"Realme 2 Pro (Blue Ocean, 64 GB)",28.14
,,mobiles,4400.0,46.0,9499.0,5099.0,3.6,"Micromax Evok Note (Champagne, 32 GB)",46.32
,,mobiles,0.0,0.0,1149.0,1149.0,4.0,InFocus Hero Power B1,0.0
,,mobiles,2.0,0.0,834.0,832.0,,Karbonn K334,0.24
,,mobiles,0.0,0.0,908.0,908.0,3.6,Fox Champ FX240,0.0
,,mobiles,0.0,0.0,599.0,599.0,3.4,BlackZone Genius,0.0
,,mobiles,0.0,0.0,739.0,739.0,3.9,Karbonn K17 Rock,0.0
,,mobiles,0.0,0.0,599.0,599.0,3.1,Megus Eco,0.0
,,mobiles,0.0,0.0,1235.0,1235.0,3.9,Kechaoda K112,0.0
,,mobiles,9500.0,55.0,16990.0,7490.0,4.3,"OPPO A83 (2018 Edition) (Champagne, 64 GB)",55.92
,,mobiles,0.0,0.0,2999.0,2999.0,3.5,"Lava A68 (Gold, 8 GB)",0.0
,,mobiles,0.0,0.0,949.0,949.0,4.1,Kechaoda K66 Plus,0.0
,,mobiles,0.0,0.0,16999.0,16999.0,3.9,"Moto M (Silver, 64 GB)",0.0
,,mobiles,0.0,0.0,14999.0,14999.0,3.9,"Moto M (Gold, 32 GB)",0.0
,,mobiles,0.0,0.0,14999.0,14999.0,3.9,"Moto M (Grey, 32 GB)",0.0
,,mobiles,0.0,0.0,52500.0,52500.0,4.6,"Apple iPhone XR (Black, 64 GB)",0.0
,,mobiles,0.0,0.0,659.0,659.0,3.3,I Kall K24,0.0
,,mobiles,2000.0,5.0,34999.0,32999.0,4.5,"Samsung Galaxy A71 (Prism Crush Black, 128 GB)",5.71
,,mobiles,901.0,2.0,39900.0,38999.0,4.5,"Apple iPhone 8 (Space Grey, 64 GB)",2.26
,,mobiles,0.0,0.0,1289.0,1289.0,3.9,Zen M72 Max,0.0
,,mobiles,365.0,33.0,1090.0,725.0,3.8,Karbonn KX2,33.49
,,mobiles,0.0,0.0,649.0,649.0,3.6,I Kall K 64,0.0
,,mobiles,0.0,0.0,1262.0,1262.0,3.7,Fox BigDaddy,0.0
,,mobiles,100.0,9.0,1099.0,999.0,3.8,Gfive U707 combo of Two,9.1
,,mobiles,0.0,0.0,959.0,959.0,3.7,Fox Bolt FX241,0.0
,,mobiles,4700.0,47.0,9999.0,5299.0,4.1,"Micromax Canvas Infinity (Black, 32 GB)",47.0
,,mobiles,300.0,20.0,1499.0,1199.0,3.5,I Kall K25 Combo of Two Mobiles,20.01
,,mobiles,0.0,0.0,23990.0,23990.0,4.5,"Vivo V9 (Pearl Black (Golden Line), 64 GB)",0.0
,,mobiles,970.0,48.0,1999.0,1029.0,3.6,Muphone M5800,48.52
,,mobiles,8000.0,21.0,37999.0,29999.0,4.3,"Mi Mix 2 (Black, 128 GB)",21.05
,,mobiles,600.0,12.0,4799.0,4199.0,4.0,"Lava Z41 (Midnight Blue, 16 GB)",12.5
,,mobiles,700.0,35.0,1999.0,1299.0,4.0,I Kall K 38 Plus,35.02
,,mobiles,0.0,0.0,1085.0,1085.0,4.1,Itel It 5605n,0.0
,,mobiles,0.0,0.0,619.0,619.0,3.6,BlackZone Hammar,0.0
,,mobiles,0.0,0.0,579.0,579.0,3.6,Blackzone Hammar,0.0
,,mobiles,0.0,0.0,849.0,849.0,,Ssky Stone,0.0
,,mobiles,0.0,0.0,899.0,899.0,3.9,Winstar L6,0.0
,,mobiles,0.0,0.0,999.0,999.0,3.9,"Winstar L6 (Blue, 32 MB)",0.0
,,mobiles,0.0,0.0,1320.0,1320.0,3.2,Intex Ultra,0.0
,,mobiles,1900.0,34.0,5499.0,3599.0,3.8,"InFocus A2 (Champagne Gold, 8 GB)",34.55
,,mobiles,750.0,45.0,1649.0,899.0,3.6,Salora Coral,45.48
,,mobiles,7000.0,26.0,25990.0,18990.0,4.5,"OPPO F9 Pro (Twilight Blue, 64 GB)",26.93
,,mobiles,100.0,7.0,1299.0,1199.0,3.6,I Kall K40 New,7.7
,,mobiles,500.0,7.0,6299.0,5799.0,3.5,"Leagoo S8 (Dezzal blue, 32 GB)",7.94
,,mobiles,2500.0,13.0,17990.0,15490.0,4.5,"Realme 2 Pro (Blue Ocean, 128 GB)",13.9
,,mobiles,0.0,0.0,649.0,649.0,3.4,1+1=2 D1,0.0
,,mobiles,0.0,0.0,24000.0,24000.0,4.4,"Samsung GALAXY A50 (White, 64 GB)",0.0
,,mobiles,0.0,0.0,24999.0,24999.0,4.5,"Redmi K20 (Flame Red, 128 GB)",0.0
,,mobiles,0.0,0.0,659.0,659.0,3.6,I Kall K-130,0.0
,,mobiles,0.0,0.0,1180.0,1180.0,4.0,InFocus F229,0.0
,,mobiles,3600.0,27.0,13099.0,9499.0,4.1,"Nokia 3.2 (Black, 32 GB)",27.48
,,mobiles,0.0,0.0,1079.0,1079.0,3.1,Gfive WP86,0.0
,,mobiles,0.0,0.0,949.0,949.0,3.8,Kechaoda A 31,0.0
,,mobiles,6000.0,25.0,23990.0,17990.0,4.4,"OPPO F11 (Marble Green, 128 GB)",25.01
,,mobiles,501.0,16.0,3100.0,2599.0,3.5,Easyfone Amico,16.16
,,mobiles,50.0,8.0,599.0,549.0,3.4,I Kall K31,8.35
,,mobiles,0.0,0.0,749.0,749.0,3.9,JIVI X30,0.0
,,mobiles,0.0,0.0,799.0,799.0,3.5,I Kall K3312,0.0
,,mobiles,0.0,0.0,1325.0,1325.0,3.8,Intex Mega 2400,0.0
,,mobiles,0.0,0.0,1232.0,1232.0,4.0,Zen M72 Slim,0.0
,,mobiles,3420.0,27.0,12399.0,8979.0,4.1,"Nokia 3.2 (Black, 32 GB)",27.58
,,mobiles,0.0,0.0,999.0,999.0,3.6,Winstar W11,0.0
,,mobiles,1099.0,42.0,2598.0,1499.0,3.9,I Kall K 50 Combo of 2,42.3
,,mobiles,2500.0,17.0,13990.0,11490.0,4.5,"Realme 2 Pro (Black Sea, 64 GB)",17.87
,,mobiles,0.0,0.0,1225.0,1225.0,3.8,Zen Z15,0.0
,,mobiles,0.0,0.0,1249.0,1249.0,3.8,Zen Z15,0.0
,,mobiles,0.0,0.0,1096.0,1096.0,3.8,Zen X50,0.0
,,mobiles,0.0,0.0,899.0,899.0,3.7,Reach Cogent Mini,0.0
,,mobiles,0.0,0.0,1299.0,1299.0,3.6,GreenBerry W1,0.0
,,mobiles,0.0,0.0,949.0,949.0,3.9,Jivi X93 Grand,0.0
,,mobiles,90.0,8.0,1019.0,929.0,4.0,Zen Power 102,8.83
,,mobiles,0.0,0.0,979.0,979.0,4.0,Zen Power 102,0.0
,,mobiles,0.0,0.0,52500.0,52500.0,4.6,"Apple iPhone XR (Coral, 64 GB)",0.0
,,mobiles,0.0,0.0,699.0,699.0,3.7,Kara K16,0.0
,,mobiles,1109.0,55.0,1999.0,890.0,,Muphone M350,55.48
,,mobiles,1050.0,52.0,1999.0,949.0,,Muphone M350,52.53
,,mobiles,1150.0,57.0,1999.0,849.0,,Muphone M350,57.53
,,mobiles,0.0,0.0,699.0,699.0,3.8,Gfive Plus,0.0
,,mobiles,0.0,0.0,4999.0,4999.0,3.9,"Micromax Bharat 4 Diwali Edition (Matte Black, 8 GB)",0.0
,,mobiles,0.0,0.0,919.0,919.0,3.4,Zen X28,0.0
,,mobiles,0.0,0.0,919.0,919.0,3.8,Zen X28,0.0
,,mobiles,0.0,0.0,499.0,499.0,3.4,Q-Tel Q7,0.0
,,mobiles,0.0,0.0,559.0,559.0,3.4,Q-Tel Q7,0.0
,,mobiles,0.0,0.0,22221.0,22221.0,4.4,"Vivo V7+ (Matte Black, 64 GB)",0.0
,,mobiles,0.0,0.0,11990.0,11990.0,4.3,"Vivo Y71 (Matte Black, 16 GB)",0.0
,,mobiles,289.0,32.0,899.0,610.0,3.2,Blackbear B5 Neo,32.15
,,mobiles,0.0,0.0,799.0,799.0,4.0,Kechaoda K10,0.0
,,mobiles,2000.0,16.0,11999.0,9999.0,4.2,"Motorola One Macro (Ultra Violet, 64 GB)",16.67
,,mobiles,0.0,0.0,770.0,770.0,3.4,Reach Power 230,0.0
,,mobiles,109.0,10.0,999.0,890.0,,Tambo A1806,10.91
,,mobiles,0.0,0.0,5090.0,5090.0,4.3,"Itel A44 Pro (Blue, 16 GB)",0.0
,,mobiles,0.0,0.0,19900.0,19900.0,4.3,"Samsung Galaxy On Max (Gold, 32 GB)",0.0
,,mobiles,1.0,0.0,15500.0,15499.0,4.3,"Samsung Galaxy M30s (Black, 64 GB)",0.01
,,mobiles,2299.0,41.0,5499.0,3200.0,3.7,"Coolpad Mega 5C (Sky Blue, 16 GB)",41.81
,,mobiles,0.0,0.0,599.0,599.0,,BlackZone B310,0.0
,,mobiles,274.0,30.0,899.0,625.0,3.7,Gfive U707,30.48
,,mobiles,0.0,0.0,3590.0,3590.0,3.8,"Micromax Bharat 4 (Black, 8 GB)",0.0
,,mobiles,13191.0,45.0,28990.0,15799.0,4.5,"Vivo V11 Pro (Starry Night Black, 64 GB)",45.5
,,mobiles,6000.0,40.0,14999.0,8999.0,4.3,"Asus ZenFone Max M2 (Black, 64 GB)",40.0
,,mobiles,0.0,0.0,11999.0,11999.0,4.3,"Redmi Note 3 (Gold, 32 GB)",0.0
,,mobiles,0.0,0.0,639.0,639.0,3.6,GLX W22,0.0
,,mobiles,126.0,8.0,1465.0,1339.0,4.1,Samsung Guru GT,8.6
,,mobiles,0.0,0.0,6299.0,6299.0,4.1,"Itel Vision1 (Gradation Purple, 32 GB)",0.0
,,mobiles,962.0,53.0,1799.0,837.0,4.0,Tork T13 Banana,53.47
,,mobiles,0.0,0.0,599.0,599.0,3.3,Mymax M36,0.0
,,mobiles,11891.0,36.0,32990.0,21099.0,4.5,"Vivo V15 Pro (Ruby Red, 128 GB)",36.04
,,mobiles,5400.0,31.0,16999.0,11599.0,4.4,"Honor 10 Lite (Midnight Black, 64 GB)",31.77
,,mobiles,5500.0,39.0,13999.0,8499.0,4.4,"Honor 10 Lite (Sapphire Blue, 32 GB)",39.29
,,mobiles,0.0,0.0,999.0,999.0,3.8,Karbonn KX26,0.0
,,mobiles,0.0,0.0,6790.0,6790.0,3.8,"Coolpad Mega 5A (Gold, 16 GB)",0.0
,,mobiles,0.0,0.0,799.0,799.0,3.7,I Kall K30,0.0
,,mobiles,100.0,11.0,899.0,799.0,4.1,Forme Duos N2,11.12
,,mobiles,0.0,0.0,1099.0,1099.0,4.3,Salora Vishaal,0.0
,,mobiles,440.0,40.0,1099.0,659.0,3.9,Salora Volt 2,40.04
,,mobiles,0.0,0.0,2099.0,2099.0,3.8,"Lava A52 (Black, 4 GB)",0.0
,,mobiles,0.0,0.0,2699.0,2699.0,3.3,"Lava Iris Atom (Black, 8 GB)",0.0
,,mobiles,0.0,0.0,985.0,985.0,3.6,Karbonn K490+,0.0
,,mobiles,0.0,0.0,1399.0,1399.0,4.0,Micromax X746,0.0
,,mobiles,4300.0,47.0,8999.0,4699.0,,"YUHO Y2 Pro (Ruby Red-Black, 16 GB)",47.78
,,mobiles,1022.0,46.0,2178.0,1156.0,3.3,Inovu A1s Combo of Two Mobiles,46.92
,,mobiles,50.0,5.0,899.0,849.0,3.6,Muphone M3000,5.56
,,mobiles,1150.0,57.0,1999.0,849.0,3.6,Muphone M3000,57.53
,,mobiles,0.0,0.0,699.0,699.0,,Reach Champ + Selfie Black Yellow,0.0
,,mobiles,0.0,0.0,599.0,599.0,3.7,Gfive U873,0.0
,,mobiles,0.0,0.0,1270.0,1270.0,3.8,Zen Zen M72 Max,0.0
,,mobiles,0.0,0.0,1045.0,1045.0,3.8,Karbonn K324N,0.0
,,mobiles,0.0,0.0,599.0,599.0,3.6,Rocktel R5,0.0
Puma,puma,women_footwear,2000.0,50.0,3999.0,1999.0,,Track V2 IDP Running Shoes For Women,50.01
Puma,puma,women_footwear,2280.0,60.0,3799.0,1519.0,,Dwane Slip-On IDP Running Shoes For Women,60.02
Footrendz,footrendz,women_footwear,265.0,48.0,549.0,284.0,,Women Beige Flats Sandal,48.27
Shoefly,shoefly,women_footwear,1067.0,53.0,1996.0,929.0,,Combo Pack of 4 Latest Collection Stylish Casual Sneake...,53.46
DOCTOR EXTRA SOFT,doctor extra soft,women_footwear,239.0,39.0,599.0,360.0,,Extra Soft Slippers For Women Slippers,39.9
DOCTOR EXTRA SOFT,doctor extra soft,women_footwear,239.0,39.0,599.0,360.0,,Slippers,39.9
Beonza,beonza,women_footwear,700.0,70.0,999.0,299.0,,Combo Pack Of 2 Pairs Of Women Slippers Slippers,70.07
GIBELLE,gibelle,women_footwear,310.0,44.0,699.0,389.0,,Women Black Flats Sandal,44.35
Sparx,sparx,women_footwear,42.0,15.0,274.0,232.0,,Women SFL-504 Navy Blue Flip Flops,15.33
Brauch,brauch,women_footwear,200.0,40.0,499.0,299.0,,Grey Fur Bunny Sliders Slides,40.08
Asian,asian,women_footwear,99.0,18.0,539.0,440.0,,Running Shoes For Women,18.37
Beonza,beonza,women_footwear,670.0,67.0,999.0,329.0,,Combo Pack Of 2 Pairs Of Women Slides Flip Flops Slippe...,67.07
Brauch,brauch,women_footwear,200.0,40.0,499.0,299.0,,Slides,40.08
Puma,puma,women_footwear,3300.0,55.0,5999.0,2699.0,,NRGY Neko Wn s Running Shoes For Women,55.01
Asian,asian,women_footwear,415.0,41.0,999.0,584.0,,Angel-04 Casual sneakers for ladies | sports shoes for ...,41.54
ANSHU ENTERPRISES,anshu enterprises,women_footwear,301.0,60.0,499.0,198.0,,Flip Flops,60.32
Totu,totu,women_footwear,0.0,0.0,1499.0,1499.0,,Womens Comfort Stylish Trending with colorful Printed S...,0.0
Action,action,women_footwear,150.0,15.0,999.0,849.0,,Walking Shoes For Women,15.02
Brauch,brauch,women_footwear,200.0,40.0,499.0,299.0,,Pink Fur Pearl Sliders Slides,40.08
Asian,asian,women_footwear,780.0,52.0,1499.0,719.0,,Elasto-02 Navy Maroon Running Shoes For Women,52.03
TRASE,trase,women_footwear,440.0,55.0,799.0,359.0,,Slippers,55.07
Welcome,welcome,women_footwear,100.0,25.0,399.0,299.0,,Women Navy Casual Sandal,25.06
Catbird,catbird,women_footwear,50.0,20.0,249.0,199.0,,Flip Flops,20.08
Action,action,women_footwear,0.0,0.0,999.0,999.0,,ATHLEO Sports Running Shoes For Women,0.0
Brauch,brauch,women_footwear,200.0,40.0,499.0,299.0,,Black Fur Pearl Sliders Slides,40.08
Moonwalk,moonwalk,women_footwear,700.0,70.0,999.0,299.0,,Slides,70.07
Paragon,paragon,women_footwear,0.0,0.0,269.0,269.0,,Women Maroon Sandal,0.0
Welcome,welcome,women_footwear,189.0,37.0,499.0,310.0,,LF_13 Flip Flops,37.88
Cassiey,cassiey,women_footwear,650.0,40.0,1599.0,949.0,,Latest Ladies Inner High Heel Sports SUP Lace Running S...,40.65
Brauch,brauch,women_footwear,100.0,25.0,399.0,299.0,,Pink Fur Bunny Sliders Slides,25.06
TRASE,trase,women_footwear,400.0,40.0,999.0,599.0,,Women Off White Wedges Sandal,40.04
PM TRADERS,pm traders,women_footwear,550.0,55.0,999.0,449.0,,Women Multicolor Flats Sandal,55.06
DOCTOR EXTRA SOFT,doctor extra soft,women_footwear,439.0,54.0,799.0,360.0,,Slippers,54.94
Asian,asian,women_footwear,750.0,75.0,999.0,249.0,,"Women Blue, Blue Flats Sandal",75.08
TRASE,trase,women_footwear,300.0,50.0,599.0,299.0,,Slippers,50.08
Sparx,sparx,women_footwear,68.0,15.0,449.0,381.0,,Flip Flops,15.14
Brauch,brauch,women_footwear,300.0,42.0,699.0,399.0,,Women Black Flats Sandal,42.92
Brauch,brauch,women_footwear,100.0,25.0,399.0,299.0,,Slides,25.06
SHOFIEE,shofiee,women_footwear,204.0,34.0,599.0,395.0,,Women Black Wedges Sandal,34.06
Crocs,crocs,women_footwear,386.0,19.0,1995.0,1609.0,,Flip Flops,19.35
Asian,asian,women_footwear,150.0,25.0,599.0,449.0,,Walking Shoes For Women,25.04
Dashny,dashny,women_footwear,12.0,3.0,399.0,387.0,,Women Casual Orthocure soft health comfortable indoor/o...,3.01
BK DREAM,bk dream,women_footwear,486.0,60.0,799.0,313.0,,Women Black Flats Sandal,60.83
Paragon,paragon,women_footwear,39.0,15.0,259.0,220.0,,"Women Tan, Blue Sandal",15.06
Sparx,sparx,women_footwear,125.0,21.0,574.0,449.0,,SFG-2079 Flip Flops,21.78
Brandvilla,brandvilla,women_footwear,450.0,56.0,799.0,349.0,,Doctor Extra Soft Slipper Ortho Care Orthopaedic Comfor...,56.32
Adda,adda,women_footwear,0.0,0.0,449.0,449.0,,Slippers,0.0
Sparx,sparx,women_footwear,70.0,10.0,699.0,629.0,,"Women Black, Red Sports Sandal",10.01
Azores,azores,women_footwear,246.0,53.0,456.0,210.0,,Women Black Flats Sandal,53.95
Brauch,brauch,women_footwear,120.0,30.0,399.0,279.0,,Slides,30.08
HASTEN,hasten,women_footwear,900.0,52.0,1699.0,799.0,,Gala Walking Shoes For Women,52.97
Paragon,paragon,women_footwear,0.0,0.0,259.0,259.0,,Women Brown Flats Sandal,0.0
Brandvilla,brandvilla,women_footwear,450.0,56.0,799.0,349.0,,Flip Flops,56.32
Bata,bata,women_footwear,0.0,0.0,329.0,329.0,,Slippers,0.0
Sainex,sainex,women_footwear,500.0,62.0,799.0,299.0,,Women Pink Flats Sandal,62.58
Beonza,beonza,women_footwear,501.0,50.0,999.0,498.0,,Combo Pack of 2 Bellies For Women,50.15
A-HA By Liberty,a-ha by liberty,women_footwear,0.0,0.0,299.0,299.0,,Slippers,0.0
Flipside,flipside,women_footwear,40.0,10.0,399.0,359.0,,Slippers,10.03
Campus,campus,women_footwear,200.0,11.0,1699.0,1499.0,,DRAGON LADIES Running Shoes For Women,11.77
Cassiey,cassiey,women_footwear,30.0,3.0,999.0,969.0,,shoe Casuals For Women,3.0
Footrendz,footrendz,women_footwear,276.0,50.0,549.0,273.0,,Women Black Flats Sandal,50.27
Footsoul,footsoul,women_footwear,1204.0,75.0,1599.0,395.0,,Women Gold Flats Sandal,75.3
JIANSH,jiansh,women_footwear,550.0,55.0,999.0,449.0,,Girls Sneakers Women Casual Shoes Sports Printed footwe...,55.06
Sparx,sparx,women_footwear,24.0,6.0,375.0,351.0,,Women Slippers,6.4
DOCTOR EXTRA SOFT,doctor extra soft,women_footwear,290.0,48.0,599.0,309.0,,Ortho-Red-5 Slippers,48.41
Sparx,sparx,women_footwear,169.0,16.0,999.0,830.0,,Women SL-124 Grey Pink Running Shoes For Women,16.92
Asian,asian,women_footwear,780.0,52.0,1499.0,719.0,,Walking Shoes For Women,52.03
Cassiey,cassiey,women_footwear,50.0,6.0,799.0,749.0,,"Ladies Sports Running Shoes,Super Soft and comfortable ...",6.26
Sparx,sparx,women_footwear,117.0,16.0,699.0,582.0,,Women SL-133 Black Red Walking Shoes For Women,16.74
Sparx,sparx,women_footwear,159.0,15.0,999.0,840.0,,Women SL-124 Navy Blue Pink Running Shoes For Women,15.92
Puma,puma,women_footwear,130.0,26.0,499.0,369.0,,Flip Flops,26.05
Shoetopia,shoetopia,women_footwear,150.0,30.0,499.0,349.0,,Slides,30.06
Campus,campus,women_footwear,200.0,11.0,1699.0,1499.0,,ALEXA Running Shoes For Women,11.77
PKKART,pkkart,women_footwear,320.0,64.0,499.0,179.0,,Womens Comfort Block Stylish Trending Black White linni...,64.13
Brauch,brauch,women_footwear,200.0,40.0,499.0,299.0,,Grey Fur Pearl Sliders Slides,40.08
Asian,asian,women_footwear,870.0,58.0,1499.0,629.0,,Elasto-02 Grey Black Running Shoes For Women,58.04
Sparx,sparx,women_footwear,350.0,38.0,899.0,549.0,,SL-83 Running Shoes For Women,38.93
Denill,denill,women_footwear,500.0,50.0,999.0,499.0,,Casuals For Women,50.05
PKKART,pkkart,women_footwear,320.0,64.0,499.0,179.0,,Womens Comfort Block Stylish Trending Dark Blue Yellow ...,64.13
Sparx,sparx,women_footwear,111.0,15.0,699.0,588.0,,Women SL-133 Grey Pink Walking Shoes For Women,15.88
Liberty,liberty,women_footwear,0.0,0.0,299.0,299.0,,Slippers,0.0
Shoefly,shoefly,women_footwear,420.0,42.0,998.0,578.0,,Combo Women Pack of 2 Sneakers With Sports Shoes Sneake...,42.08
Puma,puma,women_footwear,2400.0,40.0,5999.0,3599.0,,NRGY Neko Wn s Running Shoes For Women,40.01
Sparx,sparx,women_footwear,0.0,0.0,389.0,389.0,,Flip Flops,0.0
Sparx,sparx,women_footwear,350.0,38.0,899.0,549.0,,Stylish White & Green Running Shoes For Women,38.93
Action,action,women_footwear,700.0,53.0,1299.0,599.0,,Women Grey Heels Sandal,53.89
Nike,nike,women_footwear,1109.0,30.0,3695.0,2586.0,,Revolution 5 Running Shoes For Women,30.01
Cassiey,cassiey,women_footwear,650.0,40.0,1599.0,949.0,,Ladies Inner High Heel Sports Leisure Lace Running Shoe...,40.65
Aqualite,aqualite,women_footwear,0.0,0.0,329.0,329.0,,Slippers,0.0
M7 By Metronaut,m7 by metronaut,women_footwear,1026.0,68.0,1499.0,473.0,,Running Shoes For Women,68.45
LooksFootwear,looksfootwear,women_footwear,598.0,59.0,999.0,401.0,,Women Pink Flats Sandal,59.86
Shezone,shezone,women_footwear,51.0,9.0,550.0,499.0,,Women Beige Flats Sandal,9.27
Asian,asian,women_footwear,700.0,46.0,1499.0,799.0,,"Elasto-02 Peach Pink Walking Shoes,Slipon Shoes,Flyknit...",46.7
PKKART,pkkart,women_footwear,320.0,64.0,499.0,179.0,,Womens Black and Tan Casual Stylish Comfort High Heel (...,64.13
Sparx,sparx,women_footwear,110.0,10.0,1050.0,940.0,,SL-146 Running Shoes For Women,10.48
SHOPIEE,shopiee,women_footwear,300.0,42.0,699.0,399.0,,Women Black Wedges Sandal,42.92
Jynx,jynx,women_footwear,600.0,60.0,999.0,399.0,,Torrie Sneakers For Women,60.06
Ziraat,ziraat,women_footwear,570.0,57.0,999.0,429.0,,Perfect Stylish Girls Casual Shoes Sneakers For Girl/Wo...,57.06
Campus,campus,women_footwear,170.0,10.0,1699.0,1529.0,,ALEXA Running Shoes For Women,10.01
Sparx,sparx,women_footwear,174.0,17.0,999.0,825.0,,Women 88 Walking Shoes For Women,17.42
Sparx,sparx,women_footwear,21.0,6.0,349.0,328.0,,SFL-2024 Flip Flops,6.02
Brauch,brauch,women_footwear,300.0,37.0,799.0,499.0,,Slides,37.55
KOMOPT,komopt,women_footwear,20.0,10.0,199.0,179.0,,Flip Flops,10.05
Sparx,sparx,women_footwear,27.0,10.0,269.0,242.0,,Slippers,10.04
Sparx,sparx,women_footwear,80.0,10.0,749.0,669.0,,Women SL-147 Blue Running Shoes For Women,10.68
Asian,asian,women_footwear,150.0,25.0,599.0,449.0,,Running Shoes For Women,25.04
Dr. Scholls,dr. scholls,women_footwear,900.0,50.0,1799.0,899.0,,Women Red Flats Sandal,50.03
OZZY,ozzy,women_footwear,4.0,2.0,139.0,135.0,,Women Red Flats Sandal,2.88
AMVONZ,amvonz,women_footwear,601.0,60.0,1000.0,399.0,,Accu Spring Slipper Acupressure & Magnetic Full Body Ma...,60.1
Birde,birde,women_footwear,1995.0,66.0,2994.0,999.0,,Combo Pack of 6 Casual Shoes Sneakers For Women,66.63
Sparx,sparx,women_footwear,440.0,55.0,799.0,359.0,,"Women Green, Black Casual Sandal",55.07
Claptrap,claptrap,women_footwear,230.0,46.0,499.0,269.0,,Slippers,46.09
Brauch,brauch,women_footwear,20.0,6.0,299.0,279.0,,Women Beige Flats Sandal,6.69
Sparx,sparx,women_footwear,0.0,0.0,389.0,389.0,,Slippers,0.0
TRASE,trase,women_footwear,420.0,52.0,799.0,379.0,,Slippers,52.57
Eila,eila,women_footwear,160.0,32.0,499.0,339.0,,Star Cut Sneakers For Women,32.06
Asian,asian,women_footwear,49.0,10.0,489.0,440.0,,"Future-04,RIYA-04 Running Shoes,Walking Shoes,Casual Sh...",10.02
Glamgo,glamgo,women_footwear,606.0,60.0,999.0,393.0,,Boots For Women,60.66
Campus,campus,women_footwear,50.0,5.0,899.0,849.0,,TULIP Running Shoes For Women,5.56
Bata,bata,women_footwear,0.0,0.0,499.0,499.0,,Women Black Wedges Sandal,0.0
Neoz,neoz,women_footwear,90.0,16.0,549.0,459.0,,Women_Classic Flip Flops,16.39
Alkon,alkon,women_footwear,289.0,57.0,499.0,210.0,,Flip Flops,57.92
Brauch,brauch,women_footwear,20.0,6.0,299.0,279.0,,Women White Flats Sandal,6.69
Asian,asian,women_footwear,243.0,30.0,798.0,555.0,,Women's Combo pack of 2 Sneakers For Women,30.45
HASTEN,hasten,women_footwear,900.0,52.0,1699.0,799.0,,Ella Walking Shoes For Women,52.97
Bata,bata,women_footwear,0.0,0.0,499.0,499.0,,Women Brown Wedges Sandal,0.0
Ziraat,ziraat,women_footwear,560.0,56.0,999.0,439.0,,Perfect stylish love shoe Casuals For Women,56.06
Puma,puma,women_footwear,670.0,44.0,1499.0,829.0,,Wrens II DP Slippers,44.7
Adda,adda,women_footwear,200.0,33.0,599.0,399.0,,Slippers,33.39
IRSOE,irsoe,women_footwear,50.0,6.0,799.0,749.0,,IRSOE Cassiey Latest Women's ProGrid Integrity Athletic...,6.26
Neoz,neoz,women_footwear,50.0,9.0,549.0,499.0,,Women_Classic Flip Flops,9.11
AMVONZ,amvonz,women_footwear,650.0,65.0,999.0,349.0,,Accu Paduka/slipper Spring Slipper Acupressure & Magnet...,65.07
Kajmi,kajmi,women_footwear,350.0,43.0,799.0,449.0,,High Heel canvas Sneaker casual shoe for Girls/women Sn...,43.8
Commander,commander,women_footwear,400.0,40.0,999.0,599.0,,Boots For Women,40.04
Nike,nike,women_footwear,1199.0,30.0,3995.0,2796.0,,Wmns Downshifter 9 Running Shoes For Women,30.01
Reforce,reforce,women_footwear,793.0,79.0,999.0,206.0,,Flip Flops,79.38
EILA,eila,women_footwear,160.0,32.0,499.0,339.0,,Casual Shoes For Girl Canvas Shoes For Women,32.06
SHOFIEE,shofiee,women_footwear,200.0,33.0,599.0,399.0,,Women Black Heels Sandal,33.39
Brauch,brauch,women_footwear,200.0,40.0,499.0,299.0,,Black Fur Bear Sliders Slides,40.08
Shozie,shozie,women_footwear,500.0,50.0,999.0,499.0,,"Breathable, Walking, Running, Casual,Gym Shoes Running ...",50.05
Denill,denill,women_footwear,73.0,14.0,499.0,426.0,,Latest Collection Sneakers For Women,14.63
Sparx,sparx,women_footwear,116.0,11.0,999.0,883.0,,SL 154 Walking Shoes For Women,11.61
Shoetopia,shoetopia,women_footwear,200.0,40.0,499.0,299.0,,Slides,40.08
Myshtezia,myshtezia,women_footwear,601.0,60.0,999.0,398.0,,Sneakers For Women,60.16
Dymo,dymo,women_footwear,500.0,50.0,999.0,499.0,,"Women Running, Walking, Sports Shoes For Girls Outdoors...",50.05
Gliders by Liberty,gliders by liberty,women_footwear,0.0,0.0,299.0,299.0,,TRENDY-N.BLUE Slippers,0.0
DENIMKEY,denimkey,women_footwear,530.0,57.0,919.0,389.0,,Women Beige Heels Sandal,57.67
Blinder,blinder,women_footwear,200.0,40.0,499.0,299.0,,Slides,40.08
Bata,bata,women_footwear,50.0,10.0,499.0,449.0,,Flip Flops,10.02
Bata,bata,women_footwear,40.0,10.0,399.0,359.0,,Slippers,10.03
Walk.com,walk.com,women_footwear,425.0,56.0,749.0,324.0,,Micky Minnie Flip Flops/Slides For Girls Flip Flops,56.74
Lotto,lotto,women_footwear,559.0,56.0,998.0,439.0,,SLIPPER COMBO GLANCE-RINO In MULTI COLORS For WOMEN 6 S...,56.01
Campus,campus,women_footwear,150.0,15.0,999.0,849.0,,ELLE Running Shoes For Women,15.02
ADJ,adj,women_footwear,629.0,76.0,824.0,195.0,,Double Soft Grass Rubber Healthy Slippers For Men And B...,76.33
RYAG,ryag,women_footwear,499.0,49.0,999.0,500.0,,Mojaris For Women,49.95
YANSHU,yanshu,women_footwear,695.0,69.0,999.0,304.0,,Flip Flops,69.57
Paragon,paragon,women_footwear,0.0,0.0,229.0,229.0,,Women Brown Sandal,0.0
Adda,adda,women_footwear,0.0,0.0,499.0,499.0,,Slippers,0.0
Footrendz,footrendz,women_footwear,233.0,42.0,549.0,316.0,,Women Pink Flats Sandal,42.44
Aura,aura,women_footwear,599.0,60.0,998.0,399.0,,Combo Pack of 2 Casual Shoes Loafers Loafers For Women,60.02
Puma,puma,women_footwear,200.0,25.0,799.0,599.0,,Vitriol IDP Flip Flops,25.03
Footsoul,footsoul,women_footwear,1204.0,75.0,1599.0,395.0,,Women Brown Flats Sandal,75.3
Glamgo,glamgo,women_footwear,469.0,58.0,799.0,330.0,,Women Pink Bellies Sandal,58.7
Denill,denill,women_footwear,525.0,52.0,999.0,474.0,,"Women Running, Walking, Sports Shoes For Girls Running ...",52.55
BK DREAM,bk dream,women_footwear,1112.0,74.0,1499.0,387.0,,Women Black Heels Sandal,74.18
Ryag,ryag,women_footwear,700.0,70.0,999.0,299.0,,Jutis For Women,70.07
Glamgo,glamgo,women_footwear,436.0,54.0,799.0,363.0,,Women Grey Flats Sandal,54.57
Skechers,skechers,women_footwear,2100.0,30.0,6999.0,4899.0,,SKECH-AIR STRATUS Running Shoes For Women,30.0
REFOAM,refoam,women_footwear,450.0,50.0,899.0,449.0,,Women Green PVC Casual Slippers,50.06
Brandvilla,brandvilla,women_footwear,250.0,41.0,599.0,349.0,,Doctor Extra Soft Slipper Ortho Care Orthopaedic Comfor...,41.74
Paragon,paragon,women_footwear,0.0,0.0,215.0,215.0,,"Women Brown, Beige Flats Sandal",0.0
RINDAS,rindas,women_footwear,500.0,50.0,999.0,499.0,,Women Blue Sports Shoes for Running / Walking (Ultra Li...,50.05
Footrendz,footrendz,women_footwear,284.0,51.0,549.0,265.0,,Women Pink Flats Sandal,51.73
DRUNKEN,drunken,women_footwear,429.0,42.0,999.0,570.0,,Slipper for Women's Flip Flops House Slides Home Bathro...,42.94
Paragon,paragon,women_footwear,36.0,15.0,239.0,203.0,,Women Black Sandal,15.06
Azores,azores,women_footwear,246.0,53.0,456.0,210.0,,Women Pink Flats Sandal,53.95
SHOFIEE,shofiee,women_footwear,200.0,33.0,599.0,399.0,,Women Beige Heels Sandal,33.39
Footsoul,footsoul,women_footwear,1304.0,76.0,1699.0,395.0,,Women Brown Casual Sandal,76.75
JIANSH,jiansh,women_footwear,574.0,57.0,999.0,425.0,,Girls Casual Partywear Sneakers For Women Sneakers For ...,57.46
Paragon,paragon,women_footwear,0.0,0.0,239.0,239.0,,Women Maroon Sandal,0.0
Dashny,dashny,women_footwear,1024.0,68.0,1497.0,473.0,,Flip Flops,68.4
TRASE,trase,women_footwear,315.0,52.0,599.0,284.0,,Slippers,52.59
Puma,puma,women_footwear,1050.0,30.0,3499.0,2449.0,,Concave Pro X IDP Running Shoes For Women,30.01
Skechers,skechers,women_footwear,1650.0,30.0,5499.0,3849.0,,GO WALK 5 Walking Shoes For Women,30.01
Shezone,shezone,women_footwear,400.0,40.0,999.0,599.0,,Women Copper Flats Sandal,40.04
Longwalk,longwalk,women_footwear,511.0,51.0,999.0,488.0,,Stylish Premium Sneakers Sneakers For Women,51.15
Creattoes,creattoes,women_footwear,545.0,54.0,999.0,454.0,,Perfect Stylish Girls High Ankel Boots For Women,54.55
Asics,asics,women_footwear,1200.0,30.0,3999.0,2799.0,,COMUTORA Running Shoes For Women,30.01
Ziraat,ziraat,women_footwear,520.0,52.0,999.0,479.0,,Sneakers For Women,52.05
Sparx,sparx,women_footwear,20.0,5.0,349.0,329.0,,SFL-2024 Flip Flops,5.73
HASTEN,hasten,women_footwear,500.0,50.0,999.0,499.0,,Erika Sneakers For Women,50.05
Paragon,paragon,women_footwear,40.0,14.0,269.0,229.0,,Women Red Casual Sandal,14.87
Fashionboom,fashionboom,women_footwear,24.0,8.0,299.0,275.0,,Flip Flops,8.03
Emutz,emutz,women_footwear,609.0,60.0,999.0,390.0,,Perfect Stylish Girls Casual Shoes Sneakers For Women S...,60.96
Abisto,abisto,women_footwear,958.0,63.0,1497.0,539.0,,Combo Pack of 3 Casual Shoes Sneakers For Women,63.99
Aroom,aroom,women_footwear,619.0,61.0,999.0,380.0,,Women Brown Flats Sandal,61.96
Sparx,sparx,women_footwear,119.0,18.0,649.0,530.0,,SL-111 Sneakers For Women,18.34
Birde,birde,women_footwear,972.0,64.0,1497.0,525.0,,Slippers,64.93
Sapatos,sapatos,women_footwear,200.0,40.0,499.0,299.0,,Slippers,40.08
Camfoot,camfoot,women_footwear,310.0,62.0,499.0,189.0,,Multicolor-611 Sneakers For Women,62.12
Skechers,skechers,women_footwear,1250.0,25.0,4999.0,3749.0,,Go Walk Lite - Moonlight Casuals For Women,25.01
People,people,women_footwear,393.0,56.0,699.0,306.0,,Bellies For Women,56.22
Sparx,sparx,women_footwear,58.0,6.0,899.0,841.0,,Sports Running Shoes Running Shoes For Women,6.45
Neoz,neoz,women_footwear,140.0,23.0,599.0,459.0,,Women_Slim Flip Flops,23.37
IRSOE,irsoe,women_footwear,450.0,45.0,999.0,549.0,,Latest and Comfortable Indoor/Outdoor Soft bottom Slipp...,45.05
92 MILES,92 miles,women_footwear,50.0,10.0,499.0,449.0,,Flip Flops,10.02
Sparx,sparx,women_footwear,163.0,17.0,949.0,786.0,,Women SL-124 Black Red Running Shoes For Women,17.18
Jynx,jynx,women_footwear,550.0,55.0,999.0,449.0,,Mia Sneakers For Women,55.06
PKKART,pkkart,women_footwear,550.0,55.0,999.0,449.0,,Slippers,55.06
Footspring,footspring,women_footwear,324.0,64.0,499.0,175.0,,Flip Flops,64.93
A-HA By Liberty,a-ha by liberty,women_footwear,0.0,0.0,499.0,499.0,,ORTHO-7-S.GREEN Flip Flops,0.0
Do Bhai,do bhai,women_footwear,100.0,20.0,499.0,399.0,,Flip Flops,20.04
Ziraat,ziraat,women_footwear,500.0,50.0,999.0,499.0,,Stylish Best Casual Shoes for Women Sneakers For Women,50.05
Stellar Collections,stellar collections,women_footwear,630.0,81.0,769.0,139.0,,Women Multicolor Flats Sandal,81.92
Clover,clover,women_footwear,980.0,75.0,1299.0,319.0,,Women Blue Heels Sandal,75.44
SHOFIEE,shofiee,women_footwear,309.0,51.0,599.0,290.0,,Women Black Flats Sandal,51.59
V2 Retail Limited,v2 retail limited,women_footwear,350.0,50.0,699.0,349.0,,Sneakers For Women,50.07
Sparx,sparx,women_footwear,101.0,11.0,899.0,798.0,,Sports Running Shoes Running Shoes For Women,11.23
Svaar,svaar,women_footwear,210.0,52.0,399.0,189.0,,Flip Flops,52.63
Cassiey,cassiey,women_footwear,540.0,54.0,999.0,459.0,,Flip Flops,54.05
BK DREAM,bk dream,women_footwear,482.0,60.0,799.0,317.0,,Women Grey Flats Sandal,60.33
Paragon,paragon,women_footwear,0.0,0.0,259.0,259.0,,Women Beige Casual Sandal,0.0
Footrendz,footrendz,women_footwear,569.0,63.0,899.0,330.0,,Slippers,63.29
YANSHU,yanshu,women_footwear,704.0,70.0,999.0,295.0,,Flip Flops,70.47
TRV,trv,women_footwear,30.0,10.0,299.0,269.0,,Flip Flops,10.03
Longwalk,longwalk,women_footwear,725.0,72.0,999.0,274.0,,Perfect Stylish Girls Casual Shoes Sneakers For Women,72.57
Shoefly,shoefly,women_footwear,1167.0,58.0,1996.0,829.0,,Combo Pack of 4 Latest Collection Stylish Casual Sneake...,58.47
Shoetopia,shoetopia,women_footwear,280.0,28.0,999.0,719.0,,Walking Shoes For Women,28.03
Sparx,sparx,women_footwear,100.0,10.0,999.0,899.0,,SL 165 Walking Shoes For Women,10.01
JIANSH,jiansh,women_footwear,500.0,50.0,999.0,499.0,,High Top Girls Canvas Heel Ankle Sneakers Sneakers For ...,50.05
BK DREAM,bk dream,women_footwear,480.0,60.0,799.0,319.0,,Women Maroon Flats Sandal,60.08
TECHNOFIT,technofit,women_footwear,400.0,40.0,999.0,599.0,,Running Shoes For Women,40.04
ADDA,adda,women_footwear,0.0,0.0,399.0,399.0,,Flip Flops,0.0
Doctor Soft,doctor soft,women_footwear,500.0,50.0,999.0,499.0,,Women Brown Flats Sandal,50.05
Puma,puma,women_footwear,625.0,25.0,2499.0,1874.0,,Slides,25.01
Paragon,paragon,women_footwear,37.0,14.0,249.0,212.0,,Wedge Slippers,14.86
Sparx,sparx,women_footwear,72.0,10.0,699.0,627.0,,Running Shoes For Women,10.3
YUUKI,yuuki,women_footwear,1700.0,68.0,2499.0,799.0,,Walking Shoes For Women,68.03
Beonza,beonza,women_footwear,0.0,0.0,499.0,499.0,,Sneakers For Women,0.0
Campus,campus,women_footwear,74.0,9.0,799.0,725.0,,ALINA Running Shoes For Women,9.26
Do Bhai,do bhai,women_footwear,200.0,40.0,499.0,299.0,,Slides,40.08
RADEON,radeon,women_footwear,191.0,27.0,699.0,508.0,,Running Shoes For Women,27.32
Jade,jade,women_footwear,600.0,60.0,999.0,399.0,,Women Brown Heels Sandal,60.06
Footrendz,footrendz,women_footwear,265.0,48.0,549.0,284.0,,Women Brown Flats Sandal,48.27
Shezone,shezone,women_footwear,51.0,9.0,550.0,499.0,,Women Multicolor Flats Sandal,9.27
Asian,asian,women_footwear,250.0,50.0,499.0,249.0,,Women Multicolor Flats Sandal,50.1
Asian,asian,women_footwear,421.0,62.0,670.0,249.0,,"Women Brown, Brown Flats Sandal",62.84
Footsoul,footsoul,women_footwear,1304.0,76.0,1699.0,395.0,,Women Green Casual Sandal,76.75
Campus,campus,women_footwear,112.0,16.0,699.0,587.0,,PERRY (L) Running Shoes For Women,16.02
Nike,nike,women_footwear,1109.0,30.0,3695.0,2586.0,,Revolution 4 Running Shoes For Women,30.01
Brauch,brauch,women_footwear,0.0,0.0,299.0,299.0,,Women Grey Flats Sandal,0.0
Blinder,blinder,women_footwear,10.0,3.0,299.0,289.0,,Women's Health Plus Ortho Comfortable Slippers,3.34
Asian,asian,women_footwear,504.0,50.0,998.0,494.0,,Women Casual & Running Shoes Combo Pack of 2 Canvas Sho...,50.5
KOMOPT,komopt,women_footwear,120.0,40.0,299.0,179.0,,Flip Flops,40.13
RAVIS,ravis,women_footwear,404.0,57.0,699.0,295.0,,Bellies For Women,57.8
Moonwalk,moonwalk,women_footwear,750.0,75.0,999.0,249.0,,Slides,75.08
nicholas,nicholas,women_footwear,400.0,44.0,899.0,499.0,,Running Shoes For Women,44.49
Adda,adda,women_footwear,0.0,0.0,369.0,369.0,,Flip Flops,0.0
Royalex,royalex,women_footwear,174.0,34.0,499.0,325.0,,Women Brown Heels Sandal,34.87
Sparx,sparx,women_footwear,115.0,11.0,999.0,884.0,,SL 154 Walking Shoes For Women,11.51
PAHNAVA,pahnava,women_footwear,35.0,11.0,299.0,264.0,,Flip Flops,11.71
Campus,campus,women_footwear,200.0,16.0,1199.0,999.0,,DREAM Running Shoes For Women,16.68
Paragon,paragon,women_footwear,0.0,0.0,269.0,269.0,,Women Black Sandal,0.0
Khadim's,khadim's,women_footwear,0.0,0.0,799.0,799.0,,Women Blue Wedges Sandal,0.0
Skechers,skechers,women_footwear,1500.0,25.0,5999.0,4499.0,,SKECH-LAB - CHIC INTUITION Casuals For Women,25.0
Skylarker,skylarker,women_footwear,561.0,70.0,799.0,238.0,,dbl-stp-2 Slippers,70.21
Stepee,stepee,women_footwear,53.0,10.0,499.0,446.0,,"Women Beige, White Heels Sandal",10.62
Global India,global india,women_footwear,1100.0,68.0,1599.0,499.0,,"Training,Walking,Gym,Sports,Running, Running Shoes For ...",68.79
ADIDAS,adidas,women_footwear,810.0,30.0,2699.0,1889.0,,DROGO W Running Shoes For Women,30.01
FA82,fa82,women_footwear,290.0,58.0,499.0,209.0,,black-gola Slippers,58.12
Walk.com,walk.com,women_footwear,494.0,61.0,799.0,305.0,,Smile Slides/Flip Flop for girls Slides,61.83
Beonza,beonza,women_footwear,650.0,65.0,999.0,349.0,,Women Beige Flats Sandal,65.07
SKOLL,skoll,women_footwear,250.0,35.0,699.0,449.0,,Women Multicolor Flats Sandal,35.77
Asian,asian,women_footwear,760.0,76.0,999.0,239.0,,"Women Brown, Brown Flats Sandal",76.08
AirSoon,airsoon,women_footwear,180.0,36.0,499.0,319.0,,Women Gold Flats Sandal,36.07
Stepee,stepee,women_footwear,351.0,43.0,799.0,448.0,,Women Maroon Casual Sandal,43.93
Paragon,paragon,women_footwear,42.0,15.0,279.0,237.0,,Women Red Sandal,15.05
Fath Son,fath son,women_footwear,400.0,40.0,999.0,599.0,,Running Shoes For Women,40.04
IRSOE,irsoe,women_footwear,400.0,40.0,999.0,599.0,,Women Black Wedges Sandal,40.04
DICY,dicy,women_footwear,923.0,61.0,1499.0,576.0,,"Women's Flyknit Socks Sneakers,Ultra-lightweight, Breat...",61.57
Puma,puma,women_footwear,382.0,47.0,799.0,417.0,,Flip Flops,47.81
Ziraat,ziraat,women_footwear,520.0,52.0,999.0,479.0,,Perfect Newly Design Stylish Girls Casual Shoes Sneaker...,52.05
Feel It,feel it,women_footwear,476.0,47.0,999.0,523.0,,Women Off White Wedges Sandal,47.65
Nike,nike,women_footwear,999.0,25.0,3995.0,2996.0,,Running Shoes For Women,25.01
Shences,shences,women_footwear,2400.0,80.0,2999.0,599.0,,Women Gold Wedges Sandal,80.03
Brauch,brauch,women_footwear,256.0,32.0,799.0,543.0,,Maroon Floral Fur Winter Slippers,32.04
Oricum,oricum,women_footwear,526.0,52.0,998.0,472.0,,Combo Women Pack of 2 Sneakers With Sports Shoes Sneake...,52.71
Flipside,flipside,women_footwear,120.0,20.0,599.0,479.0,,Slides,20.03
Sayera,sayera,women_footwear,355.0,59.0,599.0,244.0,,Slippers,59.27
Zyma,zyma,women_footwear,290.0,29.0,999.0,709.0,,"Women's ES-9 Flyknit Socks Sneakers, Ultra-lightweight,...",29.03
Eila,eila,women_footwear,188.0,37.0,499.0,311.0,,Casual Shoes For Girls Sneakers For Women,37.68
Totu,totu,women_footwear,270.0,54.0,499.0,229.0,,Slippers,54.11
Welcome,welcome,women_footwear,189.0,37.0,499.0,310.0,,Flip Flops,37.88
Shoetopia,shoetopia,women_footwear,200.0,40.0,499.0,299.0,,Women Black Wedges Sandal,40.08
sprintx,sprintx,women_footwear,450.0,53.0,849.0,399.0,,"Ankle Strap Buckle Womens Casual Belies For Ethnic, Par...",53.0
Longwalk,longwalk,women_footwear,555.0,55.0,999.0,444.0,,Perfect Stylish Girls Casual Shoes Sneakers For Women,55.56
Footrendz,footrendz,women_footwear,276.0,50.0,549.0,273.0,,Women Blue Flats Sandal,50.27
Asian,asian,women_footwear,140.0,28.0,499.0,359.0,,Walking Shoes For Women,28.06
Aura,aura,women_footwear,525.0,52.0,998.0,473.0,,Combo Pack of 2 Sports Shoes with Loafers Running Shoes...,52.61
REEBOK CLASSICS,reebok classics,women_footwear,1000.0,25.0,3999.0,2999.0,,ROYAL COMPLETE CLN Sneaker For Women,25.01
Zappy,zappy,women_footwear,400.0,50.0,799.0,399.0,,"New Fashionable Waterproof Casual Shoes,Walking Shoes,R...",50.06
TRASE,trase,women_footwear,400.0,40.0,999.0,599.0,,Women Black Wedges Sandal,40.04
Dicy,dicy,women_footwear,990.0,70.0,1399.0,409.0,,Leather Design Stylish Look Boots Shoes Boots For Women,70.76
AirSoon,airsoon,women_footwear,180.0,36.0,499.0,319.0,,Women White Flats Sandal,36.07
HASTEN,hasten,women_footwear,600.0,60.0,999.0,399.0,,Latest Collection Sneakers For Women,60.06
Blinder,blinder,women_footwear,400.0,40.0,999.0,599.0,,Slippers,40.04
Brauch,brauch,women_footwear,200.0,40.0,499.0,299.0,,Slippers,40.08
Dainty,dainty,women_footwear,621.0,62.0,999.0,378.0,,Women Beige Wedges Sandal,62.16
Bata,bata,women_footwear,100.0,20.0,499.0,399.0,,Bellies For Women,20.04
IRSOE,irsoe,women_footwear,400.0,40.0,999.0,599.0,,Latest and Comfortable Indoor/Outdoor Soft bottom Slipp...,40.04
Paragon,paragon,women_footwear,0.0,0.0,229.0,229.0,,Heeled Slippers,0.0
ADDA,adda,women_footwear,0.0,0.0,365.0,365.0,,Flip Flops,0.0
Adda,adda,women_footwear,0.0,0.0,369.0,369.0,,Slippers,0.0
Earton,earton,women_footwear,1047.0,52.0,1996.0,949.0,,Combo pack of 4 casual sneaker loafer shoe for women. S...,52.45
BK DREAM,bk dream,women_footwear,666.0,66.0,999.0,333.0,,Women Black Heels Sandal,66.67
KAYOKSH,kayoksh,women_footwear,50.0,20.0,249.0,199.0,,WOMEN BLACK GOLA SLIPPER Slippers,20.08
LooksFootwear,looksfootwear,women_footwear,598.0,59.0,999.0,401.0,,Women Red Flats Sandal,59.86
Khadim's,khadim's,women_footwear,0.0,0.0,499.0,499.0,,Casuals For Women,0.0
2odds,2odds,women_footwear,289.0,57.0,499.0,210.0,,Flip Flops,57.92
Welcome,welcome,women_footwear,287.0,49.0,579.0,292.0,,Welcome Pure Women'S Leather Sliper Brown Uk-5 Slippers,49.57
Paragon,paragon,women_footwear,0.0,0.0,229.0,229.0,,Flip Flops,0.0
Nike,nike,women_footwear,1589.0,30.0,5295.0,3706.0,,W Flex Experience Rn 7 Training & Gym Shoes For Women,30.01
Puma,puma,women_footwear,0.0,0.0,499.0,499.0,,Ferric Idp Flip Flops,0.0
Puma,puma,women_footwear,900.0,30.0,2999.0,2099.0,,Vega Ballet MU IDP Casuals For Women,30.01
RSDK,rsdk,women_footwear,500.0,50.0,999.0,499.0,,Women Black Wedges Sandal,50.05
Puma,puma,women_footwear,2000.0,50.0,3999.0,1999.0,,Zod Runner NM Wns IDP Running Shoes For Women,50.01
Sparx,sparx,women_footwear,111.0,15.0,699.0,588.0,,Women SL-133 Navy Blue Pink Walking Shoes For Women,15.88
IRSOE,irsoe,women_footwear,500.0,50.0,999.0,499.0,,Women Beige Wedges Sandal,50.05
Paragon,paragon,women_footwear,34.0,14.0,229.0,195.0,,Women Red Sandal,14.85
Adda,adda,women_footwear,0.0,0.0,335.0,335.0,,Flip Flops,0.0
REEBOK,reebok,women_footwear,900.0,30.0,2999.0,2099.0,,Skyscapeballerinalp Walking Shoes For Women,30.01
Alkon,alkon,women_footwear,320.0,64.0,499.0,179.0,,Flip Flops,64.13
GINGER,ginger,women_footwear,0.0,0.0,499.0,499.0,,Flip Flops,0.0
Totu,totu,women_footwear,1111.0,74.0,1499.0,388.0,,Womens Comfort Stylish Trending with colorful Printed S...,74.12
Nike,nike,women_footwear,2499.0,25.0,9995.0,7496.0,,Running Shoes For Women,25.0
GINGER,ginger,women_footwear,0.0,0.0,999.0,999.0,,Flip Flops,0.0
Crocs,crocs,women_footwear,749.0,30.0,2495.0,1746.0,,Women Brown Clogs Sandal,30.02
Asian,asian,women_footwear,40.0,10.0,399.0,359.0,,Casuals For Women,10.03
A-HA By Liberty,a-ha by liberty,women_footwear,0.0,0.0,499.0,499.0,,SHOKER-V-GREY Flip Flops,0.0
Crocs,crocs,women_footwear,1399.0,35.0,3995.0,2596.0,,Women Gold Flats Sandal,35.02
Beonza,beonza,women_footwear,670.0,67.0,999.0,329.0,,Women Black Flats Sandal,67.07
Skechers,skechers,women_footwear,1125.0,25.0,4499.0,3374.0,,Go Walk Lite - Enamor Walking Shoes For Women,25.01
PKKART,pkkart,women_footwear,306.0,61.0,499.0,193.0,,Womens Purple and Pink Casual Stylish Comfort High Heel...,61.32
Vendoz,vendoz,women_footwear,550.0,55.0,999.0,449.0,,Stylish White Casual Shoes Sneakers For Women,55.06
Stellar Collections,stellar collections,women_footwear,626.0,81.0,766.0,140.0,,Women Multicolor Heels Sandal,81.72
Flipside,flipside,women_footwear,40.0,10.0,399.0,359.0,,Flowers Flip Flops,10.03
ABJ Fashion,abj fashion,women_footwear,70.0,14.0,499.0,429.0,,Women Black Sandal,14.03
Blackstone,blackstone,women_footwear,70.0,20.0,349.0,279.0,,Women Blue Clogs Sandal,20.06
Clymb,clymb,women_footwear,770.0,77.0,999.0,229.0,,Flip Flops,77.08
Hush Puppies,hush puppies,women_footwear,40.0,5.0,799.0,759.0,,ALLINA Flip Flops,5.01
Bata,bata,women_footwear,0.0,0.0,499.0,499.0,,Casuals For Women,0.0
Nike,nike,women_footwear,1199.0,30.0,3995.0,2796.0,,WMNS TODOS Running Shoes For Women,30.01
World Wear Footwear,world wear footwear,women_footwear,651.0,65.0,998.0,347.0,,Flip Flops,65.23
Lotto,lotto,women_footwear,102.0,25.0,399.0,297.0,,Lotto Brizo Slippers,25.56
Brauch,brauch,women_footwear,150.0,30.0,499.0,349.0,,Slides,30.06
SKOLL,skoll,women_footwear,1000.0,62.0,1599.0,599.0,,Women Brown Heels Sandal,62.54
ADIDAS,adidas,women_footwear,625.0,25.0,2499.0,1874.0,,GLENN W Running Shoes For Women,25.01
V2 Retail Limited,v2 retail limited,women_footwear,420.0,52.0,799.0,379.0,,Slip On Sneakers For Women,52.57
Brauch,brauch,women_footwear,100.0,25.0,399.0,299.0,,Women Beige Flats Sandal,25.06
Crocs,crocs,women_footwear,0.0,0.0,2495.0,2495.0,,Flip Flops,0.0
Abisto,abisto,women_footwear,905.0,60.0,1499.0,594.0,,Combo Canvas Shoes For Women,60.37
ZIAULA,ziaula,women_footwear,600.0,60.0,999.0,399.0,,Women Black Flats Sandal,60.06
GINGER By Lifestyle,ginger by lifestyle,women_footwear,245.0,35.0,699.0,454.0,,Slippers,35.05
IRSOE,irsoe,women_footwear,450.0,45.0,999.0,549.0,,"Cassiey Latest Collection, Comfortable & Fashionable Pi...",45.05
Sukun,sukun,women_footwear,505.0,50.0,999.0,494.0,,Walking Shoes For Women,50.55
ADDA,adda,women_footwear,0.0,0.0,498.0,498.0,,Women Navy Casual Sandal,0.0
Bootco,bootco,women_footwear,624.0,62.0,999.0,375.0,,Women Black Flats Sandal,62.46
Claptrap,claptrap,women_footwear,50.0,15.0,319.0,269.0,,Sneakers For Women,15.67
Paragon,paragon,women_footwear,0.0,0.0,279.0,279.0,,Women Black Sandal,0.0
Bata,bata,women_footwear,120.0,15.0,799.0,679.0,,Women Black Wedges Sandal,15.02
Welcome,welcome,women_footwear,274.0,45.0,599.0,325.0,,AMD_LF_18 Slippers,45.74
GINGER,ginger,women_footwear,0.0,0.0,499.0,499.0,,Slippers,0.0
Columbus,columbus,women_footwear,30.0,5.0,599.0,569.0,,Ruhi-09 Running Shoes For Women,5.01
RAVIS,ravis,women_footwear,454.0,64.0,699.0,245.0,,Women Multicolor Heels Sandal,64.95
IRSOE,irsoe,women_footwear,448.0,44.0,999.0,551.0,,"Cassiey Latest Collection, Comfortable & Fashionable Ca...",44.84
BK DREAM,bk dream,women_footwear,492.0,61.0,799.0,307.0,,Women Grey Flats Sandal,61.58
Fabbmate,fabbmate,women_footwear,570.0,57.0,999.0,429.0,,"Latest Collection, Comfortable & Fashionable Bellies fo...",57.06
TRASE,trase,women_footwear,500.0,50.0,999.0,499.0,,Women Brown Wedges Sandal,50.05
Bata,bata,women_footwear,89.0,17.0,499.0,410.0,,Amy Walking Shoes For Women,17.84
Puma,puma,women_footwear,210.0,30.0,699.0,489.0,,Odius v2 IDP Flip Flops,30.04
ANSHU ENTERPRISES,anshu enterprises,women_footwear,100.0,20.0,499.0,399.0,,Women Brown Wedges Sandal,20.04
Lancer,lancer,women_footwear,0.0,0.0,499.0,499.0,,Running Shoes For Women,0.0
AirSoon,airsoon,women_footwear,180.0,36.0,499.0,319.0,,Women Pink Flats Sandal,36.07
Myra,myra,women_footwear,568.0,63.0,899.0,331.0,,Women Multicolor Flats Sandal,63.18
Jack N Union,jack n union,women_footwear,596.0,59.0,999.0,403.0,,Women Beige Flats Sandal,59.66
Dicy,dicy,women_footwear,964.0,68.0,1399.0,435.0,,Leather Casual Stylish Look Boots Shoes Boots For Women,68.91
TIME AND TRU By Walmart,time and tru by walmart,women_footwear,1747.0,69.0,2499.0,752.0,,Women Beige Heels Sandal,69.91
Welcome,welcome,women_footwear,201.0,40.0,499.0,298.0,,Slippers,40.28
Asian,asian,women_footwear,825.0,55.0,1499.0,674.0,,Elasto-03 Casual sneakers for ladies | sports shoes for...,55.04
Adda,adda,women_footwear,0.0,0.0,329.0,329.0,,Slippers,0.0
Puma,puma,women_footwear,1520.0,40.0,3799.0,2279.0,,Urban SL Sneakers For Women,40.01
Flipside,flipside,women_footwear,50.0,10.0,499.0,449.0,,Flip Flops,10.02
Flite,flite,women_footwear,21.0,10.0,199.0,178.0,,RED Blue Flip Flops,10.55
Shoefly,shoefly,women_footwear,540.0,54.0,998.0,458.0,,Combo Pack of 2 Latest Collection Stylish Loafers Sneak...,54.11
Sparx,sparx,women_footwear,161.0,18.0,849.0,688.0,,Women Multicolor Casual Sandal,18.96
Footrendz,footrendz,women_footwear,620.0,62.0,999.0,379.0,,"Women Brown, Blue, Maroon Flats Sandal",62.06
IRSOE,irsoe,women_footwear,280.0,28.0,999.0,719.0,,Women's Tread Walk comfortable and Lightweight Running ...,28.03
Footrendz,footrendz,women_footwear,246.0,44.0,549.0,303.0,,Women Tan Flats Sandal,44.81
Footrendz,footrendz,women_footwear,666.0,66.0,999.0,333.0,,"Women Black, Blue, Grey, Pink Flats Sandal",66.67
Shezone,shezone,women_footwear,400.0,40.0,999.0,599.0,,Women Brown Wedges Sandal,40.04
DRUNKEN,drunken,women_footwear,500.0,50.0,999.0,499.0,,Slipper for Women's Flip Flops House Slides Home Bathro...,50.05
Roclex,roclex,women_footwear,400.0,40.0,999.0,599.0,,Casuals For Women,40.04
Shezone,shezone,women_footwear,400.0,40.0,999.0,599.0,,Women Off White Flats Sandal,40.04
Shoefly,shoefly,women_footwear,738.0,49.0,1497.0,759.0,,Combo Pack of Women Shoe Sneakers For Women,49.3
Feel It,feel it,women_footwear,450.0,45.0,999.0,549.0,,Women Burgundy Wedges Sandal,45.05
Sainex,sainex,women_footwear,500.0,62.0,799.0,299.0,,Women Grey Flats Sandal,62.58
BAHAMAS,bahamas,women_footwear,14.0,4.0,299.0,285.0,,Flip Flops,4.68
Bata,bata,women_footwear,74.0,14.0,499.0,425.0,,Slippers,14.83
Do Bhai,do bhai,women_footwear,100.0,20.0,499.0,399.0,,Slides,20.04
Red Tape,red tape,women_footwear,3987.0,70.0,5695.0,1708.0,,Athleisure Sports Walking Shoes For Women,70.01
Gerief,gerief,women_footwear,280.0,56.0,499.0,219.0,,Women Pink Wedges Sandal,56.11
FUNNFEEL,funnfeel,women_footwear,500.0,50.0,999.0,499.0,,Walking Shoes For Women,50.05
Nike,nike,women_footwear,924.0,25.0,3695.0,2771.0,,Revolution 5 Running Shoes For Women,25.01
Paragon,paragon,women_footwear,57.0,15.0,379.0,322.0,,Women Beige Sandal,15.04
Shezone,shezone,women_footwear,400.0,40.0,999.0,599.0,,Women Brown Heels Sandal,40.04
Paragon,paragon,women_footwear,0.0,0.0,249.0,249.0,,Women Brown Sandal,0.0
Bata,bata,women_footwear,50.0,10.0,499.0,449.0,,Women Brown Flats Sandal,10.02
Twin Toes,twin toes,women_footwear,610.0,61.0,999.0,389.0,,Perfect Stylish Girls Casual Shoes Sneakers For Women  ...,61.06
Red Tape,red tape,women_footwear,3847.0,70.0,5495.0,1648.0,,Walking Shoes For Women,70.01
V2 Retail Limited,v2 retail limited,women_footwear,580.0,52.0,1099.0,519.0,,Casuals For Women,52.78
Sparx,sparx,women_footwear,158.0,15.0,1049.0,891.0,,Women SL-146 Grey Pink Running Shoes For Women,15.06
Skechers,skechers,women_footwear,1500.0,25.0,5999.0,4499.0,,D'Lux Walker - Cross Motion Walking Shoes For Women,25.0
TRASE,trase,women_footwear,400.0,40.0,999.0,599.0,,Women Brown Wedges Sandal,40.04
Neoz,neoz,women_footwear,140.0,23.0,599.0,459.0,,Women_Classic Flip Flops,23.37
Totu,totu,women_footwear,770.0,70.0,1099.0,329.0,,Womens Comfort Stylish Trending with colorful Printed S...,70.06
Sparx,sparx,women_footwear,100.0,10.0,999.0,899.0,,SL 164 Running Shoes For Women,10.01
Bootco,bootco,women_footwear,619.0,61.0,999.0,380.0,,Women Black Flats Sandal,61.96
Myra,myra,women_footwear,500.0,55.0,899.0,399.0,,Bellies For Women,55.62
GINGER,ginger,women_footwear,0.0,0.0,999.0,999.0,,Slides,0.0
Jack N Union,jack n union,women_footwear,409.0,51.0,788.0,379.0,,Bellies For Women,51.9
Puma,puma,women_footwear,80.0,20.0,399.0,319.0,,Conik GU IDP Flip Flops,20.05
FIT O FIT,fit o fit,women_footwear,238.0,47.0,499.0,261.0,,Flip Flops,47.7
REFOAM,refoam,women_footwear,450.0,50.0,899.0,449.0,,Women Pink Synthetic Casual Slippers,50.06
Crocs,crocs,women_footwear,499.0,25.0,1995.0,1496.0,,Flip Flops,25.01
Skechers,skechers,women_footwear,1500.0,30.0,4999.0,3499.0,,Go Walk 5 Casuals For Women,30.01
AMVONZ,amvonz,women_footwear,601.0,60.0,1000.0,399.0,,Slippers & Yoga Paduka Natural Leg Foot Massager Slides,60.1
DOCTOR EXTRA SOFT,doctor extra soft,women_footwear,239.0,39.0,599.0,360.0,,Ortho-RedBlue-3 Slippers,39.9
Axter,axter,women_footwear,599.0,60.0,998.0,399.0,,Combo Pack of 2 Latest Collection Stylish Casual Loafer...,60.02
Flipside,flipside,women_footwear,40.0,10.0,399.0,359.0,,Anne Flip Flops,10.03
Carlton London,carlton london,women_footwear,1521.0,52.0,2895.0,1374.0,,Women Burgundy Casual Sandal,52.54
Sparx,sparx,women_footwear,350.0,38.0,899.0,549.0,,Sports Mesh Running Shoes For Women,38.93
Doctor Soft,doctor soft,women_footwear,500.0,50.0,999.0,499.0,,Women Black Sandal,50.05
Krafter,krafter,women_footwear,500.0,50.0,999.0,499.0,,Boots For Women,50.05
Columbus,columbus,women_footwear,10.0,1.0,599.0,589.0,,Ruhi-03 Walking Shoes For Women,1.67
Paragon,paragon,women_footwear,33.0,15.0,219.0,186.0,,Women Red Sandal,15.07
Aroom,aroom,women_footwear,610.0,61.0,999.0,389.0,,Women Multicolor Flats Sandal,61.06
Gliders by Liberty,gliders by liberty,women_footwear,30.0,10.0,299.0,269.0,,WINNER-N Slippers,10.03
RYAG,ryag,women_footwear,499.0,49.0,999.0,500.0,,Women Multicolor Flats Sandal,49.95
Butterflies Steps,butterflies steps,women_footwear,1000.0,66.0,1499.0,499.0,,Women Grey Flats Sandal,66.71
Sparx,sparx,women_footwear,155.0,17.0,899.0,744.0,,Women SL-123 Magenta Baby Pink Walking Shoes For Women,17.24
Sparx,sparx,women_footwear,175.0,17.0,999.0,824.0,,Women SL-88 Grey Pink Running Shoes For Women,17.52
Nike,nike,women_footwear,1799.0,30.0,5995.0,4196.0,,Quest 2 Running Shoes For Women,30.01
Camfoot,camfoot,women_footwear,188.0,37.0,499.0,311.0,,1152 Walking Shoes For Women,37.68
Moonwalk,moonwalk,women_footwear,700.0,70.0,999.0,299.0,,Bellies For Women,70.07
Paragon,paragon,women_footwear,30.0,15.0,199.0,169.0,,Women Blue Sandal,15.08
SWIGGY,swiggy,women_footwear,600.0,60.0,998.0,398.0,,"Casual shoes, Loafers shoes,Comfortable for women Loafe...",60.12
NORTH STAR,north star,women_footwear,140.0,20.0,699.0,559.0,,Slip On Sneakers For Women,20.03
Adda,adda,women_footwear,0.0,0.0,365.0,365.0,,Slippers,0.0
Welcome,welcome,women_footwear,0.0,0.0,289.0,289.0,,Slippers,0.0
PKKART,pkkart,women_footwear,209.0,41.0,499.0,290.0,,Women Tan Flats Sandal,41.88
Ozzy,ozzy,women_footwear,18.0,12.0,139.0,121.0,,Women Brown Flats Sandal,12.95
KOMOPT,komopt,women_footwear,200.0,50.0,399.0,199.0,,Flip Flops,50.13
BK DREAM,bk dream,women_footwear,486.0,60.0,799.0,313.0,,Women Blue Flats Sandal,60.83
Footsoul,footsoul,women_footwear,1004.0,71.0,1399.0,395.0,,Slippers,71.77
Myra,myra,women_footwear,450.0,50.0,899.0,449.0,,Women Black Flats Sandal,50.06
People,people,women_footwear,720.0,40.0,1799.0,1079.0,,People White Lace Up Shoes For Women,40.02
LooksFootwear,looksfootwear,women_footwear,500.0,50.0,999.0,499.0,,"Women Gold, Brown Wedges Sandal",50.05
Footsoul,footsoul,women_footwear,1304.0,76.0,1699.0,395.0,,Women Tan Casual Sandal,76.75
Bella Toes,bella toes,women_footwear,201.0,30.0,649.0,448.0,,011-Grey pink-5 Walking Shoes For Women,30.97
BELLA TOES,bella toes,women_footwear,400.0,40.0,999.0,599.0,,Women Brown Heels Sandal,40.04
Liberty,liberty,women_footwear,0.0,0.0,399.0,399.0,,NAPIER Flip Flops,0.0
RGK'S,rgk's,women_footwear,560.0,56.0,999.0,439.0,,"Pink, Black & White Combo of 3 Jutties Jutis For Women",56.06
Puma,puma,women_footwear,875.0,25.0,3499.0,2624.0,,Breakout Wn's IDP Running Shoe For Women,25.01
Paragon,paragon,women_footwear,34.0,14.0,229.0,195.0,,Women Brown Sandal,14.85
GIGANTIC,gigantic,women_footwear,550.0,55.0,999.0,449.0,,Women Multicolor Flats Sandal,55.06
Shoefly,shoefly,women_footwear,500.0,50.0,998.0,498.0,,Combo Pack of 2 Latest Collection Stylish Loafers Sneak...,50.1
Asian,asian,women_footwear,140.0,28.0,499.0,359.0,,Canvas Shoes For Women,28.06
Footsoul,footsoul,women_footwear,1204.0,75.0,1599.0,395.0,,Women Black Flats Sandal,75.3
Bata,bata,women_footwear,34.0,13.0,249.0,215.0,,Slippers,13.65
Fabbmate,fabbmate,women_footwear,250.0,50.0,499.0,249.0,,Slippers,50.1
Power,power,women_footwear,700.0,46.0,1499.0,799.0,,Adley Running Shoes For Women,46.7
DRUNKEN,drunken,women_footwear,500.0,50.0,999.0,499.0,,Slipper for Women's Flip Flops House Sildes Home Bathro...,50.05
Earton,earton,women_footwear,80.0,16.0,499.0,419.0,,Running Shoes For Women,16.03
InOne,inone,women_footwear,0.0,0.0,199.0,199.0,,Slippers,0.0
CODE,code,women_footwear,0.0,0.0,799.0,799.0,,Women Black Casual Sandal,0.0
Puma,puma,women_footwear,1000.0,58.0,1699.0,699.0,,Flip Flops,58.86
Totu,totu,women_footwear,0.0,0.0,799.0,799.0,,Womens Comfort Stylish Trending with colorful Printed S...,0.0
Flipside,flipside,women_footwear,50.0,10.0,499.0,449.0,,Forever New Slippers,10.02
Footrendz,footrendz,women_footwear,284.0,51.0,549.0,265.0,,Women Multicolor Flats Sandal,51.73
Paragon,paragon,women_footwear,0.0,0.0,229.0,229.0,,Women Red Flats Sandal,0.0
Bata,bata,women_footwear,0.0,0.0,499.0,499.0,,KAFI Flip Flops,0.0
Denill,denill,women_footwear,525.0,52.0,999.0,474.0,,Women White Heels Sandal,52.55
Puma,puma,women_footwear,1600.0,40.0,3999.0,2399.0,,Zod Runner NM Wns IDP Running Shoe For Women,40.01
KAYOKSH,kayoksh,women_footwear,50.0,20.0,249.0,199.0,,WOMEN BLACK GOLA SLIPPER Flip Flops,20.08
Crocs,crocs,women_footwear,839.0,33.0,2495.0,1656.0,,Slides,33.63
Longwalk,longwalk,women_footwear,401.0,40.0,999.0,598.0,,Perfect Stylish Girls High Ankel Boots For Women,40.14
Earton,earton,women_footwear,525.0,52.0,998.0,473.0,,Combo pack 2 casual bellies for women Bellies For Women,52.61
D-SNEAKERZ,d-sneakerz,women_footwear,579.0,57.0,999.0,420.0,,Synthetic Leather Casual Sneaker shoes for Women/girls ...,57.96
Power,power,women_footwear,451.0,30.0,1499.0,1048.0,,Wigwam Running Shoes For Women,30.09
Khadim's,khadim's,women_footwear,0.0,0.0,799.0,799.0,,Boots For Women,0.0
Bootco,bootco,women_footwear,616.0,61.0,999.0,383.0,,Women Off White Flats Sandal,61.66
Sparx,sparx,women_footwear,0.0,0.0,949.0,949.0,,SL 126 GREY PINK Training & Gym Shoes For Women,0.0
Bata,bata,women_footwear,0.0,0.0,499.0,499.0,,Sneakers For Women,0.0
Bata,bata,women_footwear,50.0,10.0,499.0,449.0,,Women Navy Wedges Sandal,10.02
Bright Sayera,bright sayera,women_footwear,537.0,67.0,799.0,262.0,,Women Black Flats Sandal,67.21
Footrendz,footrendz,women_footwear,683.0,68.0,999.0,316.0,,Women Silver Flats Sandal,68.37
A-HA By Liberty,a-ha by liberty,women_footwear,0.0,0.0,299.0,299.0,,TRENDY-BLACK Flip Flops,0.0
KOM-OPT,kom-opt,women_footwear,170.0,56.0,299.0,129.0,,Slippers,56.86
GINGER,ginger,women_footwear,0.0,0.0,1399.0,1399.0,,Walking Shoes For Women,0.0
AAPNI CHOICE,aapni choice,women_footwear,200.0,40.0,499.0,299.0,,Jutis For Women,40.08
JIANSH,jiansh,women_footwear,200.0,40.0,499.0,299.0,,New Trendy Fashionable And Comfortable Women and Girls ...,40.08
Birde,birde,women_footwear,200.0,40.0,499.0,299.0,,Shoes for Women Sneakers For Women,40.08
GIBELLE,gibelle,women_footwear,288.0,41.0,699.0,411.0,,Women Black Casual Sandal,41.2
Longwalk,longwalk,women_footwear,555.0,55.0,999.0,444.0,,Girls Casual Partywear Sneakers For Women,55.56
Puma,puma,women_footwear,800.0,47.0,1699.0,899.0,,Caper NU IDP Flip Flops,47.09
Super Matteress,super matteress,women_footwear,526.0,52.0,998.0,472.0,,Women Multicolor Flats Sandal,52.71
Crocs,crocs,women_footwear,601.0,24.0,2495.0,1894.0,,Women Blue Clogs Sandal,24.09
Gliders by Liberty,gliders by liberty,women_footwear,520.0,40.0,1299.0,779.0,,SENNA-VOILET Slip On For Women,40.03
Sparx,sparx,women_footwear,131.0,23.0,549.0,418.0,,Women 86 Casuals For Women,23.86
Paragon,paragon,women_footwear,33.0,15.0,219.0,186.0,,Women Purple Sports Sandal,15.07
ROBBOX,robbox,women_footwear,600.0,60.0,999.0,399.0,,Casual Sneakers Sneakers For Women,60.06
Commander,commander,women_footwear,400.0,40.0,999.0,599.0,,Partywear And Casual Chukka Boots for Girls And Women (...,40.04
Puma,puma,women_footwear,1400.0,35.0,3999.0,2599.0,,Progression Pro Wn s IDP Running Shoes For Women,35.01
Shoe Lab,shoe lab,women_footwear,200.0,40.0,499.0,299.0,,Flip Flops,40.08
Fila,fila,women_footwear,690.0,30.0,2299.0,1609.0,,ALESSA Running Shoes For Women,30.01
Des Tongs,des tongs,women_footwear,500.0,58.0,849.0,349.0,,"Trending and Unique Style Flip Flops, New Design Slides...",58.89
Asian,asian,women_footwear,482.0,48.0,998.0,516.0,,"Training Shoes,Running Shoes,Gym Shoes,Loafers,Casual S...",48.3
Shezone,shezone,women_footwear,400.0,40.0,999.0,599.0,,Women Pink Wedges Sandal,40.04
FA82,fa82,women_footwear,201.0,40.0,499.0,298.0,,shoe Bellies For Women,40.28
Footsoul,footsoul,women_footwear,1204.0,75.0,1599.0,395.0,,Women Neutral Flats Sandal,75.3
RANKONE,rankone,women_footwear,570.0,63.0,899.0,329.0,,Slippers,63.4
Liberty,liberty,women_footwear,180.0,30.0,599.0,419.0,,Women Tan Flats Sandal,30.05
PKKART,pkkart,women_footwear,209.0,41.0,499.0,290.0,,Women Maroon Flats Sandal,41.88
Shooting Star,shooting star,women_footwear,678.0,67.0,998.0,320.0,,Flip Flops,67.94
XE Looks,xe looks,women_footwear,500.0,50.0,999.0,499.0,,Women Black Bellies Sandal,50.05
PKKART,pkkart,women_footwear,209.0,41.0,499.0,290.0,,Women Red Flats Sandal,41.88
BK DREAM,bk dream,women_footwear,482.0,60.0,799.0,317.0,,Women Tan Flats Sandal,60.33
PKKART,pkkart,women_footwear,209.0,41.0,499.0,290.0,,Women Yellow Flats Sandal,41.88
BK DREAM,bk dream,women_footwear,495.0,61.0,799.0,304.0,,Women Maroon Flats Sandal,61.95
Flying Machine,flying machine,women_westernwear,785.0,52.0,1499.0,714.0,,Skinny Women Grey Jeans,52.37
Pepe Jeans,pepe jeans,women_westernwear,500.0,50.0,999.0,499.0,,Printed Women Round Neck White T-Shirt,50.05
KURTI WORLD,kurti world,women_westernwear,739.0,73.0,999.0,260.0,,Casual Roll-up Sleeve Solid Women Dark Blue Top,73.97
BuyNewTrend,buynewtrend,women_westernwear,1200.0,75.0,1599.0,399.0,,Skinny Women Light Blue Jeans,75.05
pdpm,pdpm,women_westernwear,200.0,50.0,399.0,199.0,,"Printed, Striped Women White, Black Regular Shorts",50.13
Daevish,daevish,women_westernwear,700.0,58.0,1199.0,499.0,,Women A-line Black Dress,58.38
SharkTribe,sharktribe,women_westernwear,870.0,62.0,1399.0,529.0,,Women Multicolor Capri,62.19
BuyNewTrend,buynewtrend,women_westernwear,1200.0,75.0,1599.0,399.0,,Skinny Women Dark Blue Jeans,75.05
Rebound,rebound,women_westernwear,810.0,81.0,999.0,189.0,,Casual Short Sleeve Solid Women Maroon Top,81.08
So Sweety,so sweety,women_westernwear,650.0,50.0,1299.0,649.0,,Printed Women Round Neck Multicolor T-Shirt,50.04
pdpm,pdpm,women_westernwear,720.0,64.0,1119.0,399.0,,Flared Women Maroon Cotton Rayon Blend Trousers,64.34
,,women_westernwear,944.0,69.0,1349.0,405.0,,CN FASHION Churidar  Legging,69.98
DELMY,delmy,women_westernwear,850.0,53.0,1599.0,749.0,,Slim Women Blue Jeans,53.16
Flying Machine,flying machine,women_westernwear,668.0,44.0,1499.0,831.0,,Slim Women Blue Jeans,44.56
Metronaut,metronaut,women_westernwear,634.0,68.0,929.0,295.0,,"Printed Women Henley Neck White, Pink T-Shirt",68.25
,,women_westernwear,874.0,67.0,1299.0,425.0,,CN FASHION Churidar  Legging,67.28
Elepants,elepants,women_westernwear,900.0,75.0,1199.0,299.0,,Solid Women Round Neck Yellow T-Shirt,75.06
BASE 41,base 41,women_westernwear,710.0,71.0,999.0,289.0,,Solid Women Round Neck Yellow T-Shirt,71.07
BuyNewTrend,buynewtrend,women_westernwear,1034.0,68.0,1499.0,465.0,,Full Sleeve Ombre Women Denim Jacket,68.98
Spykar,spykar,women_westernwear,1373.0,54.0,2499.0,1126.0,,Slim Women Blue Jeans,54.94
VIVINKS,vivinks,women_westernwear,750.0,75.0,999.0,249.0,,"Color Block Women Round Neck White, Black T-Shirt",75.08
AG Fashions,ag fashions,women_westernwear,700.0,70.0,999.0,299.0,,Printed Women Round Neck Light Green T-Shirt,70.07
Elepants,elepants,women_westernwear,900.0,75.0,1199.0,299.0,,Solid Women Round Neck Red T-Shirt,75.06
Pepe Jeans,pepe jeans,women_westernwear,1019.0,46.0,2199.0,1180.0,,Skinny Women White Jeans,46.34
Elepants,elepants,women_westernwear,900.0,75.0,1199.0,299.0,,Solid Women Round Neck Light Green T-Shirt,75.06
VAANYA,vaanya,women_westernwear,700.0,70.0,999.0,299.0,,Casual Bell Sleeve Solid Women Pink Top,70.07
BASE 41,base 41,women_westernwear,710.0,71.0,999.0,289.0,,Solid Women Round Neck Red T-Shirt,71.07
Levi's,levi's,women_westernwear,1344.0,43.0,3099.0,1755.0,,Super Skinny Women Blue Jeans,43.37
Reifica,reifica,women_westernwear,601.0,60.0,999.0,398.0,,"Solid Women Round Neck Maroon, Yellow T-Shirt",60.16
FLEXIMAA,fleximaa,women_westernwear,550.0,55.0,999.0,449.0,,"Printed Women Round Neck Red, Blue T-Shirt",55.06
Rebound,rebound,women_westernwear,810.0,81.0,999.0,189.0,,Color Block Women Round Neck Multicolor T-Shirt,81.08
Pepe Jeans,pepe jeans,women_westernwear,873.0,39.0,2199.0,1326.0,,Super Skinny Women Blue Jeans,39.7
,,women_westernwear,601.0,60.0,999.0,398.0,,Amitgroup Black Jegging,60.16
Aelomart,aelomart,women_westernwear,1150.0,71.0,1599.0,449.0,,"Casual Full Sleeve Striped Women White, Yellow Top",71.92
silkova,silkova,women_westernwear,1700.0,85.0,1999.0,299.0,,Casual Cutout Sleeve Solid Women Dark Blue Top,85.04
DUENITE,duenite,women_westernwear,1180.0,80.0,1475.0,295.0,,Casual Full Sleeve Color Block Women White Top,80.0
Emeros,emeros,women_westernwear,850.0,63.0,1349.0,499.0,,"Regular Fit Women Dark Blue, Orange Poly Crepe Trousers",63.01
Pepe Jeans,pepe jeans,women_westernwear,488.0,48.0,999.0,511.0,,Printed Women Round Neck White T-Shirt,48.85
U&F,u&f,women_westernwear,1275.0,75.0,1699.0,424.0,,"Casual Cap Sleeve Printed, Checkered Women White, Black...",75.04
silkova,silkova,women_westernwear,1600.0,80.0,1999.0,399.0,,Casual Cutout Sleeve Solid Women Yellow Top,80.04
,,women_westernwear,1570.0,79.0,1969.0,399.0,,Amitgroup Black Jegging,79.74
Hetvi Creation,hetvi creation,women_westernwear,949.0,63.0,1499.0,550.0,,Women Fit and Flare Multicolor Dress,63.31
Reifica,reifica,women_westernwear,601.0,60.0,999.0,398.0,,"Solid Women Round Neck Maroon, Black T-Shirt",60.16
BASE 41,base 41,women_westernwear,710.0,71.0,999.0,289.0,,Solid Women Round Neck Green T-Shirt,71.07
BuyNewTrend,buynewtrend,women_westernwear,1000.0,62.0,1599.0,599.0,,Women Black Dungaree,62.54
DSK STUDIO,dsk studio,women_westernwear,950.0,73.0,1299.0,349.0,,Women A-line Multicolor Dress,73.13
BASE 41,base 41,women_westernwear,720.0,72.0,999.0,279.0,,Color Block Women Round Neck Red T-Shirt,72.07
MODERN KART,modern kart,women_westernwear,760.0,69.0,1099.0,339.0,,Women Printed Wrap Around Multicolor Skirt,69.15
VIVINKS,vivinks,women_westernwear,900.0,75.0,1199.0,299.0,,"Solid Women Round Neck Black, Yellow T-Shirt",75.06
Indibelle,indibelle,women_westernwear,748.0,59.0,1249.0,501.0,,Women Straight Half Sleeve Multicolor Shrug,59.89
MONTREZ,montrez,women_westernwear,1075.0,71.0,1499.0,424.0,,Full Sleeve Solid Women Denim Jacket,71.71
DSK STUDIO,dsk studio,women_westernwear,950.0,73.0,1299.0,349.0,,"Women Fit and Flare White, Black Dress",73.13
Rangun,rangun,women_westernwear,650.0,65.0,999.0,349.0,,"Women Fit and Flare White, Black Dress",65.07
KURTI WORLD,kurti world,women_westernwear,739.0,73.0,999.0,260.0,,Casual Roll-up Sleeve Solid Women Pink Top,73.97
Young Trendz,young trendz,women_westernwear,800.0,61.0,1299.0,499.0,,Graphic Print Women Round Neck Multicolor T-Shirt,61.59
MONTREZ,montrez,women_westernwear,1100.0,73.0,1499.0,399.0,,Skinny Women Light Blue Jeans,73.38
,,women_westernwear,715.0,71.0,999.0,284.0,,CN FASHION Churidar  Legging,71.57
,,women_westernwear,1074.0,71.0,1499.0,425.0,,CN FASHION Churidar  Legging,71.65
BASE 41,base 41,women_westernwear,710.0,71.0,999.0,289.0,,Solid Women Round Neck Black T-Shirt,71.07
A-Okay,a-okay,women_westernwear,1713.0,75.0,2275.0,562.0,,Jogger Fit Women Blue Jeans,75.3
Metronaut,metronaut,women_westernwear,544.0,64.0,839.0,295.0,,Printed Women Henley Neck Dark Blue T-Shirt,64.84
,,women_westernwear,870.0,66.0,1299.0,429.0,,MIK FASHION Black Tregging,66.97
Aayu,aayu,women_westernwear,500.0,45.0,1099.0,599.0,,Women Fit and Flare Multicolor Dress,45.5
DUENITE,duenite,women_westernwear,600.0,60.0,999.0,399.0,,Casual 3/4 Sleeve Printed Women Yellow Top,60.06
AG Fashions,ag fashions,women_westernwear,449.0,44.0,999.0,550.0,,Typography Women Round Neck Orange T-Shirt,44.94
Elepants,elepants,women_westernwear,749.0,74.0,999.0,250.0,,Striped Women Round Neck Multicolor T-Shirt,74.97
TOKYO TALKIES,tokyo talkies,women_westernwear,2145.0,65.0,3299.0,1154.0,,Full Sleeve Washed Women Jacket,65.02
Young Trendz,young trendz,women_westernwear,929.0,63.0,1459.0,530.0,,Graphic Print Women Round Neck Multicolor T-Shirt,63.67
BuyNewTrend,buynewtrend,women_westernwear,1100.0,73.0,1499.0,399.0,,Full Sleeve Solid Women Denim Jacket,73.38
CRAFTLY,craftly,women_westernwear,849.0,77.0,1099.0,250.0,,Printed Women Round Neck Red T-Shirt,77.25
GMI,gmi,women_westernwear,702.0,63.0,1099.0,397.0,,Casual 3/4 Sleeve Solid Women Green Top,63.88
Reifica,reifica,women_westernwear,601.0,60.0,999.0,398.0,,"Solid Women Round Neck Black, Yellow T-Shirt",60.16
FLEXIMAA,fleximaa,women_westernwear,1151.0,63.0,1799.0,648.0,,Printed Women Round Neck Multicolor T-Shirt,63.98
AG Fashion,ag fashion,women_westernwear,700.0,70.0,999.0,299.0,,Printed Women Round Neck Blue T-Shirt,70.07
pdpm,pdpm,women_westernwear,200.0,40.0,499.0,299.0,,Relaxed Women Multicolor Rayon Trousers,40.08
2 Day,2 day,women_westernwear,500.0,50.0,999.0,499.0,,Casual Cap Sleeve Printed Women Multicolor Top,50.05
BASE 41,base 41,women_westernwear,710.0,71.0,999.0,289.0,,Solid Women Round Neck White T-Shirt,71.07
Absorbing,absorbing,women_westernwear,600.0,60.0,999.0,399.0,,Casual Regular Sleeve Printed Women Yellow Top,60.06
Neu Look,neu look,women_westernwear,1100.0,73.0,1499.0,399.0,,Color Block Women Black Tights,73.38
FLEXIMAA,fleximaa,women_westernwear,142.0,40.0,349.0,207.0,,Solid Women Round Neck Purple T-Shirt,40.69
Elepants,elepants,women_westernwear,900.0,75.0,1199.0,299.0,,Solid Women Round Neck Dark Blue T-Shirt,75.06
Curare,curare,women_westernwear,450.0,45.0,999.0,549.0,,Checkered Women Multicolor Night Shorts,45.05
upperkutt,upperkutt,women_westernwear,624.0,62.0,999.0,375.0,,Casual Short Sleeve Solid Women Red Top,62.46
Selvia,selvia,women_westernwear,1331.0,72.0,1830.0,499.0,,"Women A-line Multicolor, Dark Blue, Pink, Beige Dress",72.73
GMI,gmi,women_westernwear,699.0,70.0,998.0,299.0,,Formal Short Sleeve Solid Women Green Top,70.04
MONTREZ,montrez,women_westernwear,1550.0,77.0,1999.0,449.0,,3/4th Sleeve Solid Women Jacket,77.54
RG,rg,women_westernwear,700.0,70.0,999.0,299.0,,Printed Women Round Neck Black T-Shirt,70.07
MONTREZ,montrez,women_westernwear,1600.0,80.0,1999.0,399.0,,Full Sleeve Solid Women Denim Jacket,80.04
DARZI,darzi,women_westernwear,900.0,75.0,1199.0,299.0,,Casual 3/4 Sleeve Printed Women Multicolor Top,75.06
Gritstones,gritstones,women_westernwear,1000.0,76.0,1299.0,299.0,,Casual Half Sleeve Printed Women Yellow Top,76.98
Tap in,tap in,women_westernwear,996.0,76.0,1295.0,299.0,,Color Block Women Round Neck Yellow T-Shirt,76.91
fabstone collection,fabstone collection,women_westernwear,314.0,52.0,599.0,285.0,,Solid Women Round Neck Yellow T-Shirt,52.42
VIVINKS,vivinks,women_westernwear,750.0,75.0,999.0,249.0,,"Color Block Women Round Neck White, Brown T-Shirt",75.08
VAANYA,vaanya,women_westernwear,628.0,62.0,999.0,371.0,,Casual Bell Sleeve Solid Women Dark Blue Top,62.86
Broadstar,broadstar,women_westernwear,1300.0,65.0,1999.0,699.0,,"Printed Women Round Neck Red, Yellow T-Shirt",65.03
Kannan,kannan,women_westernwear,844.0,64.0,1299.0,455.0,,Women Maxi Multicolor Dress,64.97
FLEXIMAA,fleximaa,women_westernwear,1367.0,75.0,1799.0,432.0,,Printed Women Round Neck Multicolor T-Shirt,75.99
ASEAN,asean,women_westernwear,1400.0,70.0,1999.0,599.0,,Women Gathered Multicolor Dress,70.04
BuyNewTrend,buynewtrend,women_westernwear,1000.0,66.0,1499.0,499.0,,Full Sleeve Embellished Women Denim Jacket,66.71
Shinoy,shinoy,women_westernwear,500.0,50.0,999.0,499.0,,Casual 3/4 Sleeve Solid Women Light Green Top,50.05
Pratyusha,pratyusha,women_westernwear,800.0,72.0,1099.0,299.0,,Checkered Women Black Regular Shorts,72.79
Selvia,selvia,women_westernwear,894.0,76.0,1163.0,269.0,,"Casual Petal Sleeve Printed Women Red, White Top",76.87
SharkTribe,sharktribe,women_westernwear,750.0,75.0,999.0,249.0,,"Color Block Women Round Neck Dark Blue, Grey T-Shirt",75.08
,,women_westernwear,321.0,53.0,600.0,279.0,,FUBAR Ankle Length  Legging,53.5
Unique Choice,unique choice,women_westernwear,616.0,61.0,999.0,383.0,,Regular Fit Women Multicolor Pure Cotton Trousers,61.66
Elepants,elepants,women_westernwear,749.0,74.0,999.0,250.0,,"Striped Women Round Neck White, Blue, Black T-Shirt",74.97
Young Trendz,young trendz,women_westernwear,947.0,64.0,1459.0,512.0,,Graphic Print Women Round Neck Multicolor T-Shirt,64.91
,,women_westernwear,800.0,61.0,1299.0,499.0,,Promise Deal Multicolor Jegging,61.59
,,women_westernwear,500.0,62.0,799.0,299.0,,Mesh Blue Jegging,62.58
The Dry State,the dry state,women_westernwear,615.0,61.0,999.0,384.0,,Solid Women Round Neck Multicolor T-Shirt,61.56
Selvia,selvia,women_westernwear,1164.0,69.0,1663.0,499.0,,Casual Ruffled Sleeve Lace Women White Top,69.99
upperkutt,upperkutt,women_westernwear,1624.0,81.0,1999.0,375.0,,Casual Short Sleeve Solid Women Yellow Top,81.24
Emeros,emeros,women_westernwear,850.0,63.0,1349.0,499.0,,"Regular Fit Women Multicolor, Light Green Poly Crepe Tr...",63.01
Aelomart,aelomart,women_westernwear,1150.0,71.0,1599.0,449.0,,"Casual Full Sleeve Striped Women White, Maroon Top",71.92
Venisa,venisa,women_westernwear,950.0,67.0,1399.0,449.0,,Casual 3/4 Sleeve Solid Women Dark Blue Top,67.91
Hetvi Creation,hetvi creation,women_westernwear,1160.0,68.0,1699.0,539.0,,Women Maxi Maroon Dress,68.28
Sahiba Impex,sahiba impex,women_westernwear,500.0,50.0,999.0,499.0,,Party Bell Sleeve Embroidered Women Green Top,50.05
Levi's,levi's,women_westernwear,288.0,28.0,999.0,711.0,,Printed Women Round Neck Yellow T-Shirt,28.83
pdpm,pdpm,women_westernwear,200.0,40.0,499.0,299.0,,Regular Fit Women Yellow Rayon Trousers,40.08
Flying Machine,flying machine,women_westernwear,819.0,54.0,1499.0,680.0,,Slim Women Blue Jeans,54.64
TANDUL,tandul,women_westernwear,1500.0,75.0,1999.0,499.0,,Women Solid Flared Maroon Skirt,75.04
Gritstones,gritstones,women_westernwear,1000.0,76.0,1299.0,299.0,,Casual Half Sleeve Printed Women White Top,76.98
Curare,curare,women_westernwear,450.0,45.0,999.0,549.0,,Checkered Women Multicolor Boxer Shorts,45.05
Young Trendz,young trendz,women_westernwear,800.0,61.0,1299.0,499.0,,Printed Women Round Neck Multicolor T-Shirt,61.59
,,women_westernwear,510.0,63.0,799.0,289.0,,NAAZ Fashions Black Jegging,63.83
Lee,lee,women_westernwear,1223.0,61.0,1999.0,776.0,,Women Checkered Casual Slim Shirt,61.18
New Ethnic 4 You,new ethnic 4 you,women_westernwear,1000.0,76.0,1299.0,299.0,,Women Fit and Flare Black Dress,76.98
A-Okay,a-okay,women_westernwear,1713.0,75.0,2275.0,562.0,,Jogger Fit Women Light Blue Jeans,75.3
Ap'pulse,ap'pulse,women_westernwear,1168.0,64.0,1797.0,629.0,,"Solid Women Round Neck Maroon, Black, Grey T-Shirt",65.0
DECKEDUP,deckedup,women_westernwear,669.0,74.0,899.0,230.0,,Regular Fit Women Maroon Pure Cotton Trousers,74.42
Jockey,jockey,women_westernwear,0.0,0.0,279.0,279.0,,Casual Sleeveless Solid Women Black Top,0.0
Wrangler,wrangler,women_westernwear,350.0,39.0,895.0,545.0,,Printed Women Round Neck Green T-Shirt,39.11
,,women_westernwear,450.0,60.0,749.0,299.0,,Mesh Blue Jegging,60.08
FEBIA,febia,women_westernwear,350.0,50.0,699.0,349.0,,Casual 3/4 Sleeve Printed Women Grey Top,50.07
Gujari,gujari,women_westernwear,700.0,63.0,1099.0,399.0,,Casual Bell Sleeve Printed Women Multicolor Top,63.69
Crease & Clips,crease & clips,women_westernwear,2149.0,76.0,2799.0,650.0,,Women Fit and Flare Black Dress,76.78
RG,rg,women_westernwear,700.0,70.0,999.0,299.0,,Printed Women Round Neck Grey T-Shirt,70.07
Le Bourgeois,le bourgeois,women_westernwear,750.0,75.0,999.0,249.0,,Casual 3/4 Sleeve Lace Women Black Top,75.08
Q-Rious,q-rious,women_westernwear,900.0,60.0,1499.0,599.0,,Regular Fit Women Green Cotton Blend Trousers,60.04
NEYSA,neysa,women_westernwear,350.0,50.0,699.0,349.0,,Regular Fit Women Black Hosiery Trousers,50.07
KURTI WORLD,kurti world,women_westernwear,739.0,73.0,999.0,260.0,,Casual Roll-up Sleeve Solid Women Yellow Top,73.97
RG,rg,women_westernwear,600.0,66.0,899.0,299.0,,Printed Women Round Neck Pink T-Shirt,66.74
GOD BLESS,god bless,women_westernwear,700.0,58.0,1199.0,499.0,,Casual Flared Sleeve Solid Women Maroon Top,58.38
J B Fashion,j b fashion,women_westernwear,861.0,66.0,1299.0,438.0,,Party 3/4 Sleeve Printed Women White Top,66.28
Young Trendz,young trendz,women_westernwear,960.0,65.0,1459.0,499.0,,Graphic Print Women Round Neck Multicolor T-Shirt,65.8
CRAZYINK,crazyink,women_westernwear,700.0,70.0,999.0,299.0,,Printed Women Round Neck Black T-Shirt,70.07
BASE 41,base 41,women_westernwear,700.0,70.0,999.0,299.0,,Casual Half Sleeve Solid Women Black Top,70.07
Van Heusen,van heusen,women_westernwear,917.0,50.0,1799.0,882.0,,Slim Fit Women Black Polycotton Trousers,50.97
KD,kd,women_westernwear,900.0,81.0,1099.0,199.0,,Flared Women Dark Blue Cotton Rayon Blend Trousers,81.89
Slenor,slenor,women_westernwear,2100.0,70.0,2999.0,899.0,,Solid Women Jumpsuit,70.02
A-Okay,a-okay,women_westernwear,1690.0,74.0,2275.0,585.0,,Slim Women Blue Jeans,74.29
INK FREE FASHION,ink free fashion,women_westernwear,920.0,76.0,1199.0,279.0,,Solid Women Round Neck Dark Green T-Shirt,76.73
NEYSA,neysa,women_westernwear,350.0,50.0,699.0,349.0,,Regular Fit Women Dark Blue Hosiery Trousers,50.07
,,women_westernwear,1452.0,78.0,1850.0,398.0,,Amitgroup Black Jegging,78.49
COUPLESTUFF.IN,couplestuff.in,women_westernwear,700.0,70.0,999.0,299.0,,Women T Shirt Black Dress,70.07
POPWINGS,popwings,women_westernwear,805.0,61.0,1299.0,494.0,,Regular Fit Women Multicolor Polyester Trousers,61.97
BLezza,blezza,women_westernwear,633.0,63.0,999.0,366.0,,Casual 3/4 Sleeve Solid Women Yellow Top,63.36
Dillinger,dillinger,women_westernwear,900.0,75.0,1199.0,299.0,,Graphic Print Women Round Neck Yellow T-Shirt,75.06
Reifica,reifica,women_westernwear,641.0,64.0,999.0,358.0,,"Solid Women Round Neck Dark Blue, Yellow T-Shirt",64.16
RG,rg,women_westernwear,700.0,70.0,999.0,299.0,,Printed Women Round Neck Pink T-Shirt,70.07
VTV,vtv,women_westernwear,2470.0,82.0,2999.0,529.0,,Full Sleeve Washed Women Jacket,82.36
Me Craft,me craft,women_westernwear,300.0,30.0,999.0,699.0,,"Regular Fit Women Green, Black Cotton Blend Trousers",30.03
Yes'No,yes'no,women_westernwear,810.0,81.0,999.0,189.0,,Striped Women Round Neck Dark Blue T-Shirt,81.08
aaj collection,aaj collection,women_westernwear,750.0,62.0,1199.0,449.0,,Women Solid Casual Slim Shirt,62.55
FLEXIMAA,fleximaa,women_westernwear,550.0,55.0,999.0,449.0,,"Printed Women Round Neck Black, Grey T-Shirt",55.06
Aelomart,aelomart,women_westernwear,1200.0,75.0,1599.0,399.0,,Casual Full Sleeve Solid Women Light Green Top,75.05
A9,a9,women_westernwear,1109.0,61.0,1798.0,689.0,,"Women Dark Blue, Red Capri",61.68
VAANYA,vaanya,women_westernwear,1000.0,76.0,1299.0,299.0,,Casual Bell Sleeve Solid Women Black Top,76.98
BuyNewTrend,buynewtrend,women_westernwear,900.0,60.0,1499.0,599.0,,Women Maroon Dungaree,60.04
Sheetal Associates,sheetal associates,women_westernwear,450.0,45.0,999.0,549.0,,Women A-line Green Dress,45.05
Oomph!,oomph!,women_westernwear,1031.0,77.0,1330.0,299.0,,Casual Butterfly Sleeve Floral Print Women Multicolor T...,77.52
Dillinger,dillinger,women_westernwear,850.0,70.0,1199.0,349.0,,"Printed, Color Block Women Round Neck Dark Blue T-Shirt",70.89
IQRA FASHION,iqra fashion,women_westernwear,550.0,55.0,999.0,449.0,,Women Gown Maroon Dress,55.06
Levi's,levi's,women_westernwear,288.0,28.0,999.0,711.0,,Printed Women Round Neck Black T-Shirt,28.83
My Swag,my swag,women_westernwear,584.0,64.0,899.0,315.0,,Checkered Women Black Regular Shorts,64.96
Rebound,rebound,women_westernwear,810.0,81.0,999.0,189.0,,Casual Short Sleeve Solid Women Yellow Top,81.08
Sheetal Associates,sheetal associates,women_westernwear,500.0,50.0,999.0,499.0,,Women Maxi Pink Dress,50.05
Selvia,selvia,women_westernwear,1164.0,69.0,1663.0,499.0,,"Casual Slit Sleeve, Flared Sleeve Lace Women Red Top",69.99
Aelomart,aelomart,women_westernwear,1200.0,75.0,1599.0,399.0,,"Casual Regular Sleeve Color Block Women White, Maroon T...",75.05
Shinoy,shinoy,women_westernwear,500.0,50.0,999.0,499.0,,Casual 3/4 Sleeve Solid Women Pink Top,50.05
TANDUL,tandul,women_westernwear,950.0,79.0,1199.0,249.0,,Casual Regular Sleeve Striped Women Multicolor Top,79.23
STYLE HIVE,style hive,women_westernwear,490.0,49.0,999.0,509.0,,"Flared Women Black, Grey Poly Silk Trousers",49.05
GOD BLESS,god bless,women_westernwear,750.0,62.0,1199.0,449.0,,Casual Sleeveless Solid Women Dark Blue Top,62.55
Silkova,silkova,women_westernwear,620.0,62.0,999.0,379.0,,Casual Roll-up Sleeve Embroidered Women Yellow Top,62.06
VIVINKS,vivinks,women_westernwear,750.0,75.0,999.0,249.0,,"Color Block Women Round Neck Red, White T-Shirt",75.08
Metronaut,metronaut,women_westernwear,710.0,74.0,959.0,249.0,,Military Camouflage Women Henley Neck Multicolor T-Shir...,74.04
Emeros,emeros,women_westernwear,850.0,63.0,1349.0,499.0,,"Regular Fit Women Maroon, Orange Poly Crepe Trousers",63.01
Le Bourgeois,le bourgeois,women_westernwear,650.0,65.0,999.0,349.0,,Casual Full Sleeve Solid Women Black Top,65.07
GOD BLESS,god bless,women_westernwear,750.0,57.0,1299.0,549.0,,Casual 3/4 Sleeve Checkered Women Grey Top,57.74
Aayu,aayu,women_westernwear,305.0,33.0,899.0,594.0,,Women Maxi Maroon Dress,33.93
DARZI,darzi,women_westernwear,700.0,58.0,1199.0,499.0,,Regular Fit Women Multicolor Viscose Blend Trousers,58.38
Neu Look,neu look,women_westernwear,900.0,69.0,1299.0,399.0,,Solid Women Blue Tights,69.28
Broadstar,broadstar,women_westernwear,1300.0,65.0,1999.0,699.0,,"Printed Women Round Neck Green, Yellow T-Shirt",65.03
Sheetal Associates,sheetal associates,women_westernwear,450.0,45.0,999.0,549.0,,Women A-line Blue Dress,45.05
Aaj Collection,aaj collection,women_westernwear,1150.0,71.0,1599.0,449.0,,Women Solid Casual Shirt,71.92
The Dry State,the dry state,women_westernwear,616.0,61.0,999.0,383.0,,Color Block Women Round Neck Multicolor T-Shirt,61.66
Attire4ever,attire4ever,women_westernwear,619.0,61.0,999.0,380.0,,Casual Regular Sleeve Embroidered Women Maroon Top,61.96
Dreambe,dreambe,women_westernwear,1012.0,75.0,1349.0,337.0,,"Striped Women White, Black Night Shorts",75.02
Tap-in,tap-in,women_westernwear,850.0,71.0,1195.0,345.0,,Color Block Women Hooded Neck Yellow T-Shirt,71.13
,,women_westernwear,709.0,70.0,999.0,290.0,,MIK FASHION Black Jegging,70.97
Aelomart,aelomart,women_westernwear,1200.0,75.0,1599.0,399.0,,Casual Full Sleeve Solid Women White Top,75.05
Peplum,peplum,women_westernwear,1851.0,74.0,2499.0,648.0,,Women Maxi Blue Dress,74.07
CRAFTLY,craftly,women_westernwear,830.0,75.0,1099.0,269.0,,Printed Women Round Neck Black T-Shirt,75.52
Glance Designs,glance designs,women_westernwear,900.0,69.0,1299.0,399.0,,Casual 3/4 Sleeve Checkered Women Black Top,69.28
Gujari,gujari,women_westernwear,700.0,63.0,1099.0,399.0,,Casual Regular Sleeve Printed Women Green Top,63.69
,,women_westernwear,701.0,70.0,999.0,298.0,,Ratan Cloth Factory 3/4th/Calf Length Legging,70.17
NITVAN,nitvan,women_westernwear,795.0,66.0,1199.0,404.0,,Casual Regular Sleeve Solid Women Pink Top,66.31
Emeros,emeros,women_westernwear,580.0,64.0,899.0,319.0,,Flared Women Multicolor Poly Crepe Trousers,64.52
Young Trendz,young trendz,women_westernwear,1031.0,59.0,1729.0,698.0,,"Self Design, Solid Women Round Neck Multicolor T-Shirt",59.63
The Dry State,the dry state,women_westernwear,616.0,61.0,999.0,383.0,,Solid Women Black Regular Shorts,61.66
GOD BLESS,god bless,women_westernwear,750.0,62.0,1199.0,449.0,,Casual Roll-up Sleeve Checkered Women Yellow Top,62.55
Q-Rious,q-rious,women_westernwear,634.0,63.0,999.0,365.0,,Regular Fit Women Black Cotton Blend Trousers,63.46
Istyle Can,istyle can,women_westernwear,1050.0,70.0,1499.0,449.0,,Casual Bell Sleeve Solid Women Maroon Top,70.05
EditLook,editlook,women_westernwear,1050.0,60.0,1749.0,699.0,,Women Cargos,60.03
Crease & Clips,crease & clips,women_westernwear,751.0,60.0,1249.0,498.0,,Women A-line Black Dress,60.13
Aawari,aawari,women_westernwear,849.0,70.0,1199.0,350.0,,"Flared Women Brown, Beige Rayon Trousers",70.81
Dillinger,dillinger,women_westernwear,700.0,70.0,999.0,299.0,,Striped Women Round Neck Yellow T-Shirt,70.07
J B Fashion,j b fashion,women_westernwear,810.0,62.0,1299.0,489.0,,Party Flared Sleeve Printed Women Light Blue Top,62.36
BuyNewTrend,buynewtrend,women_westernwear,1100.0,73.0,1499.0,399.0,,Casual 3/4 Sleeve Solid Women Pink Top,73.38
Unique Choice,unique choice,women_westernwear,616.0,61.0,999.0,383.0,,Relaxed Women Multicolor Cotton Blend Trousers,61.66
,,women_westernwear,1503.0,79.0,1883.0,380.0,,FSF FASHION Black Jegging,79.82
FLEXIMAA,fleximaa,women_westernwear,440.0,55.0,799.0,359.0,,Casual Short Sleeve Printed Women Red Top,55.07
Shinoy,shinoy,women_westernwear,500.0,50.0,999.0,499.0,,Casual 3/4 Sleeve Solid Women Maroon Top,50.05
WEFT,weft,women_westernwear,672.0,70.0,949.0,277.0,,Printed Women Round Neck Red T-Shirt,70.81
Ap'pulse,ap'pulse,women_westernwear,600.0,60.0,999.0,399.0,,Solid Women Round Neck Dark Blue T-Shirt,60.06
Pepe Jeans,pepe jeans,women_westernwear,907.0,45.0,1999.0,1092.0,,Regular Women Blue Jeans,45.37
Tokyo Talkies,tokyo talkies,women_westernwear,754.0,50.0,1499.0,745.0,,Women Maxi Light Blue Dress,50.3
GOODWILL,goodwill,women_westernwear,751.0,62.0,1200.0,449.0,,Regular Fit Women Green Cotton Rayon Blend Trousers,62.58
Gritstones,gritstones,women_westernwear,1000.0,76.0,1299.0,299.0,,Casual Half Sleeve Printed Women Red Top,76.98
Metronaut,metronaut,women_westernwear,584.0,66.0,879.0,295.0,,"Printed Women Henley Neck White, Black T-Shirt",66.44
Ap'pulse,ap'pulse,women_westernwear,1168.0,64.0,1797.0,629.0,,"Solid Women Round Neck Dark Blue, Maroon, Pink T-Shirt",65.0
,,women_westernwear,750.0,75.0,999.0,249.0,,TRISHTY FASHION Black Jegging,75.08
Uptownie Lite,uptownie lite,women_westernwear,948.0,55.0,1699.0,751.0,,Solid Women Jumpsuit,55.8
Pepe Jeans,pepe jeans,women_westernwear,465.0,38.0,1199.0,734.0,,Military Camouflage Women Round Neck Multicolor T-Shirt,38.78
New Ethnic 4 You,new ethnic 4 you,women_westernwear,1000.0,76.0,1299.0,299.0,,Women Fit and Flare Pink Dress,76.98
Jockey,jockey,women_westernwear,70.0,26.0,269.0,199.0,,Casual Sleeveless Solid Women Black Top,26.02
Milost,milost,women_westernwear,1400.0,70.0,1999.0,599.0,,Women Maxi Orange Dress,70.04
BuyNewTrend,buynewtrend,women_westernwear,900.0,64.0,1399.0,499.0,,Skinny Women Light Blue Jeans,64.33
,,women_westernwear,349.0,43.0,798.0,449.0,,KEX Ankle Length  Legging,43.73
Broadstar,broadstar,women_westernwear,1300.0,65.0,1999.0,699.0,,"Printed Women Round Neck Purple, Yellow T-Shirt",65.03
LNK,lnk,women_westernwear,610.0,61.0,999.0,389.0,,Slim Women Light Blue Jeans,61.06
Envy 9,envy 9,women_westernwear,730.0,73.0,999.0,269.0,,Regular Fit Women Yellow Rayon Trousers,73.07
A9,a9,women_westernwear,838.0,55.0,1497.0,659.0,,Printed Women Multicolor Night Shorts,55.98
westturn,westturn,women_westernwear,1570.0,71.0,2199.0,629.0,,Women Maxi Black Dress,71.4
,,women_westernwear,729.0,72.0,999.0,270.0,,KHUSHI ENTERPRISES Ankle Length  Legging,72.97
Kannan,kannan,women_westernwear,844.0,64.0,1299.0,455.0,,Women Maxi Yellow Dress,64.97
Pixie,pixie,women_westernwear,1620.0,67.0,2394.0,774.0,,Relaxed Women Multicolor Polycotton Trousers,67.67
Metronaut,metronaut,women_westernwear,990.0,60.0,1649.0,659.0,,Skinny Women Dark Blue Jeans,60.04
Zima leto,zima leto,women_westernwear,520.0,40.0,1299.0,779.0,,Women Bandage Yellow Dress,40.03
Puma,puma,women_westernwear,734.0,56.0,1299.0,565.0,,Solid Women Scoop Neck Pink T-Shirt,56.51
MONTREZ,montrez,women_westernwear,1050.0,70.0,1499.0,449.0,,3/4th Sleeve Solid Women Jacket,70.05
BASE 41,base 41,women_westernwear,700.0,70.0,999.0,299.0,,"Color Block Women Round Neck Blue, Pink T-Shirt",70.07
Broadstar,broadstar,women_westernwear,1300.0,65.0,1999.0,699.0,,"Printed Women Round Neck Black, Yellow T-Shirt",65.03
FLEXIMAA,fleximaa,women_westernwear,440.0,55.0,799.0,359.0,,Casual Short Sleeve Printed Women Pink Top,55.07
Nifty,nifty,women_westernwear,900.0,50.0,1799.0,899.0,,Flared Women Blue Jeans,50.03
Reifica,reifica,women_westernwear,601.0,60.0,999.0,398.0,,"Solid Women Round Neck White, Yellow T-Shirt",60.16
G & M Collections,g & m collections,women_westernwear,450.0,45.0,999.0,549.0,,Women Fit and Flare Black Dress,45.05
Metro Fashion,metro fashion,women_westernwear,1366.0,68.0,1999.0,633.0,,Women Gathered Black Dress,68.33
Viral Trend,viral trend,women_westernwear,740.0,74.0,999.0,259.0,,Solid Women Round Neck Yellow T-Shirt,74.07
BOSQUE,bosque,women_westernwear,640.0,64.0,999.0,359.0,,Casual Bell Sleeve Solid Women Multicolor Top,64.06
BuyNewTrend,buynewtrend,women_westernwear,1034.0,68.0,1499.0,465.0,,Full Sleeve Floral Print Women Denim Jacket,68.98
upperkutt,upperkutt,women_westernwear,1124.0,74.0,1499.0,375.0,,Casual Short Sleeve Solid Women Blue Top,74.98
Yes'No,yes'no,women_westernwear,810.0,81.0,999.0,189.0,,Solid Women Round Neck Red T-Shirt,81.08
Gujari,gujari,women_westernwear,700.0,63.0,1099.0,399.0,,Casual Regular Sleeve Printed Women Pink Top,63.69
Selvia,selvia,women_westernwear,894.0,76.0,1163.0,269.0,,"Casual Cold Shoulder Printed, Geometric Print Women Whi...",76.87
,,women_westernwear,800.0,53.0,1499.0,699.0,,world choice Multicolor Jegging,53.37
FEBIA,febia,women_westernwear,560.0,62.0,899.0,339.0,,Casual Bell Sleeve Printed Women Pink Top,62.29
Ap'pulse,ap'pulse,women_westernwear,801.0,66.0,1199.0,398.0,,Solid Women High Neck Black T-Shirt,66.81
Dillinger,dillinger,women_westernwear,900.0,75.0,1199.0,299.0,,Printed Women Round Neck Orange T-Shirt,75.06
GSA MALL,gsa mall,women_westernwear,851.0,56.0,1499.0,648.0,,3/4th Sleeve Solid Women Jacket,56.77
Funday Fashion,funday fashion,women_westernwear,1023.0,68.0,1499.0,476.0,,Full Sleeve Solid Women Jacket,68.25
FLEXIMAA,fleximaa,women_westernwear,643.0,45.0,1399.0,756.0,,Solid Women V-neck Multicolor T-Shirt,45.96
PARILON,parilon,women_westernwear,1112.0,58.0,1899.0,787.0,,"Slim Women Light Blue, Blue Jeans",58.56
Krapal,krapal,women_westernwear,700.0,77.0,899.0,199.0,,Party 3/4 Sleeve Self Design Women Pink Top,77.86
Emeros,emeros,women_westernwear,1000.0,66.0,1499.0,499.0,,"Casual Full Sleeve Self Design Women Red, Black Top",66.71
Metro Fashion,metro fashion,women_westernwear,1367.0,68.0,1999.0,632.0,,Women Gathered Dark Blue Dress,68.38
Gujari,gujari,women_westernwear,0.0,0.0,1099.0,1099.0,,Casual Regular Sleeve Printed Women Yellow Top,0.0
A-Okay,a-okay,women_westernwear,1713.0,75.0,2275.0,562.0,,Jogger Fit Women Dark Blue Jeans,75.3
GMI,gmi,women_westernwear,699.0,70.0,998.0,299.0,,Casual Half Sleeve Solid Women Yellow Top,70.04
Dreambe,dreambe,women_westernwear,965.0,68.0,1399.0,434.0,,"Printed Women White, Blue Night Shorts",68.98
Metronaut,metronaut,women_westernwear,545.0,57.0,949.0,404.0,,Military Camouflage Women Hooded Green T-Shirt,57.43
New Ethnic 4 You,new ethnic 4 you,women_westernwear,950.0,73.0,1299.0,349.0,,Women Fit and Flare Blue Dress,73.13
popwings,popwings,women_westernwear,805.0,61.0,1299.0,494.0,,Regular Fit Women Black Polyester Trousers,61.97
,,women_westernwear,1402.0,77.0,1800.0,398.0,,RAMYA COLLECTION Legging,77.89
Gritstones,gritstones,women_westernwear,600.0,60.0,999.0,399.0,,"Ombre Women Hooded Neck White, Green T-Shirt",60.06
Denizen From Levis,denizen from levis,women_westernwear,122.0,24.0,499.0,377.0,,Printed Women Round Neck White T-Shirt,24.45
Vogue Nation,vogue nation,women_westernwear,454.0,50.0,899.0,445.0,,Casual Bell Sleeve Solid Women Maroon Top,50.5
Rebound,rebound,women_westernwear,810.0,81.0,999.0,189.0,,Casual Short Sleeve Solid Women Dark Blue Top,81.08
NEU LOOK,neu look,women_westernwear,950.0,63.0,1499.0,549.0,,Solid Women Multicolor Tights,63.38
JAIPUR VASTRA,jaipur vastra,women_westernwear,700.0,70.0,999.0,299.0,,Regular Fit Women Black Cotton Blend Trousers,70.07
Funday Fashion,funday fashion,women_westernwear,1071.0,71.0,1499.0,428.0,,Full Sleeve Solid Women Jacket,71.45
2 Day,2 day,women_westernwear,400.0,50.0,799.0,399.0,,Casual 3/4 Sleeve Floral Print Women Multicolor Top,50.06
Neu Look,neu look,women_westernwear,1000.0,66.0,1499.0,499.0,,Solid Women Maroon Tights,66.71
A9,a9,women_westernwear,798.0,53.0,1497.0,699.0,,"Printed Women Multicolor Beach Shorts, Night Shorts, Re...",53.31
clothvilla,clothvilla,women_westernwear,1195.0,74.0,1599.0,404.0,,Casual Layered Sleeve Graphic Print Women Yellow Top,74.73
Funday Fashion,funday fashion,women_westernwear,1110.0,69.0,1599.0,489.0,,Full Sleeve Solid Women Denim Jacket,69.42
Meet Nex,meet nex,women_westernwear,300.0,50.0,599.0,299.0,,Regular Women Pink Capri,50.08
Puma,puma,women_westernwear,1447.0,62.0,2299.0,852.0,,Solid Women Black Tights,62.94
DARZI,darzi,women_westernwear,700.0,70.0,999.0,299.0,,Regular Fit Women Multicolor Crepe Trousers,70.07
Aasi - House of Nayo,aasi - house of nayo,women_westernwear,315.0,45.0,699.0,384.0,,Striped Women Multicolor Boxer Shorts,45.06
Dev Fashion,dev fashion,women_westernwear,850.0,65.0,1299.0,449.0,,Women Maxi Blue Dress,65.43
Kannan,kannan,women_westernwear,844.0,64.0,1299.0,455.0,,Women Maxi White Dress,64.97
Wrath,wrath,women_westernwear,1200.0,80.0,1499.0,299.0,,Solid Women Round Neck Dark Blue T-Shirt,80.05
VAANYA,vaanya,women_westernwear,1000.0,76.0,1299.0,299.0,,Casual Bell Sleeve Solid Women Yellow Top,76.98
Venisa,venisa,women_westernwear,950.0,67.0,1399.0,449.0,,Casual 3/4 Sleeve Solid Women Maroon Top,67.91
Silkova,silkova,women_westernwear,700.0,70.0,999.0,299.0,,Casual Roll-up Sleeve Embroidered Women Yellow Top,70.07
Stylum Fab,stylum fab,women_westernwear,750.0,75.0,999.0,249.0,,Regular Fit Women Black Cotton Blend Trousers,75.08
AG Fashion,ag fashion,women_westernwear,700.0,70.0,999.0,299.0,,Printed Women Round Neck Grey T-Shirt,70.07
BASE 41,base 41,women_westernwear,700.0,70.0,999.0,299.0,,Casual Half Sleeve Solid Women Red Top,70.07
popwings,popwings,women_westernwear,805.0,61.0,1299.0,494.0,,Regular Fit Women Blue Polyester Trousers,61.97
SharkTribe,sharktribe,women_westernwear,400.0,50.0,799.0,399.0,,Solid Women Turtle Neck Black T-Shirt,50.06
People,people,women_westernwear,0.0,0.0,299.0,299.0,,Typography Women Round Neck Blue T-Shirt,0.0
Addyvero,addyvero,women_westernwear,1201.0,70.0,1699.0,498.0,,Regular Fit Women Black Cotton Blend Trousers,70.69
pdpm,pdpm,women_westernwear,350.0,50.0,699.0,349.0,,Flared Women Black Viscose Trousers,50.07
IQRA FASHION,iqra fashion,women_westernwear,550.0,55.0,999.0,449.0,,Women Gown Pink Dress,55.06
Alfa Fashion,alfa fashion,women_westernwear,900.0,69.0,1299.0,399.0,,Party Flared Sleeve Self Design Women Maroon Top,69.28
AG Fashion,ag fashion,women_westernwear,950.0,63.0,1499.0,549.0,,"Printed, Typography Women Round Neck Blue T-Shirt",63.38
BLACK KILLER,black killer,women_westernwear,700.0,70.0,999.0,299.0,,Casual Bell Sleeve Solid Women Purple Top,70.07
BuyNewTrend,buynewtrend,women_westernwear,850.0,60.0,1399.0,549.0,,Slim Women Light Blue Jeans,60.76
COBIO MAN,cobio man,women_westernwear,1256.0,78.0,1599.0,343.0,,Casual 3/4 Sleeve Solid Women Green Top,78.55
Nifty,nifty,women_westernwear,924.0,61.0,1499.0,575.0,,Slim Women Grey Jeans,61.64
KD,kd,women_westernwear,897.0,81.0,1096.0,199.0,,Flared Women White Cotton Rayon Blend Trousers,81.84
PURVAJA,purvaja,women_westernwear,600.0,60.0,999.0,399.0,,"Women A-line Dark Blue, Red Dress",60.06
Jaipuri Attire,jaipuri attire,women_westernwear,550.0,55.0,999.0,449.0,,"Women Gown Dark Blue, Gold Dress",55.06
V2 Retail Limited,v2 retail limited,women_westernwear,730.0,52.0,1399.0,669.0,,Regular Women Black Jeans,52.18
Kotty,kotty,women_westernwear,630.0,70.0,899.0,269.0,,Graphic Print Women Blue Night Shorts,70.08
pdpm,pdpm,women_westernwear,100.0,22.0,449.0,349.0,,Relaxed Women Blue Rayon Trousers,22.27
Roadster,roadster,women_westernwear,765.0,45.0,1699.0,934.0,,Women Checkered Casual Shirt,45.03
Sheetal Associates,sheetal associates,women_westernwear,601.0,60.0,999.0,398.0,,Casual Bell Sleeve Embellished Women Blue Top,60.16
Edge Plus,edge plus,women_westernwear,905.0,69.0,1300.0,395.0,,"Regular Fit Women Red, Blue, Black Lycra Blend Trousers",69.62
The Dry State,the dry state,women_westernwear,616.0,61.0,999.0,383.0,,Graphic Print Women Hooded Maroon T-Shirt,61.66
Young Trendz,young trendz,women_westernwear,600.0,66.0,899.0,299.0,,Printed Women Round Neck Grey T-Shirt,66.74
V2 Retail Limited,v2 retail limited,women_westernwear,200.0,50.0,399.0,199.0,,Solid Women Blue Regular Shorts,50.13
,,women_westernwear,509.0,63.0,799.0,290.0,,Codetrot Black Jegging,63.7
NEYSA,neysa,women_westernwear,680.0,48.0,1399.0,719.0,,Women Two Piece Dress Black Dress,48.61
Aawari,aawari,women_westernwear,490.0,49.0,999.0,509.0,,Regular Fit Women Brown Rayon Trousers,49.05
Selvia,selvia,women_westernwear,1748.0,70.0,2497.0,749.0,,Women Gathered Green Dress,70.0
VTV,vtv,women_westernwear,922.0,76.0,1199.0,277.0,,Flared Women White Cotton Rayon Blend Trousers,76.9
Young Trendz,young trendz,women_westernwear,1031.0,59.0,1729.0,698.0,,"Self Design, Solid Women Round Neck White, Black, Grey ...",59.63
Anuttara Fashions,anuttara fashions,women_westernwear,709.0,70.0,999.0,290.0,,Casual 3/4 Sleeve Solid Women Green Top,70.97
VTV,vtv,women_westernwear,2400.0,80.0,2999.0,599.0,,Full Sleeve Washed Women Jacket,80.03
AANIA,aania,women_westernwear,800.0,66.0,1199.0,399.0,,Casual 3/4 Sleeve Embroidered Women Maroon Top,66.72
FLEXIMAA,fleximaa,women_westernwear,482.0,45.0,1049.0,567.0,,"Solid Women Round Neck Purple, Red, Green T-Shirt",45.95
Jaipur Kurti,jaipur kurti,women_westernwear,750.0,57.0,1299.0,549.0,,Regular Fit Women Green Pure Cotton Trousers,57.74
BESTIC FASHION,bestic fashion,women_westernwear,708.0,70.0,1000.0,292.0,,Casual Half Sleeve Printed Women Black Top,70.8
Aawari,aawari,women_westernwear,364.0,52.0,699.0,335.0,,Regular Fit Women Grey Cotton Blend Trousers,52.07
Selvia,selvia,women_westernwear,761.0,71.0,1060.0,299.0,,Casual 3/4 Sleeve Floral Print Women Maroon Top,71.79
,,women_westernwear,580.0,52.0,1099.0,519.0,,Vandana Indigo Multicolor Jegging,52.78
DUENITE,duenite,women_westernwear,654.0,65.0,999.0,345.0,,Casual 3/4 Sleeve Printed Women Grey Top,65.47
Aawari,aawari,women_westernwear,364.0,52.0,699.0,335.0,,Regular Fit Women Maroon Cotton Blend Trousers,52.07
Viral Trend,viral trend,women_westernwear,740.0,74.0,999.0,259.0,,Casual Full Sleeve Solid Women Black Top,74.07
AAKRITHI,aakrithi,women_westernwear,462.0,54.0,849.0,387.0,,Solid Women Black Denim Shorts,54.42
Metro Fashion,metro fashion,women_westernwear,1244.0,69.0,1799.0,555.0,,Women Gathered Black Dress,69.15
,,women_westernwear,594.0,59.0,999.0,405.0,,Burdy Ankle Length  Legging,59.46
Reifica,reifica,women_westernwear,601.0,60.0,999.0,398.0,,"Solid Women Round Neck White, Maroon T-Shirt",60.16
SKYLINE TRADING,skyline trading,women_westernwear,724.0,72.0,999.0,275.0,,"Relaxed Women White, Black Cotton Lycra Blend Trousers",72.47
Rare,rare,women_westernwear,520.0,52.0,999.0,479.0,,Casual Cold Shoulder Printed Women Multicolor Top,52.05
DELMY,delmy,women_westernwear,851.0,53.0,1599.0,748.0,,Slim Women Blue Jeans,53.22
Ziva Fashion,ziva fashion,women_westernwear,460.0,46.0,999.0,539.0,,Skinny Women Light Blue Jeans,46.05
BLACK KILLER,black killer,women_westernwear,550.0,55.0,999.0,449.0,,Women Checkered Casual Hood Shirt,55.06
Himgiri International,himgiri international,women_westernwear,800.0,66.0,1199.0,399.0,,"Printed, Color Block Women Round Neck Dark Blue, Red, G...",66.72
Adiba,adiba,women_westernwear,1030.0,68.0,1499.0,469.0,,Full Sleeve Ombre Women Denim Jacket,68.71
Puma,puma,women_westernwear,960.0,64.0,1499.0,539.0,,Graphic Print Women Round Neck Pink T-Shirt,64.04
Broadstar,broadstar,women_westernwear,600.0,60.0,999.0,399.0,,Printed Women Round Neck Black T-Shirt,60.06
Puma,puma,women_westernwear,734.0,56.0,1299.0,565.0,,Printed Women Round Neck Pink T-Shirt,56.51
ASEAN,asean,women_westernwear,1400.0,70.0,1999.0,599.0,,Women Gathered Orange Dress,70.04
V2 Retail Limited,v2 retail limited,women_westernwear,210.0,52.0,399.0,189.0,,Casual Half Sleeve Printed Women Orange Top,52.63
FLEXIMAA,fleximaa,women_westernwear,550.0,55.0,999.0,449.0,,Casual Regular Sleeve Printed Women Dark Blue Top,55.06
Aawari,aawari,women_westernwear,490.0,49.0,999.0,509.0,,"Regular Fit Women Dark Blue, Maroon Rayon Trousers",49.05
POPWINGS,popwings,women_westernwear,805.0,61.0,1299.0,494.0,,Regular Fit Women Black Polyester Trousers,61.97
Jaipur Kurti,jaipur kurti,women_westernwear,620.0,53.0,1149.0,529.0,,Regular Fit Women Dark Blue Pure Cotton Trousers,53.96
Nifty,nifty,women_westernwear,924.0,61.0,1499.0,575.0,,Slim Women Light Blue Jeans,61.64
VIVINKS,vivinks,women_westernwear,800.0,80.0,999.0,199.0,,"Color Block Women Round Neck White, Black T-Shirt",80.08
Ap'pulse,ap'pulse,women_westernwear,640.0,64.0,999.0,359.0,,Solid Women Round Neck Black T-Shirt,64.06
BLANCORA,blancora,women_westernwear,900.0,69.0,1299.0,399.0,,Casual 3/4 Sleeve Checkered Women Black Top,69.28
Dillinger,dillinger,women_westernwear,900.0,75.0,1199.0,299.0,,Printed Women Round Neck Maroon T-Shirt,75.06
BASE 41,base 41,women_westernwear,700.0,70.0,999.0,299.0,,"Color Block Women Round Neck Blue, Yellow T-Shirt",70.07
A9,a9,women_westernwear,276.0,46.0,599.0,323.0,,SOLID PINK CAPRI Women Pink Capri,46.08
Flying Machine,flying machine,women_westernwear,822.0,54.0,1499.0,677.0,,Skinny Women Black Jeans,54.84
The Dry State,the dry state,women_westernwear,616.0,61.0,999.0,383.0,,"Color Block Women Round Neck Pink, Yellow T-Shirt",61.66
Reifica,reifica,women_westernwear,601.0,60.0,999.0,398.0,,"Solid Women Round Neck White, Black T-Shirt",60.16
Wrath,wrath,women_westernwear,1200.0,80.0,1499.0,299.0,,Solid Women Round Neck White T-Shirt,80.05
,,women_westernwear,150.0,37.0,399.0,249.0,,KEX Churidar  Legging,37.59
Puma,puma,women_westernwear,1500.0,50.0,2999.0,1499.0,,Full Sleeve Solid Women Jacket,50.02
U&F,u&f,women_westernwear,1275.0,75.0,1699.0,424.0,,"Casual Cap Sleeve Printed Women Dark Blue, White Top",75.04
WILFREDO,wilfredo,women_westernwear,1030.0,73.0,1399.0,369.0,,Full Sleeve Washed Women Denim Jacket,73.62
Aawari,aawari,women_westernwear,466.0,62.0,750.0,284.0,,Flared Women Black Cotton Blend Trousers,62.13
Flying Machine,flying machine,women_westernwear,987.0,58.0,1699.0,712.0,,Skinny Women Blue Jeans,58.09
Fnocks,fnocks,women_westernwear,3158.0,78.0,3999.0,841.0,,Women Dark Blue Dungaree,78.97
DARZI,darzi,women_westernwear,800.0,66.0,1199.0,399.0,,Casual Bell Sleeve Printed Women Multicolor Top,66.72
Lee,lee,women_westernwear,400.0,40.0,999.0,599.0,,Graphic Print Women Round Neck Red T-Shirt,40.04
Rigo,rigo,women_westernwear,633.0,52.0,1199.0,566.0,,Women High Low Black Dress,52.79
ILLI LONDON,illi london,women_westernwear,1000.0,58.0,1699.0,699.0,,Women Shift Blue Dress,58.86
DELMY,delmy,women_westernwear,882.0,55.0,1599.0,717.0,,Slim Women Grey Jeans,55.16
Young Trendz,young trendz,women_westernwear,1031.0,59.0,1729.0,698.0,,"Self Design, Solid Women Round Neck Red, White, Yellow ...",59.63
Affair,affair,women_westernwear,573.0,57.0,999.0,426.0,,Solid Women Hooded Neck Pink T-Shirt,57.36
Rebound,rebound,women_westernwear,800.0,80.0,999.0,199.0,,Casual Half Sleeve Solid Women Black Top,80.08
Pluss,pluss,women_westernwear,1029.0,64.0,1589.0,560.0,,Flared Women White Polycotton Trousers,64.76
Kotty,kotty,women_westernwear,1263.0,63.0,1999.0,736.0,,Slim Women Pink Jeans,63.18
Lime,lime,women_westernwear,1200.0,80.0,1499.0,299.0,,Solid Women High Neck Yellow T-Shirt,80.05
Miss Chase,miss chase,women_westernwear,332.0,41.0,799.0,467.0,,Casual Full Sleeve Solid Women Black Top,41.55
V2 Retail Limited,v2 retail limited,women_westernwear,270.0,54.0,499.0,229.0,,Printed Women Round Neck Blue T-Shirt,54.11
AAKRITHI,aakrithi,women_westernwear,500.0,55.0,899.0,399.0,,Regular Fit Women White Cotton Linen Blend Trousers,55.62
Q-Rious,q-rious,women_westernwear,2036.0,67.0,2997.0,961.0,,"Regular Fit Women White, Maroon, Black Cotton Lycra Ble...",67.93
Tap in,tap in,women_westernwear,996.0,76.0,1295.0,299.0,,Color Block Women Round Neck Red T-Shirt,76.91
,,women_westernwear,669.0,70.0,944.0,275.0,,Promise Deal White Jegging,70.87
FLEXIMAA,fleximaa,women_westernwear,321.0,45.0,699.0,378.0,,"Solid Women V-neck Red, Black T-Shirt",45.92
Ap'pulse,ap'pulse,women_westernwear,1168.0,64.0,1797.0,629.0,,"Solid Women Round Neck Maroon, Black, Pink T-Shirt",65.0
FLEXIMAA,fleximaa,women_westernwear,440.0,55.0,799.0,359.0,,Casual Short Sleeve Printed Women Black Top,55.07
6TH AVENUE STREETWEAR,6th avenue streetwear,women_westernwear,1400.0,70.0,1999.0,599.0,,"Women A-line Red, Blue Dress",70.04
Archi Enterprise,archi enterprise,women_westernwear,995.0,66.0,1499.0,504.0,,Women Pleated Green Dress,66.38
Miss Chase,miss chase,women_westernwear,800.0,48.0,1649.0,849.0,,Women Sheath Black Dress,48.51
Rare,rare,women_westernwear,520.0,52.0,999.0,479.0,,Casual Cold Shoulder Solid Women Blue Top,52.05
Sheetal Associates,sheetal associates,women_westernwear,450.0,45.0,999.0,549.0,,Women A-line Red Dress,45.05
Rudraaksha,rudraaksha,women_westernwear,1540.0,81.0,1899.0,359.0,,Women Fit and Flare Yellow Dress,81.1
Jockey,jockey,women_westernwear,70.0,26.0,269.0,199.0,,Casual Sleeveless Solid Women Pink Top,26.02
Nifty,nifty,women_westernwear,1000.0,55.0,1799.0,799.0,,Slim Women White Jeans,55.59
LIMESWOOD CREATION,limeswood creation,women_westernwear,1001.0,62.0,1599.0,598.0,,"Women Maxi White, Pink Dress",62.6
BuyNewTrend,buynewtrend,women_westernwear,934.0,71.0,1299.0,365.0,,Casual Full Sleeve Solid Women Black Top,71.9
Neu Look,neu look,women_westernwear,1100.0,73.0,1499.0,399.0,,Solid Women Black Tights,73.38
AJ FASHIONS,aj fashions,women_westernwear,741.0,74.0,999.0,258.0,,Solid Women Multicolor Basic Shorts,74.17
Roadster,roadster,women_westernwear,900.0,60.0,1499.0,599.0,,Regular Women Blue Jeans,60.04
Rudraaksha,rudraaksha,women_westernwear,1550.0,77.0,1999.0,449.0,,Women Maxi Yellow Dress,77.54
Levi's,levi's,women_westernwear,403.0,28.0,1399.0,996.0,,"Solid Women Round Neck Pink, Black T-Shirt",28.81
TYFFYN,tyffyn,women_westernwear,2084.0,83.0,2499.0,415.0,,Slim Women Black Jeans,83.39
Aks,aks,women_westernwear,1350.0,54.0,2499.0,1149.0,,Women Maxi Dark Blue Dress,54.02
Q-Rious,q-rious,women_westernwear,721.0,60.0,1198.0,477.0,,"Solid Women Henley Dark Green, Pink T-Shirt",60.18
AAKRITHI,aakrithi,women_westernwear,1604.0,80.0,1999.0,395.0,,Regular Fit Women White Cotton Blend Trousers,80.24
Hinayat Fashion,hinayat fashion,women_westernwear,951.0,73.0,1300.0,349.0,,Regular Fit Women Grey Rayon Trousers,73.15
Miss Chase,miss chase,women_westernwear,1560.0,65.0,2399.0,839.0,,Women Shirt Blue Dress,65.03
,,women_westernwear,1151.0,63.0,1799.0,648.0,,Fzc Light Blue Jegging,63.98
Archi Enterprise,archi enterprise,women_westernwear,995.0,66.0,1499.0,504.0,,Women Pleated Yellow Dress,66.38
Metro Fashion,metro fashion,women_westernwear,975.0,68.0,1419.0,444.0,,Party Noodle Strap Printed Women Pink Top,68.71
Hotfits,hotfits,women_westernwear,499.0,50.0,998.0,499.0,,Graphic Print Women Multicolor Boxer Shorts,50.0
PURVAJA,purvaja,women_westernwear,1101.0,73.0,1499.0,398.0,,Women Fit and Flare Black Dress,73.45
PURVI,purvi,women_westernwear,1630.0,81.0,1999.0,369.0,,Casual Regular Sleeve Striped Women Blue Top,81.54
,,women_westernwear,610.0,61.0,999.0,389.0,,CETC CHAOBA Multicolor Jegging,61.06
Flying Machine,flying machine,women_westernwear,979.0,54.0,1799.0,820.0,,Slim Women Blue Jeans,54.42
Oomph!,oomph!,women_westernwear,1501.0,75.0,2000.0,499.0,,Women A-line Multicolor Dress,75.05
Frionkandy,frionkandy,women_westernwear,621.0,62.0,999.0,378.0,,Women Printed Wrap Around Red Skirt,62.16
BuyNewTrend,buynewtrend,women_westernwear,950.0,67.0,1399.0,449.0,,Women Striped Layered Multicolor Skirt,67.91
Metronaut,metronaut,women_westernwear,1420.0,67.0,2099.0,679.0,,Skinny Women Grey Jeans,67.65
FLEXIMAA,fleximaa,women_westernwear,440.0,55.0,799.0,359.0,,Casual Short Sleeve Printed Women Grey Top,55.07
BESTIC FASHION,bestic fashion,women_westernwear,708.0,70.0,1000.0,292.0,,Casual Juliet Sleeve Printed Women Black Top,70.8
Harpa,harpa,women_westernwear,660.0,55.0,1199.0,539.0,,Casual Full Sleeve Striped Women Maroon Top,55.05
VIVINKS,vivinks,women_westernwear,800.0,80.0,999.0,199.0,,"Color Block Women Round Neck White, Maroon T-Shirt",80.08
WILFREDO,wilfredo,women_westernwear,930.0,71.0,1299.0,369.0,,Full Sleeve Self Design Women Denim Jacket,71.59
Serein,serein,women_westernwear,1527.0,76.0,1999.0,472.0,,Printed Women Tunic,76.39
Aayu,aayu,women_westernwear,305.0,33.0,899.0,594.0,,Women Maxi Grey Dress,33.93
Oomph!,oomph!,women_westernwear,1031.0,77.0,1330.0,299.0,,Party Butterfly Sleeve Printed Women Blue Top,77.52
IQRA FASHION,iqra fashion,women_westernwear,200.0,28.0,699.0,499.0,,"Casual Slit Sleeve, Half Sleeve Printed Women Red, Blac...",28.61
Jaipuri,jaipuri,women_westernwear,720.0,65.0,1099.0,379.0,,"Women Maxi Green, Blue Dress",65.51
Reifica,reifica,women_westernwear,601.0,60.0,999.0,398.0,,"Solid Women Round Neck Dark Blue, Black T-Shirt",60.16
VSkin,vskin,women_westernwear,500.0,50.0,999.0,499.0,,Casual 3/4 Sleeve Printed Women Multicolor Top,50.05
Aayu,aayu,women_westernwear,550.0,50.0,1099.0,549.0,,Women Maxi White Dress,50.05
MILOST,milost,women_westernwear,650.0,65.0,999.0,349.0,,Women Fit and Flare Dark Blue Dress,65.07
Lee,lee,women_westernwear,372.0,41.0,899.0,527.0,,Printed Women Round Neck Blue T-Shirt,41.38
BXA,bxa,women_westernwear,509.0,63.0,799.0,290.0,,"Printed Women Round Neck Reversible Green, Black T-Shir...",63.7
CrazeVilla,crazevilla,women_westernwear,940.0,50.0,1870.0,930.0,,Women Skater Blue Dress,50.27
DONATELLA,donatella,women_westernwear,601.0,60.0,1000.0,399.0,,Casual Sleeveless Printed Women Dark Blue Top,60.1
A9,a9,women_westernwear,559.0,46.0,1198.0,639.0,,Women Multicolor Capri,46.66
,,women_westernwear,2300.0,76.0,2999.0,699.0,,IKHLAS Churidar  Legging,76.69
Levi's,levi's,women_westernwear,403.0,28.0,1399.0,996.0,,Floral Print Women Round Neck Multicolor T-Shirt,28.81
Herway,herway,women_westernwear,800.0,57.0,1399.0,599.0,,Skinny Women Blue Jeans,57.18
Aawari,aawari,women_westernwear,849.0,70.0,1199.0,350.0,,"Flared Women White, Pink Rayon Trousers",70.81
,,women_westernwear,500.0,71.0,699.0,199.0,,OSM Churidar  Legging,71.53
DARZI,darzi,women_westernwear,1500.0,75.0,1999.0,499.0,,Regular Fit Women Maroon Poly Crepe Trousers,75.04
Crease & Clips,crease & clips,women_westernwear,921.0,60.0,1520.0,599.0,,Women A-line Purple Dress,60.59
A-Okay,a-okay,women_westernwear,1836.0,77.0,2375.0,539.0,,Slim Women Black Jeans,77.31
,,women_westernwear,750.0,75.0,999.0,249.0,,WORD CHOICE Black Jegging,75.08
EditLook,editlook,women_westernwear,940.0,62.0,1499.0,559.0,,Slim Women Grey Jeans,62.71
New Ethnic 4 You,new ethnic 4 you,women_westernwear,1000.0,76.0,1299.0,299.0,,Women A-line Black Dress,76.98
A-Okay,a-okay,women_westernwear,1777.0,78.0,2275.0,498.0,,Slim Women Light Blue Jeans,78.11
Dillinger,dillinger,women_westernwear,700.0,70.0,999.0,299.0,,"Striped Women Round Neck White, Pink T-Shirt",70.07
NEYSA,neysa,women_westernwear,300.0,42.0,699.0,399.0,,Regular Fit Women White Hosiery Trousers,42.92
Neu Look,neu look,women_westernwear,900.0,69.0,1299.0,399.0,,Solid Women Maroon Tights,69.28
Sassafras,sassafras,women_westernwear,1026.0,57.0,1799.0,773.0,,Women Fit and Flare Blue Dress,57.03
FLEXIMAA,fleximaa,women_westernwear,482.0,45.0,1049.0,567.0,,Solid Women V-neck Multicolor T-Shirt,45.95
A-Okay,a-okay,women_westernwear,1736.0,76.0,2275.0,539.0,,Washed Women Blue Hotpants,76.31
Reifica,reifica,women_westernwear,879.0,54.0,1599.0,720.0,,Solid Women Round Neck Multicolor T-Shirt,54.97
BuyNewTrend,buynewtrend,women_westernwear,1034.0,68.0,1499.0,465.0,,Full Sleeve Solid Women Denim Jacket,68.98
Aawari,aawari,women_westernwear,490.0,49.0,999.0,509.0,,Regular Fit Women Black Rayon Trousers,49.05
Honey by Pantaloons,honey by pantaloons,women_westernwear,150.0,20.0,747.0,597.0,,Graphic Print Women Round Neck Multicolor T-Shirt,20.08
VAANYA,vaanya,women_westernwear,550.0,55.0,999.0,449.0,,Women Printed Casual Hood Shirt,55.06
,,women_westernwear,711.0,64.0,1099.0,388.0,,Fzc Light Blue Jegging,64.7
Sheetal Associates,sheetal associates,women_westernwear,504.0,50.0,999.0,495.0,,Women Maxi Yellow Dress,50.45
Levi's,levi's,women_westernwear,976.0,48.0,1999.0,1023.0,,Super Skinny Women Black Jeans,48.82
Wrath,wrath,women_westernwear,1210.0,80.0,1499.0,289.0,,Solid Women Round Neck Light Blue T-Shirt,80.72
,,women_westernwear,500.0,62.0,799.0,299.0,,RD Fashions White Jegging,62.58
Neu Look,neu look,women_westernwear,900.0,69.0,1299.0,399.0,,Solid Women Black Tights,69.28
Sheetal Associates,sheetal associates,women_westernwear,600.0,60.0,999.0,399.0,,Casual Bell Sleeve Applique Women Yellow Top,60.06
FLEXIMAA,fleximaa,women_westernwear,142.0,40.0,349.0,207.0,,Solid Women Round Neck Dark Blue T-Shirt,40.69
RMG FASHION,rmg fashion,women_westernwear,724.0,72.0,999.0,275.0,,"Relaxed Women White, Black Cotton Lycra Blend Trousers",72.47
VESHBHUSHA,veshbhusha,women_westernwear,764.0,76.0,999.0,235.0,,Casual Roll-up Sleeve Solid Women Dark Blue Top,76.48
Shivam Creation,shivam creation,women_westernwear,800.0,61.0,1299.0,499.0,,Women Maxi Dark Blue Dress,61.59
LOROFY,lorofy,women_westernwear,1500.0,75.0,1999.0,499.0,,Women Self Design Flared Red Skirt,75.04
FEBIA,febia,women_westernwear,570.0,63.0,899.0,329.0,,Casual 3/4 Sleeve Printed Women Blue Top,63.4
Amadore,amadore,women_westernwear,620.0,62.0,999.0,379.0,,Women Checkered Casual Point Collar Shirt,62.06
New Ethnic 4 You,new ethnic 4 you,women_westernwear,1023.0,78.0,1299.0,276.0,,Women Fit and Flare Multicolor Dress,78.75
FLEXIMAA,fleximaa,women_westernwear,142.0,40.0,349.0,207.0,,Solid Women Round Neck Black T-Shirt,40.69
MILOST,milost,women_westernwear,600.0,60.0,999.0,399.0,,Women Fit and Flare Pink Dress,60.06
,,women_westernwear,847.0,56.0,1499.0,652.0,,DAMEN MODE Light Blue Jegging,56.5
Shinoy,shinoy,women_westernwear,500.0,50.0,999.0,499.0,,Party 3/4 Sleeve Solid Women Green Top,50.05
Levi's,levi's,women_westernwear,1483.0,35.0,4199.0,2716.0,,Boot-Leg Women Beige Jeans,35.32
Frionkandy,frionkandy,women_westernwear,834.0,64.0,1299.0,465.0,,Women Gown Dark Blue Dress,64.2
,,women_westernwear,1231.0,82.0,1500.0,269.0,,RAMYA COLLECTION Churidar  Legging,82.07
Serein,serein,women_westernwear,1580.0,79.0,1999.0,419.0,,Casual 3/4 Sleeve Solid Women Pink Top,79.04
MONTREZ,montrez,women_westernwear,1075.0,71.0,1499.0,424.0,,3/4th Sleeve Washed Women Denim Jacket,71.71
Archi Enterprise,archi enterprise,women_westernwear,995.0,66.0,1499.0,504.0,,Women Pleated Maroon Dress,66.38
FLEXIMAA,fleximaa,women_westernwear,142.0,40.0,349.0,207.0,,Solid Women V-neck Black T-Shirt,40.69
Tap-in,tap-in,women_westernwear,850.0,71.0,1195.0,345.0,,Color Block Women Hooded Neck Maroon T-Shirt,71.13
Kannan,kannan,women_westernwear,700.0,58.0,1199.0,499.0,,Regular Fit Women Multicolor Poly Crepe Trousers,58.38
DEEWA,deewa,women_westernwear,662.0,66.0,999.0,337.0,,Casual 3/4 Sleeve Striped Women Black Top,66.27
,,women_westernwear,550.0,68.0,799.0,249.0,,Mesh Blue Jegging,68.84
Nifty,nifty,women_westernwear,924.0,61.0,1499.0,575.0,,Slim Women Black Jeans,61.64
GMI,gmi,women_westernwear,699.0,70.0,998.0,299.0,,Formal Short Sleeve Solid Women Pink Top,70.04
Espresso,espresso,women_westernwear,648.0,43.0,1497.0,849.0,,Women Multicolor Capri,43.29
G & M Collections,g & m collections,women_westernwear,470.0,52.0,899.0,429.0,,Women Shift White Dress,52.28
famiss fashion,famiss fashion,women_westernwear,600.0,60.0,999.0,399.0,,Women Grey Dungaree,60.06
Nifty,nifty,women_westernwear,860.0,57.0,1499.0,639.0,,Slim Women White Jeans,57.37
Serein,serein,women_westernwear,1500.0,75.0,1999.0,499.0,,Striped Women Tunic,75.04
Absorbing,absorbing,women_westernwear,1300.0,65.0,1999.0,699.0,,Women Asymmetric Multicolor Dress,65.03
VAANYA,vaanya,women_westernwear,882.0,67.0,1299.0,417.0,,Casual 3/4 Sleeve Solid Women Black Top,67.9
Nifty,nifty,women_westernwear,1000.0,55.0,1799.0,799.0,,Boot-Leg Women Blue Jeans,55.59
Icable,icable,women_westernwear,344.0,34.0,999.0,655.0,,Solid Women Black Tights,34.43
Cation,cation,women_westernwear,700.0,58.0,1199.0,499.0,,Casual Regular Sleeve Solid Women Black Top,58.38
ILLI LONDON,illi london,women_westernwear,1000.0,66.0,1499.0,499.0,,Party Puff Sleeve Solid Women Red Top,66.71
IQRA FASHION,iqra fashion,women_westernwear,200.0,28.0,699.0,499.0,,"Casual Slit Sleeve, Half Sleeve Printed Women White, Bl...",28.61
BLANCORA,blancora,women_westernwear,900.0,69.0,1299.0,399.0,,Casual 3/4 Sleeve Floral Print Women Multicolor Top,69.28
Dillinger,dillinger,women_westernwear,700.0,70.0,999.0,299.0,,Striped Women Round Neck Orange T-Shirt,70.07
A-Okay,a-okay,women_westernwear,1690.0,74.0,2275.0,585.0,,Slim Women Dark Blue Jeans,74.29
LYRA,lyra,women_westernwear,0.0,0.0,450.0,450.0,,Slim Fit Women White Cotton Lycra Blend Trousers,0.0
Veni Vidi Vici,veni vidi vici,women_westernwear,644.0,55.0,1170.0,526.0,,Casual Shoulder Strap Solid Women White Top,55.04
Lee,lee,women_westernwear,372.0,41.0,899.0,527.0,,Solid Women s Pink T-Shirt,41.38
VSkin,vskin,women_westernwear,800.0,61.0,1299.0,499.0,,Casual 3/4 Sleeve Printed Women Multicolor Top,61.59
Neu Look,neu look,women_westernwear,1000.0,66.0,1499.0,499.0,,Solid Women Black Tights,66.71
Levi's,levi's,women_westernwear,580.0,36.0,1599.0,1019.0,,Graphic Print Women Round Neck Black T-Shirt,36.27
Hardys,hardys,women_westernwear,1050.0,80.0,1299.0,249.0,,Printed Women Black Regular Shorts,80.83
Levi's,levi's,women_westernwear,937.0,46.0,1999.0,1062.0,,Super Skinny Women Dark Blue Jeans,46.87
DARZI,darzi,women_westernwear,901.0,75.0,1199.0,298.0,,Casual Regular Sleeve Floral Print Women Yellow Top,75.15
Jockey,jockey,women_westernwear,0.0,0.0,269.0,269.0,,Casual Sleeveless Solid Women White Top,0.0
Dream Beauty Fashion,dream beauty fashion,women_westernwear,601.0,60.0,999.0,398.0,,Women Fit and Flare Dark Blue Dress,60.16
People,people,women_westernwear,380.0,47.0,799.0,419.0,,Relaxed Women Maroon Polycotton Trousers,47.56
MONTU,montu,women_westernwear,600.0,60.0,999.0,399.0,,Printed Women Multicolor Regular Shorts,60.06
Archi Enterprise,archi enterprise,women_westernwear,995.0,66.0,1499.0,504.0,,Women Pleated Black Dress,66.38
Levi's,levi's,women_westernwear,606.0,43.0,1399.0,793.0,,Printed Women Round Neck Black T-Shirt,43.32
New Ethnic 4 You,new ethnic 4 you,women_westernwear,952.0,73.0,1299.0,347.0,,Women Skater Blue Dress,73.29
Q-Rious,q-rious,women_westernwear,634.0,63.0,999.0,365.0,,Regular Fit Women Cream Cotton Blend Trousers,63.46
LAYA,laya,women_westernwear,445.0,52.0,849.0,404.0,,Casual Short Sleeve Solid Women Red Top,52.41
VIVINKS,vivinks,women_westernwear,900.0,75.0,1199.0,299.0,,"Solid Women Round Neck Maroon, Yellow T-Shirt",75.06
UNFAKENOW,unfakenow,women_westernwear,885.0,73.0,1199.0,314.0,,Casual Sleeveless Floral Print Women Pink Top,73.81
Puma,puma,women_westernwear,258.0,23.0,1099.0,841.0,,Solid Women Round Neck Pink T-Shirt,23.48
Addyvero,addyvero,women_westernwear,1201.0,70.0,1699.0,498.0,,Flared Women Maroon Cotton Blend Trousers,70.69
Slenor,slenor,women_westernwear,1724.0,68.0,2499.0,775.0,,Striped Women Jumpsuit,68.99
Texco,texco,women_westernwear,730.0,56.0,1299.0,569.0,,Casual No Sleeve Solid Women Black Top,56.2
Puma,puma,women_westernwear,305.0,23.0,1299.0,994.0,,Solid Women Black Sports Shorts,23.48
Purple Feather,purple feather,women_westernwear,600.0,60.0,999.0,399.0,,Casual Sleeveless Solid Women Black Top,60.06
Jockey,jockey,women_westernwear,0.0,0.0,204.0,204.0,,Casual Sleeveless Solid Women Grey Top,0.0
Broadstar,broadstar,women_westernwear,1300.0,65.0,1999.0,699.0,,"Printed Women Round Neck Grey, Yellow T-Shirt",65.03
Sheetal Associates,sheetal associates,women_westernwear,500.0,50.0,999.0,499.0,,Women Maxi Purple Dress,50.05
Neha,neha,women_westernwear,894.0,71.0,1249.0,355.0,,Jogger Fit Women Dark Blue Jeans,71.58
Viral Trend,viral trend,women_westernwear,740.0,74.0,999.0,259.0,,"Solid Women Round Neck Blue, Black T-Shirt",74.07
Eazy Trendz,eazy trendz,women_westernwear,710.0,71.0,999.0,289.0,,Striped Women Black Tights,71.07
fabstone collection,fabstone collection,women_westernwear,342.0,52.0,649.0,307.0,,Color Block Women Hooded Neck Light Green T-Shirt,52.7
BuyNewTrend,buynewtrend,women_westernwear,1000.0,66.0,1499.0,499.0,,Full Sleeve Washed Women Denim Jacket,66.71
,,women_westernwear,650.0,50.0,1299.0,649.0,,DHARMEE Poly Silk Embroidered Suit Fabric,50.04
PURVAJA,purvaja,women_westernwear,1550.0,81.0,1899.0,349.0,,Women Fit and Flare Multicolor Dress,81.62
Rangun,rangun,women_westernwear,642.0,64.0,999.0,357.0,,"Women Maxi White, Black Dress",64.26
Lady Stark,lady stark,women_westernwear,2001.0,71.0,2799.0,798.0,,Women Maxi Red Dress,71.49
DELMY,delmy,women_westernwear,782.0,52.0,1499.0,717.0,,Slim Women Black Jeans,52.17
TOKYO TALKIES,tokyo talkies,women_westernwear,1044.0,58.0,1799.0,755.0,,Women A-line Light Blue Dress,58.03
The Dry State,the dry state,women_westernwear,1370.0,68.0,1999.0,629.0,,Color Block Women Round Neck Multicolor T-Shirt,68.53
VIVINKS,vivinks,women_westernwear,900.0,75.0,1199.0,299.0,,"Solid Women Round Neck Dark Blue, Yellow T-Shirt",75.06
Rangun,rangun,women_westernwear,642.0,64.0,999.0,357.0,,Women Maxi Black Dress,64.26
BuyNewTrend,buynewtrend,women_westernwear,1000.0,71.0,1399.0,399.0,,"Casual Bell Sleeve Solid, Lace Women Black Top",71.48
DARZI,darzi,women_westernwear,800.0,66.0,1199.0,399.0,,Casual Bell Sleeve Floral Print Women White Top,66.72
Only,only,women_westernwear,385.0,55.0,699.0,314.0,,Printed Women Round Neck Grey T-Shirt,55.08
ILLI LONDON,illi london,women_westernwear,1000.0,58.0,1699.0,699.0,,Women Shift Black Dress,58.86
Harpa,harpa,women_westernwear,1155.0,55.0,2099.0,944.0,,Women Maxi Pink Dress,55.03
Jaipur Kurti,jaipur kurti,women_westernwear,700.0,58.0,1199.0,499.0,,Regular Fit Women Maroon Cotton Blend Trousers,58.38
Jaipur Kurti,jaipur kurti,women_westernwear,1240.0,65.0,1899.0,659.0,,Women A-line Brown Dress,65.3
My Swag,my swag,women_westernwear,693.0,58.0,1187.0,494.0,,Women A-line Black Dress,58.38
Fab Star,fab star,women_westernwear,1200.0,80.0,1499.0,299.0,,Casual Bell Sleeve Solid Women Brown Top,80.05
Young Trendz,young trendz,women_westernwear,1031.0,59.0,1729.0,698.0,,"Self Design, Solid Women Round Neck Blue, Black, Grey T...",59.63
DMP FASHION,dmp fashion,women_westernwear,700.0,70.0,999.0,299.0,,Casual 3/4 Sleeve Printed Women Light Blue Top,70.07
FLEXIMAA,fleximaa,women_westernwear,142.0,40.0,349.0,207.0,,Solid Women V-neck Purple T-Shirt,40.69
Oomph!,oomph!,women_westernwear,1031.0,77.0,1330.0,299.0,,Casual Butterfly Sleeve Solid Women Purple Top,77.52
Greenwich,greenwich,women_westernwear,150.0,23.0,649.0,499.0,,Women Dark Blue Capri,23.11
GOD BLESS,god bless,women_westernwear,950.0,63.0,1499.0,549.0,,Solid Women Tunic,63.38
Aawari,aawari,women_westernwear,490.0,49.0,999.0,509.0,,Regular Fit Women Red Rayon Trousers,49.05
Selvia,selvia,women_westernwear,931.0,70.0,1330.0,399.0,,"Casual Cold Shoulder, Shoulder Strap Floral Print Women...",70.0
